order_id,date,month,product_line,channel,units,revenue,returned
100001,2025-01-21,2025-01,Sports & Outdoors,Mobile App,2,56.45,False
100002,2025-01-23,2025-01,Beauty,Website,3,71.55,False
100003,2025-01-06,2025-01,Home & Garden,Mobile App,3,251.34,False
100004,2025-01-03,2025-01,Apparel,Mobile App,2,94.32,False
100005,2025-01-22,2025-01,Sports & Outdoors,Marketplace,2,151.32,False
100006,2025-01-12,2025-01,Apparel,Website,2,110.48,False
100007,2025-01-12,2025-01,Electronics,Website,3,601.72,False
100008,2025-01-15,2025-01,Electronics,Website,1,202.57,False
100009,2025-01-05,2025-01,Beauty,Website,3,78.24,False
100010,2025-01-27,2025-01,Electronics,Mobile App,2,355.83,False
100011,2025-01-25,2025-01,Beauty,Mobile App,1,16.66,False
100012,2025-01-18,2025-01,Home & Garden,Website,2,219.35,False
100013,2025-01-21,2025-01,Home & Garden,Mobile App,2,152.2,False
100014,2025-01-03,2025-01,Electronics,Website,2,276.6,False
100015,2025-01-09,2025-01,Sports & Outdoors,Website,2,120.72,False
100016,2025-01-29,2025-01,Home & Garden,Mobile App,1,76.0,False
100017,2025-01-13,2025-01,Beauty,Website,2,59.36,False
100018,2025-01-24,2025-01,Electronics,Website,3,497.16,False
100019,2025-01-16,2025-01,Electronics,Website,3,421.66,False
100020,2025-01-19,2025-01,Apparel,Website,2,62.49,False
100021,2025-01-16,2025-01,Apparel,Marketplace,3,126.04,False
100022,2025-01-25,2025-01,Electronics,Website,2,290.84,False
100023,2025-01-22,2025-01,Electronics,Mobile App,1,130.69,False
100024,2025-01-01,2025-01,Beauty,Website,3,102.78,False
100025,2025-01-03,2025-01,Apparel,Website,2,103.39,False
100026,2025-01-06,2025-01,Apparel,Website,1,28.03,False
100027,2025-01-10,2025-01,Home & Garden,Website,3,264.02,True
100028,2025-01-05,2025-01,Electronics,Mobile App,3,640.21,False
100029,2025-01-21,2025-01,Sports & Outdoors,Mobile App,2,45.17,False
100030,2025-01-30,2025-01,Home & Garden,Website,1,68.45,False
100031,2025-01-01,2025-01,Apparel,Mobile App,3,59.6,False
100032,2025-01-04,2025-01,Home & Garden,Mobile App,1,75.28,False
100033,2025-01-20,2025-01,Apparel,Website,3,107.45,False
100034,2025-01-10,2025-01,Beauty,Website,3,135.26,False
100035,2025-01-20,2025-01,Apparel,Marketplace,2,110.99,True
100036,2025-01-10,2025-01,Sports & Outdoors,Marketplace,2,276.38,False
100037,2025-01-07,2025-01,Home & Garden,Website,3,232.59,False
100038,2025-01-13,2025-01,Apparel,Mobile App,2,102.16,False
100039,2025-01-30,2025-01,Apparel,Mobile App,1,44.98,False
100040,2025-01-12,2025-01,Sports & Outdoors,Website,2,122.26,False
100041,2025-01-10,2025-01,Electronics,Website,3,553.48,False
100042,2025-01-09,2025-01,Home & Garden,Website,1,70.77,False
100043,2025-01-24,2025-01,Apparel,Mobile App,2,126.77,False
100044,2025-01-26,2025-01,Apparel,Marketplace,1,39.87,False
100045,2025-01-05,2025-01,Home & Garden,Marketplace,2,136.21,False
100046,2025-01-16,2025-01,Home & Garden,Mobile App,1,44.67,False
100047,2025-01-24,2025-01,Sports & Outdoors,Mobile App,2,124.84,False
100048,2025-01-14,2025-01,Beauty,Website,2,96.7,False
100049,2025-01-08,2025-01,Apparel,Website,3,90.45,False
100050,2025-01-24,2025-01,Electronics,Website,2,459.81,False
100051,2025-01-30,2025-01,Electronics,Website,3,271.95,False
100052,2025-01-27,2025-01,Apparel,Website,3,125.44,False
100053,2025-01-06,2025-01,Electronics,Website,3,629.67,False
100054,2025-01-05,2025-01,Apparel,Website,1,44.0,True
100055,2025-01-07,2025-01,Apparel,Mobile App,1,65.01,False
100056,2025-01-26,2025-01,Electronics,Mobile App,1,123.33,True
100057,2025-01-16,2025-01,Apparel,Website,1,74.43,False
100058,2025-01-09,2025-01,Electronics,Website,1,100.76,False
100059,2025-01-04,2025-01,Sports & Outdoors,Website,1,117.89,False
100060,2025-01-08,2025-01,Beauty,Mobile App,3,103.87,False
100061,2025-01-23,2025-01,Home & Garden,Website,1,109.08,False
100062,2025-01-25,2025-01,Home & Garden,Website,2,125.26,False
100063,2025-01-06,2025-01,Apparel,Website,2,125.02,False
100064,2025-01-14,2025-01,Home & Garden,Website,2,209.52,False
100065,2025-01-27,2025-01,Electronics,Website,2,531.42,False
100066,2025-01-07,2025-01,Home & Garden,Mobile App,3,163.27,False
100067,2025-01-02,2025-01,Beauty,Mobile App,1,34.84,False
100068,2025-01-20,2025-01,Beauty,Website,1,15.29,False
100069,2025-01-30,2025-01,Beauty,Mobile App,3,124.76,False
100070,2025-01-29,2025-01,Apparel,Mobile App,3,110.17,False
100071,2025-01-06,2025-01,Home & Garden,Mobile App,1,14.26,False
100072,2025-01-23,2025-01,Beauty,Website,3,28.34,False
100073,2025-01-27,2025-01,Apparel,Website,1,54.19,False
100074,2025-01-29,2025-01,Home & Garden,Website,3,233.61,False
100075,2025-01-20,2025-01,Electronics,Website,1,156.19,False
100076,2025-01-03,2025-01,Electronics,Website,3,751.66,False
100077,2025-01-30,2025-01,Beauty,Website,3,102.41,False
100078,2025-01-01,2025-01,Sports & Outdoors,Website,3,484.52,False
100079,2025-01-04,2025-01,Home & Garden,Mobile App,1,74.72,False
100080,2025-01-23,2025-01,Electronics,Website,3,357.42,False
100081,2025-01-16,2025-01,Beauty,Website,3,24.0,False
100082,2025-01-22,2025-01,Beauty,Website,1,35.65,False
100083,2025-01-22,2025-01,Apparel,Website,3,134.95,False
100084,2025-01-26,2025-01,Sports & Outdoors,Mobile App,1,80.72,True
100085,2025-01-05,2025-01,Home & Garden,Mobile App,1,34.65,False
100086,2025-01-08,2025-01,Beauty,Marketplace,1,36.35,False
100087,2025-01-26,2025-01,Apparel,Website,3,212.22,False
100088,2025-01-03,2025-01,Apparel,Mobile App,3,99.24,False
100089,2025-01-04,2025-01,Sports & Outdoors,Mobile App,3,303.71,False
100090,2025-01-01,2025-01,Sports & Outdoors,Mobile App,1,117.92,False
100091,2025-01-24,2025-01,Sports & Outdoors,Website,1,102.33,False
100092,2025-01-28,2025-01,Apparel,Marketplace,2,84.48,False
100093,2025-01-17,2025-01,Home & Garden,Marketplace,3,244.98,False
100094,2025-01-22,2025-01,Electronics,Website,2,338.01,False
100095,2025-01-03,2025-01,Electronics,Mobile App,1,163.51,False
100096,2025-01-05,2025-01,Apparel,Mobile App,2,58.46,True
100097,2025-01-10,2025-01,Electronics,Website,2,218.88,False
100098,2025-01-19,2025-01,Home & Garden,Mobile App,3,262.81,False
100099,2025-01-11,2025-01,Electronics,Mobile App,2,630.03,False
100100,2025-01-26,2025-01,Sports & Outdoors,Marketplace,3,261.69,False
100101,2025-01-09,2025-01,Electronics,Mobile App,3,610.31,False
100102,2025-01-26,2025-01,Electronics,Website,1,147.17,False
100103,2025-01-03,2025-01,Apparel,Mobile App,3,68.65,False
100104,2025-01-22,2025-01,Home & Garden,Website,1,8.0,False
100105,2025-01-03,2025-01,Beauty,Website,3,118.6,False
100106,2025-01-24,2025-01,Home & Garden,Website,2,183.86,False
100107,2025-01-15,2025-01,Apparel,Mobile App,1,75.37,False
100108,2025-01-07,2025-01,Sports & Outdoors,Website,3,398.19,False
100109,2025-01-11,2025-01,Beauty,Website,1,52.62,False
100110,2025-01-10,2025-01,Sports & Outdoors,Website,1,40.23,False
100111,2025-01-07,2025-01,Home & Garden,Website,2,104.36,False
100112,2025-01-27,2025-01,Home & Garden,Mobile App,3,196.84,False
100113,2025-01-20,2025-01,Electronics,Website,1,203.27,False
100114,2025-01-11,2025-01,Beauty,Mobile App,2,65.93,False
100115,2025-01-10,2025-01,Sports & Outdoors,Website,2,122.63,False
100116,2025-01-31,2025-01,Home & Garden,Website,3,284.05,False
100117,2025-01-09,2025-01,Sports & Outdoors,Website,1,94.86,False
100118,2025-01-18,2025-01,Electronics,Mobile App,1,175.96,False
100119,2025-01-25,2025-01,Electronics,Mobile App,2,371.98,False
100120,2025-01-09,2025-01,Beauty,Mobile App,3,127.5,False
100121,2025-01-26,2025-01,Home & Garden,Mobile App,2,225.2,False
100122,2025-01-05,2025-01,Beauty,Mobile App,1,28.96,False
100123,2025-01-10,2025-01,Beauty,Website,1,43.67,False
100124,2025-01-11,2025-01,Electronics,Mobile App,3,715.8,False
100125,2025-01-17,2025-01,Sports & Outdoors,Mobile App,3,308.87,False
100126,2025-01-30,2025-01,Apparel,Mobile App,1,24.08,False
100127,2025-01-01,2025-01,Beauty,Mobile App,3,110.63,False
100128,2025-01-04,2025-01,Sports & Outdoors,Website,2,194.75,False
100129,2025-01-17,2025-01,Electronics,Marketplace,1,243.69,False
100130,2025-01-13,2025-01,Electronics,Mobile App,3,424.79,False
100131,2025-01-14,2025-01,Electronics,Marketplace,2,201.4,False
100132,2025-01-21,2025-01,Beauty,Mobile App,2,116.85,False
100133,2025-01-25,2025-01,Apparel,Mobile App,2,37.85,False
100134,2025-01-16,2025-01,Electronics,Website,3,783.96,False
100135,2025-01-11,2025-01,Apparel,Website,1,50.98,False
100136,2025-01-14,2025-01,Sports & Outdoors,Mobile App,2,121.78,False
100137,2025-01-11,2025-01,Apparel,Website,3,168.3,False
100138,2025-01-31,2025-01,Home & Garden,Mobile App,3,162.03,False
100139,2025-01-10,2025-01,Apparel,Mobile App,1,54.47,False
100140,2025-01-08,2025-01,Beauty,Website,3,124.32,False
100141,2025-01-19,2025-01,Beauty,Marketplace,3,86.46,False
100142,2025-01-06,2025-01,Apparel,Mobile App,2,81.73,False
100143,2025-01-29,2025-01,Apparel,Marketplace,2,68.22,True
100144,2025-01-02,2025-01,Apparel,Website,1,44.62,False
100145,2025-01-02,2025-01,Apparel,Website,1,65.63,False
100146,2025-01-14,2025-01,Electronics,Website,1,202.39,True
100147,2025-01-09,2025-01,Sports & Outdoors,Website,1,82.44,False
100148,2025-01-01,2025-01,Electronics,Mobile App,1,105.96,False
100149,2025-01-08,2025-01,Apparel,Website,1,32.5,False
100150,2025-01-24,2025-01,Sports & Outdoors,Website,1,54.13,False
100151,2025-01-06,2025-01,Apparel,Website,1,52.67,True
100152,2025-01-29,2025-01,Apparel,Website,1,10.25,False
100153,2025-01-03,2025-01,Home & Garden,Mobile App,2,148.99,False
100154,2025-01-17,2025-01,Apparel,Mobile App,2,65.99,False
100155,2025-01-08,2025-01,Electronics,Mobile App,3,804.28,False
100156,2025-01-23,2025-01,Electronics,Mobile App,3,571.67,False
100157,2025-01-16,2025-01,Electronics,Website,2,369.36,False
100158,2025-01-12,2025-01,Apparel,Mobile App,1,76.25,False
100159,2025-01-26,2025-01,Sports & Outdoors,Mobile App,1,89.38,False
100160,2025-01-21,2025-01,Apparel,Website,3,78.35,True
100161,2025-01-29,2025-01,Sports & Outdoors,Mobile App,1,89.36,False
100162,2025-01-03,2025-01,Home & Garden,Mobile App,3,204.58,True
100163,2025-01-14,2025-01,Electronics,Mobile App,2,123.64,True
100164,2025-01-02,2025-01,Apparel,Mobile App,2,97.31,False
100165,2025-01-06,2025-01,Electronics,Mobile App,2,478.69,False
100166,2025-01-09,2025-01,Sports & Outdoors,Website,3,287.3,True
100167,2025-01-02,2025-01,Home & Garden,Website,3,168.52,False
100168,2025-01-21,2025-01,Home & Garden,Website,2,86.57,False
100169,2025-01-22,2025-01,Sports & Outdoors,Marketplace,1,52.8,False
100170,2025-01-28,2025-01,Sports & Outdoors,Website,3,256.01,False
100171,2025-01-21,2025-01,Beauty,Mobile App,3,61.74,False
100172,2025-01-22,2025-01,Beauty,Website,3,152.96,False
100173,2025-01-15,2025-01,Sports & Outdoors,Website,1,143.63,False
100174,2025-01-20,2025-01,Electronics,Mobile App,2,428.32,False
100175,2025-01-01,2025-01,Sports & Outdoors,Website,2,234.61,False
100176,2025-01-12,2025-01,Apparel,Website,2,110.28,False
100177,2025-01-01,2025-01,Apparel,Website,3,141.06,False
100178,2025-01-11,2025-01,Apparel,Website,1,41.16,False
100179,2025-01-15,2025-01,Apparel,Website,1,60.17,False
100180,2025-01-21,2025-01,Apparel,Website,2,88.58,False
100181,2025-01-10,2025-01,Sports & Outdoors,Marketplace,3,163.17,False
100182,2025-01-19,2025-01,Apparel,Website,1,40.75,False
100183,2025-01-26,2025-01,Home & Garden,Website,3,185.13,False
100184,2025-01-15,2025-01,Sports & Outdoors,Mobile App,1,62.14,False
100185,2025-01-27,2025-01,Electronics,Mobile App,2,312.97,False
100186,2025-01-19,2025-01,Apparel,Marketplace,3,79.64,False
100187,2025-01-06,2025-01,Apparel,Website,3,172.0,False
100188,2025-01-28,2025-01,Sports & Outdoors,Mobile App,3,177.02,False
100189,2025-01-23,2025-01,Apparel,Website,1,33.43,False
100190,2025-01-01,2025-01,Home & Garden,Website,3,203.17,False
100191,2025-01-26,2025-01,Apparel,Website,2,111.06,False
100192,2025-01-26,2025-01,Apparel,Mobile App,3,86.0,False
100193,2025-01-28,2025-01,Apparel,Marketplace,1,62.89,False
100194,2025-01-03,2025-01,Electronics,Website,2,368.79,False
100195,2025-01-05,2025-01,Beauty,Website,3,118.13,False
100196,2025-01-22,2025-01,Apparel,Website,2,79.74,False
100197,2025-01-02,2025-01,Beauty,Website,3,106.68,False
100198,2025-01-09,2025-01,Apparel,Marketplace,2,87.4,False
100199,2025-01-13,2025-01,Apparel,Website,2,92.43,False
100200,2025-01-05,2025-01,Electronics,Mobile App,3,686.39,False
100201,2025-01-21,2025-01,Electronics,Marketplace,2,153.2,False
100202,2025-01-03,2025-01,Beauty,Website,3,51.87,False
100203,2025-01-24,2025-01,Sports & Outdoors,Website,3,221.88,False
100204,2025-01-12,2025-01,Electronics,Mobile App,3,475.99,False
100205,2025-01-05,2025-01,Electronics,Marketplace,3,637.72,False
100206,2025-01-13,2025-01,Electronics,Website,2,330.35,False
100207,2025-01-11,2025-01,Home & Garden,Mobile App,3,244.64,False
100208,2025-01-25,2025-01,Beauty,Mobile App,1,21.56,False
100209,2025-01-06,2025-01,Electronics,Website,1,200.79,False
100210,2025-01-29,2025-01,Apparel,Website,3,37.76,False
100211,2025-01-19,2025-01,Apparel,Mobile App,2,131.13,False
100212,2025-01-17,2025-01,Home & Garden,Website,2,117.39,False
100213,2025-01-30,2025-01,Electronics,Marketplace,2,408.24,False
100214,2025-01-27,2025-01,Electronics,Mobile App,2,241.95,False
100215,2025-01-13,2025-01,Sports & Outdoors,Mobile App,3,307.89,False
100216,2025-01-31,2025-01,Beauty,Website,3,52.83,False
100217,2025-01-19,2025-01,Electronics,Website,2,381.37,False
100218,2025-01-09,2025-01,Beauty,Mobile App,1,26.33,True
100219,2025-01-02,2025-01,Beauty,Mobile App,2,66.16,False
100220,2025-01-19,2025-01,Electronics,Marketplace,1,112.28,False
100221,2025-01-01,2025-01,Home & Garden,Marketplace,2,216.34,False
100222,2025-01-30,2025-01,Beauty,Website,1,35.31,False
100223,2025-01-15,2025-01,Beauty,Website,1,30.71,False
100224,2025-01-08,2025-01,Home & Garden,Mobile App,2,110.93,False
100225,2025-01-01,2025-01,Apparel,Mobile App,2,128.72,False
100226,2025-01-10,2025-01,Electronics,Website,2,390.02,False
100227,2025-01-11,2025-01,Beauty,Mobile App,3,148.54,False
100228,2025-01-08,2025-01,Beauty,Website,3,93.42,False
100229,2025-01-18,2025-01,Apparel,Website,3,161.74,False
100230,2025-01-16,2025-01,Apparel,Website,1,44.04,True
100231,2025-01-11,2025-01,Beauty,Website,2,62.2,False
100232,2025-01-09,2025-01,Home & Garden,Mobile App,3,320.46,False
100233,2025-01-17,2025-01,Apparel,Mobile App,3,139.52,False
100234,2025-01-23,2025-01,Electronics,Website,2,267.26,False
100235,2025-01-30,2025-01,Apparel,Website,1,65.12,False
100236,2025-01-02,2025-01,Sports & Outdoors,Website,2,143.02,False
100237,2025-01-29,2025-01,Sports & Outdoors,Marketplace,2,25.31,False
100238,2025-01-20,2025-01,Home & Garden,Website,1,34.02,False
100239,2025-01-24,2025-01,Beauty,Mobile App,2,58.2,True
100240,2025-01-29,2025-01,Electronics,Website,2,214.75,False
100241,2025-01-04,2025-01,Home & Garden,Website,3,243.69,False
100242,2025-01-06,2025-01,Home & Garden,Mobile App,1,87.95,True
100243,2025-01-01,2025-01,Sports & Outdoors,Mobile App,1,108.09,False
100244,2025-01-03,2025-01,Electronics,Marketplace,2,416.64,False
100245,2025-01-15,2025-01,Apparel,Mobile App,2,145.89,False
100246,2025-01-13,2025-01,Electronics,Website,1,159.09,False
100247,2025-01-06,2025-01,Electronics,Website,1,296.76,False
100248,2025-01-29,2025-01,Apparel,Marketplace,2,72.02,False
100249,2025-01-24,2025-01,Apparel,Mobile App,1,27.92,False
100250,2025-01-30,2025-01,Beauty,Website,3,129.94,True
100251,2025-01-07,2025-01,Electronics,Marketplace,2,394.63,False
100252,2025-01-29,2025-01,Sports & Outdoors,Website,1,91.69,False
100253,2025-01-25,2025-01,Apparel,Website,2,116.77,False
100254,2025-01-25,2025-01,Home & Garden,Website,3,175.86,False
100255,2025-01-25,2025-01,Sports & Outdoors,Marketplace,2,167.31,False
100256,2025-01-09,2025-01,Home & Garden,Website,2,159.22,False
100257,2025-01-12,2025-01,Electronics,Website,1,265.46,False
100258,2025-01-16,2025-01,Electronics,Website,3,417.53,False
100259,2025-01-17,2025-01,Beauty,Marketplace,1,41.74,False
100260,2025-01-31,2025-01,Sports & Outdoors,Website,1,100.62,False
100261,2025-01-31,2025-01,Apparel,Mobile App,1,54.11,True
100262,2025-01-11,2025-01,Sports & Outdoors,Website,3,341.37,True
100263,2025-01-18,2025-01,Electronics,Mobile App,3,842.11,False
100264,2025-01-02,2025-01,Apparel,Mobile App,1,12.23,False
100265,2025-01-08,2025-01,Sports & Outdoors,Mobile App,3,158.83,False
100266,2025-01-30,2025-01,Electronics,Website,3,601.42,False
100267,2025-01-08,2025-01,Sports & Outdoors,Mobile App,2,254.81,False
100268,2025-01-04,2025-01,Apparel,Mobile App,2,73.32,False
100269,2025-01-22,2025-01,Sports & Outdoors,Website,1,100.71,False
100270,2025-01-14,2025-01,Apparel,Mobile App,3,142.88,False
100271,2025-01-05,2025-01,Electronics,Website,1,73.24,False
100272,2025-01-18,2025-01,Electronics,Website,1,215.62,False
100273,2025-01-07,2025-01,Sports & Outdoors,Website,3,328.48,False
100274,2025-01-28,2025-01,Electronics,Website,2,380.7,False
100275,2025-01-12,2025-01,Sports & Outdoors,Website,3,198.57,False
100276,2025-01-17,2025-01,Apparel,Marketplace,3,78.89,False
100277,2025-01-09,2025-01,Beauty,Website,1,29.52,False
100278,2025-01-28,2025-01,Electronics,Website,2,435.83,False
100279,2025-01-09,2025-01,Apparel,Website,1,29.07,False
100280,2025-01-21,2025-01,Beauty,Mobile App,3,131.6,False
100281,2025-01-12,2025-01,Apparel,Mobile App,3,172.03,False
100282,2025-01-30,2025-01,Sports & Outdoors,Mobile App,3,24.0,False
100283,2025-01-27,2025-01,Electronics,Website,2,474.23,False
100284,2025-01-18,2025-01,Electronics,Marketplace,3,750.96,True
100285,2025-01-10,2025-01,Apparel,Marketplace,1,58.12,False
100286,2025-01-21,2025-01,Sports & Outdoors,Website,3,236.72,False
100287,2025-01-29,2025-01,Apparel,Mobile App,1,52.3,False
100288,2025-01-21,2025-01,Apparel,Mobile App,2,170.92,False
100289,2025-01-20,2025-01,Electronics,Website,3,881.22,False
100290,2025-01-20,2025-01,Electronics,Mobile App,3,458.72,False
100291,2025-01-20,2025-01,Home & Garden,Mobile App,1,92.78,False
100292,2025-01-24,2025-01,Apparel,Marketplace,3,97.18,False
100293,2025-01-19,2025-01,Home & Garden,Website,2,121.82,False
100294,2025-01-04,2025-01,Electronics,Website,2,371.65,False
100295,2025-01-08,2025-01,Home & Garden,Website,1,130.61,False
100296,2025-01-16,2025-01,Electronics,Website,3,583.34,False
100297,2025-01-24,2025-01,Electronics,Mobile App,3,893.4,False
100298,2025-01-10,2025-01,Home & Garden,Mobile App,2,107.48,False
100299,2025-01-19,2025-01,Beauty,Website,2,37.38,False
100300,2025-01-17,2025-01,Beauty,Website,1,47.39,False
100301,2025-01-04,2025-01,Sports & Outdoors,Website,3,462.87,False
100302,2025-01-25,2025-01,Apparel,Website,1,57.46,False
100303,2025-01-23,2025-01,Beauty,Website,3,133.35,False
100304,2025-01-25,2025-01,Electronics,Website,1,163.69,False
100305,2025-01-26,2025-01,Apparel,Website,3,160.27,False
100306,2025-01-04,2025-01,Electronics,Mobile App,3,386.79,False
100307,2025-01-06,2025-01,Electronics,Website,1,43.31,False
100308,2025-01-06,2025-01,Electronics,Website,1,196.65,False
100309,2025-01-27,2025-01,Apparel,Mobile App,2,71.98,False
100310,2025-01-20,2025-01,Sports & Outdoors,Marketplace,2,16.0,False
100311,2025-01-26,2025-01,Beauty,Website,3,144.79,True
100312,2025-01-19,2025-01,Electronics,Website,2,365.73,False
100313,2025-01-20,2025-01,Apparel,Website,3,181.76,False
100314,2025-01-24,2025-01,Sports & Outdoors,Marketplace,3,345.49,False
100315,2025-01-24,2025-01,Home & Garden,Marketplace,1,27.13,False
100316,2025-01-20,2025-01,Apparel,Website,1,35.83,False
100317,2025-01-24,2025-01,Beauty,Mobile App,2,50.66,False
100318,2025-01-07,2025-01,Apparel,Marketplace,3,151.05,False
100319,2025-01-31,2025-01,Apparel,Website,3,85.36,False
100320,2025-01-01,2025-01,Electronics,Website,2,304.6,False
100321,2025-01-18,2025-01,Beauty,Website,2,68.7,False
100322,2025-01-12,2025-01,Apparel,Website,3,136.29,False
100323,2025-01-24,2025-01,Electronics,Mobile App,1,29.61,False
100324,2025-01-06,2025-01,Electronics,Website,1,83.57,False
100325,2025-01-23,2025-01,Sports & Outdoors,Website,3,296.98,False
100326,2025-01-03,2025-01,Beauty,Mobile App,1,47.48,False
100327,2025-01-05,2025-01,Apparel,Website,1,56.54,False
100328,2025-01-07,2025-01,Beauty,Website,3,92.99,False
100329,2025-01-09,2025-01,Sports & Outdoors,Website,1,179.78,False
100330,2025-01-20,2025-01,Apparel,Website,2,97.56,False
100331,2025-01-05,2025-01,Sports & Outdoors,Mobile App,1,15.98,False
100332,2025-01-17,2025-01,Sports & Outdoors,Website,1,63.12,False
100333,2025-01-19,2025-01,Beauty,Marketplace,1,12.99,False
100334,2025-01-02,2025-01,Home & Garden,Mobile App,3,254.03,False
100335,2025-01-20,2025-01,Apparel,Website,1,48.9,False
100336,2025-01-16,2025-01,Electronics,Mobile App,2,271.49,False
100337,2025-01-25,2025-01,Home & Garden,Website,3,97.52,False
100338,2025-01-15,2025-01,Beauty,Marketplace,3,187.21,False
100339,2025-01-12,2025-01,Electronics,Marketplace,2,249.59,False
100340,2025-01-20,2025-01,Electronics,Mobile App,3,479.53,False
100341,2025-01-15,2025-01,Electronics,Mobile App,3,215.19,False
100342,2025-01-10,2025-01,Beauty,Website,2,32.28,False
100343,2025-01-10,2025-01,Electronics,Website,2,403.94,False
100344,2025-01-24,2025-01,Electronics,Marketplace,1,134.11,False
100345,2025-01-17,2025-01,Sports & Outdoors,Mobile App,1,94.56,False
100346,2025-01-17,2025-01,Beauty,Website,2,26.64,True
100347,2025-01-11,2025-01,Beauty,Mobile App,3,24.0,False
100348,2025-01-04,2025-01,Electronics,Mobile App,2,448.38,False
100349,2025-01-26,2025-01,Electronics,Mobile App,3,475.39,False
100350,2025-01-06,2025-01,Sports & Outdoors,Website,3,323.66,False
100351,2025-01-05,2025-01,Apparel,Website,1,80.31,False
100352,2025-01-01,2025-01,Beauty,Mobile App,1,34.87,False
100353,2025-01-13,2025-01,Home & Garden,Website,3,106.99,False
100354,2025-01-22,2025-01,Electronics,Website,2,235.32,False
100355,2025-01-14,2025-01,Apparel,Mobile App,1,25.96,False
100356,2025-01-21,2025-01,Apparel,Mobile App,3,119.22,False
100357,2025-01-15,2025-01,Sports & Outdoors,Website,3,214.14,False
100358,2025-01-11,2025-01,Home & Garden,Mobile App,2,92.05,False
100359,2025-01-11,2025-01,Home & Garden,Mobile App,3,136.08,False
100360,2025-01-02,2025-01,Apparel,Website,2,65.16,False
100361,2025-01-24,2025-01,Beauty,Website,1,34.86,False
100362,2025-01-17,2025-01,Home & Garden,Marketplace,2,76.12,False
100363,2025-01-20,2025-01,Beauty,Website,2,70.27,False
100364,2025-01-16,2025-01,Electronics,Website,3,687.16,False
100365,2025-01-19,2025-01,Apparel,Website,1,47.87,False
100366,2025-01-12,2025-01,Beauty,Website,3,90.32,False
100367,2025-01-04,2025-01,Apparel,Mobile App,3,166.3,False
100368,2025-01-10,2025-01,Beauty,Website,2,79.35,False
100369,2025-01-05,2025-01,Beauty,Marketplace,3,31.53,False
100370,2025-01-11,2025-01,Apparel,Mobile App,1,59.16,False
100371,2025-01-04,2025-01,Home & Garden,Mobile App,2,182.77,False
100372,2025-01-12,2025-01,Beauty,Website,2,88.48,False
100373,2025-01-14,2025-01,Sports & Outdoors,Mobile App,3,272.36,False
100374,2025-01-20,2025-01,Home & Garden,Website,2,155.07,False
100375,2025-01-22,2025-01,Electronics,Website,3,496.9,False
100376,2025-01-17,2025-01,Electronics,Website,3,500.66,False
100377,2025-01-06,2025-01,Electronics,Website,1,178.36,False
100378,2025-01-22,2025-01,Apparel,Mobile App,1,45.17,False
100379,2025-01-04,2025-01,Home & Garden,Website,1,44.67,False
100380,2025-01-15,2025-01,Sports & Outdoors,Website,3,247.47,False
100381,2025-01-11,2025-01,Apparel,Website,2,77.12,False
100382,2025-01-07,2025-01,Sports & Outdoors,Website,2,223.47,False
100383,2025-01-24,2025-01,Apparel,Website,2,143.78,False
100384,2025-01-12,2025-01,Electronics,Mobile App,1,103.58,False
100385,2025-01-17,2025-01,Beauty,Website,3,74.04,False
100386,2025-01-22,2025-01,Apparel,Website,1,21.94,False
100387,2025-01-03,2025-01,Beauty,Marketplace,1,46.75,False
100388,2025-01-17,2025-01,Sports & Outdoors,Marketplace,1,90.01,False
100389,2025-01-23,2025-01,Sports & Outdoors,Marketplace,3,314.64,False
100390,2025-01-03,2025-01,Home & Garden,Mobile App,3,169.43,False
100391,2025-01-16,2025-01,Beauty,Website,1,46.22,False
100392,2025-01-17,2025-01,Electronics,Website,2,262.65,False
100393,2025-01-01,2025-01,Apparel,Website,2,82.44,False
100394,2025-01-17,2025-01,Apparel,Mobile App,3,142.32,False
100395,2025-01-25,2025-01,Home & Garden,Marketplace,1,74.39,False
100396,2025-01-20,2025-01,Apparel,Website,3,106.09,False
100397,2025-01-10,2025-01,Electronics,Mobile App,1,179.17,False
100398,2025-01-01,2025-01,Home & Garden,Mobile App,3,284.65,False
100399,2025-01-08,2025-01,Apparel,Marketplace,2,74.48,False
100400,2025-01-09,2025-01,Home & Garden,Website,1,78.01,False
100401,2025-01-07,2025-01,Electronics,Website,2,294.58,True
100402,2025-01-22,2025-01,Electronics,Mobile App,2,111.34,True
100403,2025-01-15,2025-01,Electronics,Website,1,132.63,False
100404,2025-01-27,2025-01,Home & Garden,Website,2,154.0,False
100405,2025-01-27,2025-01,Apparel,Mobile App,2,114.32,True
100406,2025-01-31,2025-01,Beauty,Website,2,75.23,False
100407,2025-01-09,2025-01,Sports & Outdoors,Website,3,204.77,False
100408,2025-01-17,2025-01,Electronics,Marketplace,1,159.56,False
100409,2025-01-04,2025-01,Electronics,Website,3,802.9,False
100410,2025-01-01,2025-01,Apparel,Marketplace,1,50.68,False
100411,2025-01-02,2025-01,Electronics,Marketplace,1,165.85,False
100412,2025-01-31,2025-01,Electronics,Mobile App,1,80.0,False
100413,2025-01-13,2025-01,Electronics,Website,3,721.65,False
100414,2025-01-22,2025-01,Apparel,Website,1,60.38,False
100415,2025-01-15,2025-01,Home & Garden,Website,1,95.25,False
100416,2025-01-10,2025-01,Electronics,Website,3,322.73,False
100417,2025-01-09,2025-01,Sports & Outdoors,Website,1,112.89,False
100418,2025-01-18,2025-01,Apparel,Mobile App,1,48.9,False
100419,2025-01-29,2025-01,Home & Garden,Mobile App,3,133.38,False
100420,2025-01-16,2025-01,Apparel,Website,2,85.62,False
100421,2025-01-14,2025-01,Apparel,Marketplace,2,89.41,True
100422,2025-01-30,2025-01,Apparel,Website,1,48.95,False
100423,2025-01-29,2025-01,Electronics,Website,2,224.3,False
100424,2025-01-19,2025-01,Apparel,Mobile App,1,65.18,False
100425,2025-01-02,2025-01,Home & Garden,Website,2,167.58,False
100426,2025-01-23,2025-01,Sports & Outdoors,Website,3,275.84,False
100427,2025-01-24,2025-01,Sports & Outdoors,Website,1,137.08,False
100428,2025-01-02,2025-01,Home & Garden,Website,1,64.95,False
100429,2025-01-25,2025-01,Sports & Outdoors,Website,2,191.17,False
100430,2025-01-27,2025-01,Electronics,Website,1,193.26,False
100431,2025-01-02,2025-01,Electronics,Marketplace,3,628.84,False
100432,2025-01-23,2025-01,Electronics,Website,2,326.76,False
100433,2025-01-24,2025-01,Home & Garden,Website,2,197.85,False
100434,2025-01-21,2025-01,Beauty,Marketplace,3,73.48,False
100435,2025-01-29,2025-01,Apparel,Mobile App,2,138.31,False
100436,2025-01-06,2025-01,Apparel,Mobile App,3,107.74,True
100437,2025-01-11,2025-01,Beauty,Website,2,71.03,False
100438,2025-01-03,2025-01,Apparel,Marketplace,2,103.54,False
100439,2025-01-09,2025-01,Home & Garden,Mobile App,1,53.25,False
100440,2025-01-23,2025-01,Sports & Outdoors,Website,1,129.53,False
100441,2025-01-24,2025-01,Apparel,Website,3,57.86,False
100442,2025-01-11,2025-01,Electronics,Website,1,147.7,False
100443,2025-01-18,2025-01,Apparel,Mobile App,3,169.59,True
100444,2025-01-04,2025-01,Electronics,Mobile App,2,114.88,False
100445,2025-01-28,2025-01,Sports & Outdoors,Website,3,223.23,False
100446,2025-01-27,2025-01,Electronics,Website,2,214.6,False
100447,2025-01-21,2025-01,Apparel,Website,2,96.47,False
100448,2025-01-08,2025-01,Home & Garden,Mobile App,2,148.58,False
100449,2025-01-09,2025-01,Home & Garden,Marketplace,3,249.09,True
100450,2025-01-23,2025-01,Beauty,Marketplace,2,98.74,False
100451,2025-01-14,2025-01,Apparel,Mobile App,2,92.7,False
100452,2025-01-26,2025-01,Home & Garden,Mobile App,3,222.5,False
100453,2025-01-17,2025-01,Apparel,Mobile App,3,173.2,False
100454,2025-01-24,2025-01,Electronics,Website,2,181.36,False
100455,2025-01-10,2025-01,Apparel,Marketplace,1,46.48,False
100456,2025-01-09,2025-01,Sports & Outdoors,Mobile App,1,45.59,False
100457,2025-01-19,2025-01,Apparel,Mobile App,1,35.49,True
100458,2025-01-30,2025-01,Sports & Outdoors,Mobile App,3,330.09,False
100459,2025-01-28,2025-01,Electronics,Website,2,358.49,False
100460,2025-01-20,2025-01,Sports & Outdoors,Website,3,279.92,False
100461,2025-01-24,2025-01,Electronics,Website,2,305.25,False
100462,2025-01-20,2025-01,Apparel,Website,3,175.82,False
100463,2025-01-10,2025-01,Sports & Outdoors,Website,1,147.75,False
100464,2025-01-14,2025-01,Home & Garden,Website,2,199.69,False
100465,2025-01-23,2025-01,Home & Garden,Mobile App,2,258.78,False
100466,2025-01-21,2025-01,Apparel,Website,1,68.21,False
100467,2025-01-01,2025-01,Apparel,Mobile App,3,106.2,False
100468,2025-01-10,2025-01,Apparel,Mobile App,1,8.0,False
100469,2025-01-24,2025-01,Beauty,Website,2,68.32,False
100470,2025-01-13,2025-01,Beauty,Website,1,50.29,False
100471,2025-01-04,2025-01,Home & Garden,Website,2,164.41,False
100472,2025-01-11,2025-01,Electronics,Website,2,461.7,False
100473,2025-01-27,2025-01,Apparel,Mobile App,2,145.39,False
100474,2025-01-15,2025-01,Beauty,Website,3,111.31,True
100475,2025-01-04,2025-01,Beauty,Marketplace,1,43.93,False
100476,2025-01-04,2025-01,Home & Garden,Mobile App,1,20.22,True
100477,2025-01-10,2025-01,Sports & Outdoors,Website,2,134.9,False
100478,2025-01-13,2025-01,Home & Garden,Mobile App,2,142.12,False
100479,2025-01-13,2025-01,Apparel,Mobile App,3,160.33,False
100480,2025-01-17,2025-01,Home & Garden,Marketplace,3,189.37,False
100481,2025-01-29,2025-01,Apparel,Website,2,82.97,False
100482,2025-01-27,2025-01,Apparel,Website,3,138.22,False
100483,2025-01-05,2025-01,Beauty,Website,3,77.04,False
100484,2025-01-09,2025-01,Beauty,Mobile App,3,47.28,False
100485,2025-01-29,2025-01,Sports & Outdoors,Mobile App,3,329.48,False
100486,2025-01-21,2025-01,Sports & Outdoors,Website,3,111.88,False
100487,2025-01-11,2025-01,Home & Garden,Website,2,134.76,False
100488,2025-01-24,2025-01,Home & Garden,Mobile App,2,158.17,False
100489,2025-01-25,2025-01,Home & Garden,Mobile App,2,60.97,False
100490,2025-01-27,2025-01,Sports & Outdoors,Mobile App,2,121.87,False
100491,2025-01-06,2025-01,Beauty,Mobile App,1,50.15,False
100492,2025-01-10,2025-01,Electronics,Mobile App,2,115.03,False
100493,2025-01-09,2025-01,Apparel,Website,2,134.1,False
100494,2025-01-29,2025-01,Electronics,Website,3,231.28,False
100495,2025-01-02,2025-01,Electronics,Mobile App,3,329.02,False
100496,2025-01-29,2025-01,Sports & Outdoors,Website,2,240.02,False
100497,2025-01-29,2025-01,Home & Garden,Mobile App,3,271.92,False
100498,2025-01-22,2025-01,Apparel,Mobile App,2,121.84,False
100499,2025-01-23,2025-01,Apparel,Marketplace,1,34.1,False
100500,2025-01-25,2025-01,Electronics,Website,2,117.2,False
100501,2025-01-22,2025-01,Beauty,Website,1,19.85,False
100502,2025-01-31,2025-01,Apparel,Mobile App,1,59.12,False
100503,2025-01-10,2025-01,Apparel,Marketplace,3,173.44,False
100504,2025-01-08,2025-01,Home & Garden,Mobile App,2,182.41,True
100505,2025-01-02,2025-01,Home & Garden,Mobile App,3,213.29,True
100506,2025-01-26,2025-01,Electronics,Website,2,489.13,False
100507,2025-01-05,2025-01,Electronics,Marketplace,2,248.95,False
100508,2025-01-30,2025-01,Home & Garden,Website,1,68.92,False
100509,2025-01-11,2025-01,Beauty,Website,1,36.96,False
100510,2025-01-28,2025-01,Home & Garden,Mobile App,1,110.35,False
100511,2025-01-21,2025-01,Electronics,Website,2,527.13,False
100512,2025-01-03,2025-01,Apparel,Mobile App,3,144.55,False
100513,2025-01-12,2025-01,Home & Garden,Mobile App,2,233.83,False
100514,2025-01-05,2025-01,Apparel,Mobile App,3,239.41,False
100515,2025-01-11,2025-01,Electronics,Website,1,133.7,False
100516,2025-01-03,2025-01,Beauty,Marketplace,2,63.84,False
100517,2025-01-26,2025-01,Sports & Outdoors,Website,1,108.14,False
100518,2025-01-18,2025-01,Electronics,Mobile App,3,631.43,False
100519,2025-01-16,2025-01,Apparel,Mobile App,1,18.85,False
100520,2025-01-02,2025-01,Sports & Outdoors,Mobile App,2,48.1,False
100521,2025-01-03,2025-01,Electronics,Website,1,247.87,False
100522,2025-01-29,2025-01,Sports & Outdoors,Marketplace,3,424.22,False
100523,2025-01-28,2025-01,Electronics,Mobile App,2,120.99,False
100524,2025-01-21,2025-01,Apparel,Website,1,51.07,False
100525,2025-01-22,2025-01,Electronics,Website,2,476.26,False
100526,2025-01-12,2025-01,Beauty,Mobile App,1,38.04,False
100527,2025-01-09,2025-01,Sports & Outdoors,Mobile App,1,98.64,False
100528,2025-02-02,2025-02,Electronics,Mobile App,3,216.38,False
100529,2025-02-26,2025-02,Electronics,Mobile App,3,674.88,False
100530,2025-02-09,2025-02,Electronics,Website,3,699.25,False
100531,2025-02-16,2025-02,Sports & Outdoors,Website,3,142.63,False
100532,2025-02-09,2025-02,Electronics,Website,2,115.54,False
100533,2025-02-07,2025-02,Electronics,Mobile App,2,521.43,False
100534,2025-02-19,2025-02,Sports & Outdoors,Website,3,215.41,False
100535,2025-02-22,2025-02,Apparel,Mobile App,3,141.86,False
100536,2025-02-05,2025-02,Electronics,Mobile App,3,692.54,False
100537,2025-02-06,2025-02,Beauty,Website,1,31.45,False
100538,2025-02-24,2025-02,Home & Garden,Website,3,142.71,False
100539,2025-02-01,2025-02,Sports & Outdoors,Website,2,146.0,False
100540,2025-02-23,2025-02,Apparel,Website,3,152.19,False
100541,2025-02-27,2025-02,Electronics,Marketplace,1,180.49,False
100542,2025-02-15,2025-02,Beauty,Website,2,51.34,False
100543,2025-02-08,2025-02,Beauty,Website,3,87.74,False
100544,2025-02-26,2025-02,Electronics,Mobile App,1,247.93,False
100545,2025-02-17,2025-02,Apparel,Website,2,148.61,False
100546,2025-02-28,2025-02,Beauty,Website,1,31.36,False
100547,2025-02-14,2025-02,Apparel,Website,3,55.47,True
100548,2025-02-27,2025-02,Beauty,Mobile App,1,21.72,False
100549,2025-02-12,2025-02,Sports & Outdoors,Mobile App,3,313.28,False
100550,2025-02-13,2025-02,Sports & Outdoors,Website,2,108.72,False
100551,2025-02-17,2025-02,Electronics,Mobile App,3,564.35,False
100552,2025-02-08,2025-02,Beauty,Marketplace,1,42.41,False
100553,2025-02-17,2025-02,Home & Garden,Website,2,149.79,False
100554,2025-02-14,2025-02,Apparel,Mobile App,1,69.67,False
100555,2025-02-22,2025-02,Home & Garden,Website,3,147.6,False
100556,2025-02-16,2025-02,Apparel,Mobile App,3,78.38,False
100557,2025-02-03,2025-02,Home & Garden,Website,2,96.4,False
100558,2025-02-10,2025-02,Electronics,Website,3,607.19,False
100559,2025-02-08,2025-02,Electronics,Mobile App,1,225.41,False
100560,2025-02-01,2025-02,Sports & Outdoors,Mobile App,1,101.2,True
100561,2025-02-14,2025-02,Electronics,Mobile App,2,191.68,False
100562,2025-02-22,2025-02,Home & Garden,Website,1,54.5,False
100563,2025-02-27,2025-02,Electronics,Website,3,374.76,False
100564,2025-02-04,2025-02,Electronics,Website,1,220.89,False
100565,2025-02-10,2025-02,Home & Garden,Website,2,276.79,True
100566,2025-02-06,2025-02,Electronics,Website,3,755.66,False
100567,2025-02-11,2025-02,Apparel,Website,2,99.17,False
100568,2025-02-18,2025-02,Electronics,Mobile App,2,500.89,False
100569,2025-02-08,2025-02,Home & Garden,Website,3,267.08,False
100570,2025-02-20,2025-02,Electronics,Website,2,300.01,False
100571,2025-02-24,2025-02,Home & Garden,Marketplace,2,149.48,False
100572,2025-02-25,2025-02,Apparel,Website,2,76.86,False
100573,2025-02-04,2025-02,Electronics,Website,1,165.42,False
100574,2025-02-06,2025-02,Home & Garden,Website,1,93.25,False
100575,2025-02-12,2025-02,Sports & Outdoors,Website,1,89.29,False
100576,2025-02-25,2025-02,Home & Garden,Mobile App,3,404.54,False
100577,2025-02-11,2025-02,Apparel,Mobile App,3,168.86,False
100578,2025-02-13,2025-02,Apparel,Marketplace,3,147.8,False
100579,2025-02-09,2025-02,Apparel,Marketplace,3,110.5,False
100580,2025-02-25,2025-02,Home & Garden,Mobile App,1,96.59,False
100581,2025-02-24,2025-02,Sports & Outdoors,Website,1,63.4,False
100582,2025-02-16,2025-02,Apparel,Mobile App,1,33.05,False
100583,2025-02-08,2025-02,Home & Garden,Website,3,133.89,False
100584,2025-02-17,2025-02,Home & Garden,Marketplace,1,86.42,False
100585,2025-02-21,2025-02,Apparel,Website,1,49.97,False
100586,2025-02-24,2025-02,Beauty,Website,1,38.72,False
100587,2025-02-04,2025-02,Beauty,Marketplace,1,33.98,False
100588,2025-02-03,2025-02,Apparel,Marketplace,3,127.24,False
100589,2025-02-20,2025-02,Apparel,Website,1,37.28,False
100590,2025-02-19,2025-02,Apparel,Mobile App,3,147.96,False
100591,2025-02-10,2025-02,Electronics,Mobile App,1,223.98,False
100592,2025-02-06,2025-02,Apparel,Marketplace,2,96.67,False
100593,2025-02-06,2025-02,Beauty,Mobile App,2,67.97,False
100594,2025-02-24,2025-02,Apparel,Mobile App,1,78.76,False
100595,2025-02-14,2025-02,Home & Garden,Website,1,39.92,False
100596,2025-02-26,2025-02,Electronics,Website,3,542.96,False
100597,2025-02-24,2025-02,Apparel,Marketplace,2,135.59,False
100598,2025-02-18,2025-02,Apparel,Mobile App,2,143.77,False
100599,2025-02-19,2025-02,Apparel,Website,2,96.82,False
100600,2025-02-09,2025-02,Beauty,Mobile App,3,117.08,False
100601,2025-02-22,2025-02,Apparel,Website,3,129.15,False
100602,2025-02-17,2025-02,Home & Garden,Website,2,149.74,False
100603,2025-02-24,2025-02,Home & Garden,Website,3,239.02,False
100604,2025-02-11,2025-02,Apparel,Marketplace,1,36.55,False
100605,2025-02-26,2025-02,Apparel,Mobile App,1,47.48,False
100606,2025-02-19,2025-02,Electronics,Mobile App,3,262.05,False
100607,2025-02-09,2025-02,Sports & Outdoors,Website,2,172.41,False
100608,2025-02-24,2025-02,Beauty,Mobile App,2,57.36,False
100609,2025-02-24,2025-02,Apparel,Mobile App,1,58.76,False
100610,2025-02-05,2025-02,Electronics,Website,3,362.21,False
100611,2025-02-05,2025-02,Electronics,Website,3,711.39,False
100612,2025-02-16,2025-02,Sports & Outdoors,Marketplace,3,223.78,False
100613,2025-02-03,2025-02,Apparel,Website,2,175.29,False
100614,2025-02-09,2025-02,Beauty,Website,3,81.77,False
100615,2025-02-21,2025-02,Sports & Outdoors,Mobile App,2,144.9,False
100616,2025-02-11,2025-02,Electronics,Website,3,362.95,False
100617,2025-02-18,2025-02,Apparel,Marketplace,1,25.18,False
100618,2025-02-20,2025-02,Home & Garden,Mobile App,3,123.05,False
100619,2025-02-13,2025-02,Sports & Outdoors,Website,1,86.01,False
100620,2025-02-17,2025-02,Electronics,Mobile App,2,227.23,False
100621,2025-02-23,2025-02,Electronics,Website,1,195.19,False
100622,2025-02-23,2025-02,Apparel,Website,2,65.64,False
100623,2025-02-18,2025-02,Sports & Outdoors,Website,3,222.66,False
100624,2025-02-20,2025-02,Beauty,Mobile App,1,63.41,True
100625,2025-02-02,2025-02,Electronics,Website,3,570.41,False
100626,2025-02-02,2025-02,Beauty,Mobile App,1,15.3,False
100627,2025-02-05,2025-02,Apparel,Website,3,57.04,False
100628,2025-02-23,2025-02,Apparel,Website,1,51.85,True
100629,2025-02-22,2025-02,Electronics,Marketplace,3,338.15,False
100630,2025-02-02,2025-02,Home & Garden,Mobile App,3,286.87,False
100631,2025-02-16,2025-02,Home & Garden,Marketplace,1,55.46,False
100632,2025-02-16,2025-02,Home & Garden,Website,3,275.06,False
100633,2025-02-20,2025-02,Electronics,Marketplace,1,172.61,False
100634,2025-02-24,2025-02,Apparel,Website,1,75.15,False
100635,2025-02-05,2025-02,Electronics,Website,1,156.15,False
100636,2025-02-14,2025-02,Home & Garden,Website,3,267.99,False
100637,2025-02-16,2025-02,Sports & Outdoors,Mobile App,1,101.86,False
100638,2025-02-21,2025-02,Sports & Outdoors,Website,2,181.23,False
100639,2025-02-06,2025-02,Apparel,Website,1,65.9,False
100640,2025-02-28,2025-02,Apparel,Mobile App,2,69.38,True
100641,2025-02-23,2025-02,Electronics,Website,1,213.26,False
100642,2025-02-09,2025-02,Apparel,Mobile App,3,98.19,False
100643,2025-02-09,2025-02,Electronics,Website,2,638.59,False
100644,2025-02-11,2025-02,Apparel,Website,1,57.18,False
100645,2025-02-07,2025-02,Electronics,Marketplace,2,228.82,False
100646,2025-02-23,2025-02,Apparel,Mobile App,1,59.57,False
100647,2025-02-18,2025-02,Electronics,Marketplace,3,644.53,False
100648,2025-02-27,2025-02,Apparel,Mobile App,2,45.67,False
100649,2025-02-08,2025-02,Apparel,Website,2,63.04,False
100650,2025-02-01,2025-02,Electronics,Website,2,235.08,False
100651,2025-02-10,2025-02,Apparel,Marketplace,3,78.39,False
100652,2025-02-20,2025-02,Beauty,Mobile App,3,143.54,False
100653,2025-02-04,2025-02,Apparel,Mobile App,1,56.06,False
100654,2025-02-03,2025-02,Apparel,Mobile App,1,46.97,False
100655,2025-02-02,2025-02,Electronics,Website,1,88.95,False
100656,2025-02-16,2025-02,Electronics,Marketplace,2,339.86,False
100657,2025-02-25,2025-02,Apparel,Marketplace,2,65.27,False
100658,2025-02-25,2025-02,Beauty,Website,3,50.14,True
100659,2025-02-14,2025-02,Apparel,Marketplace,2,79.71,False
100660,2025-02-23,2025-02,Electronics,Website,2,196.99,False
100661,2025-02-03,2025-02,Electronics,Website,1,193.02,False
100662,2025-02-04,2025-02,Home & Garden,Mobile App,3,230.05,False
100663,2025-02-25,2025-02,Apparel,Marketplace,2,83.56,True
100664,2025-02-03,2025-02,Electronics,Website,1,145.51,False
100665,2025-02-23,2025-02,Home & Garden,Website,1,59.64,False
100666,2025-02-06,2025-02,Electronics,Mobile App,1,117.73,False
100667,2025-02-25,2025-02,Electronics,Website,3,162.91,True
100668,2025-02-01,2025-02,Electronics,Website,1,141.92,False
100669,2025-02-16,2025-02,Home & Garden,Website,3,160.02,False
100670,2025-02-25,2025-02,Electronics,Website,2,211.21,False
100671,2025-02-12,2025-02,Electronics,Marketplace,1,131.33,False
100672,2025-02-01,2025-02,Electronics,Website,1,173.75,False
100673,2025-02-15,2025-02,Sports & Outdoors,Website,2,370.41,False
100674,2025-02-19,2025-02,Apparel,Mobile App,2,81.08,False
100675,2025-02-15,2025-02,Apparel,Website,2,132.54,False
100676,2025-02-19,2025-02,Beauty,Marketplace,1,43.21,False
100677,2025-02-03,2025-02,Home & Garden,Website,3,284.8,False
100678,2025-02-14,2025-02,Sports & Outdoors,Mobile App,3,242.58,False
100679,2025-02-25,2025-02,Apparel,Mobile App,2,97.89,False
100680,2025-02-16,2025-02,Electronics,Website,1,70.98,False
100681,2025-02-21,2025-02,Sports & Outdoors,Mobile App,1,43.26,False
100682,2025-02-04,2025-02,Apparel,Website,2,65.19,False
100683,2025-02-20,2025-02,Beauty,Mobile App,3,89.68,False
100684,2025-02-13,2025-02,Apparel,Mobile App,1,30.87,False
100685,2025-02-13,2025-02,Home & Garden,Website,1,48.61,True
100686,2025-02-25,2025-02,Sports & Outdoors,Website,2,196.88,False
100687,2025-02-08,2025-02,Beauty,Mobile App,1,27.05,True
100688,2025-02-01,2025-02,Sports & Outdoors,Mobile App,1,58.94,False
100689,2025-02-01,2025-02,Beauty,Website,1,26.04,True
100690,2025-02-11,2025-02,Beauty,Mobile App,1,15.56,False
100691,2025-02-14,2025-02,Sports & Outdoors,Website,1,56.38,False
100692,2025-02-14,2025-02,Home & Garden,Website,2,50.34,False
100693,2025-02-05,2025-02,Home & Garden,Website,3,295.52,False
100694,2025-02-26,2025-02,Beauty,Mobile App,2,59.27,False
100695,2025-02-23,2025-02,Electronics,Mobile App,1,162.67,False
100696,2025-02-15,2025-02,Apparel,Mobile App,2,58.84,False
100697,2025-02-10,2025-02,Sports & Outdoors,Website,2,254.53,True
100698,2025-02-18,2025-02,Beauty,Mobile App,2,134.98,False
100699,2025-02-18,2025-02,Electronics,Marketplace,3,632.3,False
100700,2025-02-07,2025-02,Sports & Outdoors,Mobile App,3,147.45,False
100701,2025-02-02,2025-02,Beauty,Website,2,113.82,False
100702,2025-02-17,2025-02,Electronics,Website,2,457.74,False
100703,2025-02-11,2025-02,Electronics,Website,3,488.46,False
100704,2025-02-01,2025-02,Beauty,Mobile App,1,51.4,False
100705,2025-02-23,2025-02,Electronics,Marketplace,1,209.6,False
100706,2025-02-13,2025-02,Electronics,Website,1,193.38,False
100707,2025-02-05,2025-02,Sports & Outdoors,Mobile App,1,118.17,False
100708,2025-02-05,2025-02,Electronics,Mobile App,2,178.8,False
100709,2025-02-15,2025-02,Home & Garden,Mobile App,2,144.93,False
100710,2025-02-25,2025-02,Sports & Outdoors,Mobile App,1,116.24,False
100711,2025-02-16,2025-02,Electronics,Mobile App,3,453.89,False
100712,2025-02-25,2025-02,Electronics,Website,2,496.41,False
100713,2025-02-21,2025-02,Apparel,Mobile App,3,173.97,False
100714,2025-02-17,2025-02,Sports & Outdoors,Mobile App,3,282.09,False
100715,2025-02-21,2025-02,Electronics,Mobile App,3,315.41,False
100716,2025-02-14,2025-02,Apparel,Marketplace,1,53.99,False
100717,2025-02-20,2025-02,Apparel,Website,1,59.03,False
100718,2025-02-22,2025-02,Apparel,Website,1,32.54,False
100719,2025-02-10,2025-02,Electronics,Mobile App,2,317.05,False
100720,2025-02-17,2025-02,Electronics,Website,3,576.64,False
100721,2025-02-15,2025-02,Electronics,Website,2,235.96,False
100722,2025-02-10,2025-02,Sports & Outdoors,Mobile App,2,161.4,False
100723,2025-02-06,2025-02,Sports & Outdoors,Mobile App,1,106.71,False
100724,2025-02-09,2025-02,Beauty,Website,1,45.03,False
100725,2025-02-19,2025-02,Apparel,Mobile App,1,34.12,True
100726,2025-02-19,2025-02,Electronics,Website,3,734.31,False
100727,2025-02-22,2025-02,Apparel,Website,1,62.29,False
100728,2025-02-25,2025-02,Apparel,Website,1,47.24,True
100729,2025-02-07,2025-02,Sports & Outdoors,Marketplace,1,106.37,False
100730,2025-02-08,2025-02,Apparel,Website,2,93.93,False
100731,2025-02-25,2025-02,Home & Garden,Website,2,103.7,False
100732,2025-02-22,2025-02,Electronics,Mobile App,3,572.64,True
100733,2025-02-02,2025-02,Apparel,Website,3,54.54,False
100734,2025-02-22,2025-02,Electronics,Marketplace,1,249.21,False
100735,2025-02-20,2025-02,Home & Garden,Website,1,91.82,False
100736,2025-02-28,2025-02,Electronics,Website,2,276.47,False
100737,2025-02-21,2025-02,Apparel,Mobile App,3,204.06,False
100738,2025-02-03,2025-02,Electronics,Mobile App,1,128.76,False
100739,2025-02-21,2025-02,Beauty,Marketplace,3,103.65,False
100740,2025-02-26,2025-02,Beauty,Mobile App,3,144.5,False
100741,2025-02-05,2025-02,Home & Garden,Mobile App,2,130.72,False
100742,2025-02-22,2025-02,Sports & Outdoors,Website,3,422.57,False
100743,2025-02-16,2025-02,Sports & Outdoors,Mobile App,3,399.99,False
100744,2025-02-21,2025-02,Apparel,Mobile App,3,156.94,False
100745,2025-02-19,2025-02,Apparel,Mobile App,1,44.09,False
100746,2025-02-04,2025-02,Apparel,Mobile App,3,164.28,False
100747,2025-02-25,2025-02,Home & Garden,Website,1,72.24,False
100748,2025-02-11,2025-02,Apparel,Website,2,113.7,False
100749,2025-02-05,2025-02,Electronics,Website,3,313.57,True
100750,2025-02-12,2025-02,Home & Garden,Website,3,258.45,False
100751,2025-02-19,2025-02,Sports & Outdoors,Mobile App,3,153.67,False
100752,2025-02-10,2025-02,Beauty,Website,2,65.96,False
100753,2025-02-19,2025-02,Beauty,Marketplace,1,25.68,False
100754,2025-02-20,2025-02,Sports & Outdoors,Website,3,183.69,False
100755,2025-02-01,2025-02,Electronics,Website,1,154.69,False
100756,2025-02-04,2025-02,Home & Garden,Mobile App,2,177.68,False
100757,2025-02-04,2025-02,Apparel,Website,1,60.92,True
100758,2025-02-02,2025-02,Home & Garden,Mobile App,1,89.55,False
100759,2025-02-27,2025-02,Apparel,Mobile App,2,103.68,False
100760,2025-02-09,2025-02,Electronics,Website,2,411.01,False
100761,2025-02-18,2025-02,Home & Garden,Website,3,179.11,False
100762,2025-02-11,2025-02,Electronics,Website,2,242.5,False
100763,2025-02-18,2025-02,Home & Garden,Website,2,60.0,False
100764,2025-02-03,2025-02,Home & Garden,Website,2,112.16,False
100765,2025-02-10,2025-02,Home & Garden,Mobile App,3,200.97,False
100766,2025-02-18,2025-02,Apparel,Website,3,182.27,False
100767,2025-02-27,2025-02,Electronics,Mobile App,2,436.8,False
100768,2025-02-05,2025-02,Beauty,Website,2,36.02,True
100769,2025-02-25,2025-02,Electronics,Marketplace,3,337.96,False
100770,2025-02-01,2025-02,Home & Garden,Website,1,25.32,False
100771,2025-02-05,2025-02,Apparel,Marketplace,1,42.47,True
100772,2025-02-05,2025-02,Apparel,Website,3,222.06,False
100773,2025-02-14,2025-02,Electronics,Marketplace,3,602.43,False
100774,2025-02-03,2025-02,Sports & Outdoors,Website,3,237.18,False
100775,2025-02-14,2025-02,Home & Garden,Marketplace,2,16.0,False
100776,2025-02-02,2025-02,Apparel,Website,2,104.99,False
100777,2025-02-22,2025-02,Home & Garden,Website,3,183.96,False
100778,2025-02-13,2025-02,Home & Garden,Mobile App,3,193.3,False
100779,2025-02-23,2025-02,Electronics,Website,3,437.99,False
100780,2025-02-26,2025-02,Home & Garden,Website,2,87.29,False
100781,2025-02-05,2025-02,Sports & Outdoors,Website,2,267.16,False
100782,2025-02-21,2025-02,Apparel,Marketplace,3,135.45,False
100783,2025-02-07,2025-02,Apparel,Website,2,98.89,False
100784,2025-02-09,2025-02,Electronics,Website,2,236.34,False
100785,2025-02-23,2025-02,Home & Garden,Website,1,74.31,False
100786,2025-02-21,2025-02,Sports & Outdoors,Website,1,101.3,False
100787,2025-02-18,2025-02,Beauty,Website,3,40.75,False
100788,2025-02-04,2025-02,Apparel,Website,3,172.37,False
100789,2025-02-04,2025-02,Electronics,Website,3,273.46,False
100790,2025-02-19,2025-02,Electronics,Website,1,89.82,False
100791,2025-02-28,2025-02,Apparel,Website,2,137.52,True
100792,2025-02-19,2025-02,Electronics,Mobile App,1,149.86,False
100793,2025-02-02,2025-02,Apparel,Website,2,60.51,False
100794,2025-02-04,2025-02,Sports & Outdoors,Marketplace,2,138.35,False
100795,2025-02-21,2025-02,Electronics,Website,1,151.66,False
100796,2025-02-24,2025-02,Electronics,Website,2,209.81,False
100797,2025-02-27,2025-02,Apparel,Website,3,77.45,False
100798,2025-02-23,2025-02,Apparel,Mobile App,1,51.72,False
100799,2025-02-06,2025-02,Apparel,Mobile App,3,177.56,False
100800,2025-02-23,2025-02,Apparel,Mobile App,2,47.81,False
100801,2025-02-12,2025-02,Sports & Outdoors,Mobile App,1,123.24,False
100802,2025-02-20,2025-02,Electronics,Marketplace,2,337.87,False
100803,2025-02-22,2025-02,Home & Garden,Website,2,153.97,False
100804,2025-02-23,2025-02,Electronics,Mobile App,3,153.69,False
100805,2025-02-20,2025-02,Sports & Outdoors,Website,1,86.94,False
100806,2025-02-10,2025-02,Electronics,Mobile App,1,121.12,False
100807,2025-02-06,2025-02,Electronics,Mobile App,2,484.8,False
100808,2025-02-09,2025-02,Electronics,Mobile App,3,322.66,False
100809,2025-02-22,2025-02,Home & Garden,Website,1,77.53,False
100810,2025-02-21,2025-02,Sports & Outdoors,Website,3,296.22,False
100811,2025-02-17,2025-02,Apparel,Website,2,87.41,False
100812,2025-02-13,2025-02,Apparel,Website,2,58.23,False
100813,2025-02-09,2025-02,Electronics,Website,3,315.84,False
100814,2025-02-01,2025-02,Apparel,Website,2,129.99,False
100815,2025-02-17,2025-02,Apparel,Website,3,189.12,False
100816,2025-02-05,2025-02,Home & Garden,Marketplace,2,127.97,False
100817,2025-02-13,2025-02,Electronics,Marketplace,2,359.62,False
100818,2025-02-02,2025-02,Sports & Outdoors,Website,3,407.99,False
100819,2025-02-25,2025-02,Electronics,Mobile App,3,557.68,False
100820,2025-02-10,2025-02,Electronics,Website,3,383.46,False
100821,2025-02-17,2025-02,Electronics,Marketplace,3,415.02,False
100822,2025-02-23,2025-02,Beauty,Marketplace,2,120.33,False
100823,2025-02-02,2025-02,Home & Garden,Website,2,136.38,False
100824,2025-02-03,2025-02,Beauty,Mobile App,3,96.1,False
100825,2025-02-23,2025-02,Electronics,Website,1,159.27,True
100826,2025-02-03,2025-02,Electronics,Website,3,645.0,False
100827,2025-02-21,2025-02,Apparel,Marketplace,2,131.73,False
100828,2025-02-07,2025-02,Home & Garden,Website,1,51.23,False
100829,2025-02-05,2025-02,Apparel,Website,2,90.71,False
100830,2025-02-18,2025-02,Sports & Outdoors,Mobile App,2,16.0,False
100831,2025-02-20,2025-02,Home & Garden,Mobile App,3,281.06,False
100832,2025-02-20,2025-02,Beauty,Website,3,72.79,False
100833,2025-02-14,2025-02,Beauty,Website,3,104.2,False
100834,2025-02-27,2025-02,Apparel,Mobile App,2,114.49,False
100835,2025-02-26,2025-02,Home & Garden,Website,1,76.31,False
100836,2025-02-26,2025-02,Apparel,Mobile App,1,8.0,False
100837,2025-02-01,2025-02,Beauty,Website,3,121.94,False
100838,2025-02-21,2025-02,Beauty,Website,1,47.41,False
100839,2025-02-16,2025-02,Apparel,Mobile App,2,120.62,False
100840,2025-02-08,2025-02,Apparel,Website,3,194.91,False
100841,2025-02-24,2025-02,Sports & Outdoors,Mobile App,1,65.12,False
100842,2025-02-12,2025-02,Sports & Outdoors,Website,1,132.08,False
100843,2025-02-20,2025-02,Apparel,Website,1,106.03,False
100844,2025-02-18,2025-02,Beauty,Website,3,105.37,False
100845,2025-02-12,2025-02,Sports & Outdoors,Website,1,134.31,False
100846,2025-02-08,2025-02,Apparel,Website,2,108.14,False
100847,2025-02-19,2025-02,Apparel,Website,1,25.69,False
100848,2025-02-17,2025-02,Sports & Outdoors,Website,3,160.69,False
100849,2025-02-20,2025-02,Electronics,Mobile App,2,400.11,False
100850,2025-02-15,2025-02,Electronics,Mobile App,3,309.47,False
100851,2025-02-25,2025-02,Electronics,Mobile App,1,119.63,False
100852,2025-02-28,2025-02,Electronics,Mobile App,1,163.33,False
100853,2025-02-27,2025-02,Sports & Outdoors,Website,1,155.09,False
100854,2025-02-06,2025-02,Apparel,Website,1,69.46,False
100855,2025-02-12,2025-02,Electronics,Mobile App,2,366.76,False
100856,2025-02-23,2025-02,Beauty,Marketplace,2,101.07,True
100857,2025-02-06,2025-02,Home & Garden,Website,1,63.34,False
100858,2025-02-01,2025-02,Beauty,Website,2,65.14,False
100859,2025-02-13,2025-02,Beauty,Mobile App,3,88.2,False
100860,2025-02-26,2025-02,Home & Garden,Website,2,109.26,False
100861,2025-02-10,2025-02,Beauty,Mobile App,1,44.77,False
100862,2025-02-19,2025-02,Apparel,Website,3,205.96,False
100863,2025-02-08,2025-02,Apparel,Website,1,58.77,False
100864,2025-02-01,2025-02,Home & Garden,Website,1,45.58,False
100865,2025-02-28,2025-02,Sports & Outdoors,Website,3,313.8,False
100866,2025-02-28,2025-02,Home & Garden,Website,1,84.16,False
100867,2025-02-25,2025-02,Electronics,Website,3,688.62,False
100868,2025-02-22,2025-02,Home & Garden,Marketplace,2,120.47,False
100869,2025-02-22,2025-02,Apparel,Website,2,107.51,False
100870,2025-02-12,2025-02,Apparel,Mobile App,2,109.26,False
100871,2025-02-21,2025-02,Sports & Outdoors,Website,1,81.54,False
100872,2025-02-09,2025-02,Electronics,Mobile App,1,211.08,False
100873,2025-02-15,2025-02,Beauty,Mobile App,1,25.91,False
100874,2025-02-08,2025-02,Home & Garden,Website,2,100.37,False
100875,2025-02-13,2025-02,Apparel,Mobile App,3,110.76,False
100876,2025-02-15,2025-02,Electronics,Website,1,123.28,False
100877,2025-02-14,2025-02,Sports & Outdoors,Website,2,308.31,True
100878,2025-02-20,2025-02,Apparel,Website,3,146.19,True
100879,2025-02-09,2025-02,Home & Garden,Website,1,58.34,False
100880,2025-02-07,2025-02,Home & Garden,Website,1,34.31,False
100881,2025-02-04,2025-02,Apparel,Website,1,55.93,False
100882,2025-02-03,2025-02,Home & Garden,Mobile App,2,221.04,False
100883,2025-02-09,2025-02,Electronics,Website,1,137.8,False
100884,2025-02-19,2025-02,Apparel,Website,3,139.91,False
100885,2025-02-08,2025-02,Apparel,Mobile App,2,20.23,False
100886,2025-02-26,2025-02,Home & Garden,Website,2,148.48,False
100887,2025-02-09,2025-02,Beauty,Website,1,29.68,False
100888,2025-02-06,2025-02,Apparel,Website,3,125.37,False
100889,2025-02-28,2025-02,Apparel,Marketplace,3,134.97,False
100890,2025-02-03,2025-02,Electronics,Mobile App,1,99.38,False
100891,2025-02-19,2025-02,Sports & Outdoors,Website,3,254.63,False
100892,2025-02-20,2025-02,Sports & Outdoors,Website,1,103.79,False
100893,2025-02-22,2025-02,Home & Garden,Website,1,87.4,False
100894,2025-02-21,2025-02,Electronics,Website,1,102.89,False
100895,2025-02-07,2025-02,Beauty,Website,3,85.42,False
100896,2025-02-23,2025-02,Apparel,Website,2,72.96,False
100897,2025-02-11,2025-02,Electronics,Mobile App,3,537.41,False
100898,2025-02-28,2025-02,Apparel,Website,1,60.54,False
100899,2025-02-18,2025-02,Apparel,Website,3,159.7,False
100900,2025-02-26,2025-02,Beauty,Mobile App,3,51.24,False
100901,2025-02-24,2025-02,Home & Garden,Mobile App,1,36.96,False
100902,2025-02-25,2025-02,Electronics,Website,2,391.08,False
100903,2025-02-20,2025-02,Electronics,Website,1,140.58,False
100904,2025-02-20,2025-02,Electronics,Website,2,80.72,False
100905,2025-02-04,2025-02,Electronics,Website,3,568.5,True
100906,2025-02-14,2025-02,Apparel,Mobile App,3,131.56,False
100907,2025-02-12,2025-02,Beauty,Marketplace,1,26.6,False
100908,2025-02-25,2025-02,Apparel,Mobile App,3,141.31,True
100909,2025-02-18,2025-02,Home & Garden,Website,2,143.39,False
100910,2025-02-20,2025-02,Beauty,Website,2,50.14,False
100911,2025-02-24,2025-02,Apparel,Mobile App,2,104.66,False
100912,2025-02-21,2025-02,Home & Garden,Mobile App,3,212.83,False
100913,2025-02-03,2025-02,Sports & Outdoors,Website,2,283.52,False
100914,2025-02-01,2025-02,Apparel,Marketplace,1,32.82,False
100915,2025-02-26,2025-02,Electronics,Mobile App,1,137.36,False
100916,2025-02-11,2025-02,Beauty,Website,2,93.84,False
100917,2025-02-21,2025-02,Sports & Outdoors,Mobile App,1,112.35,False
100918,2025-02-21,2025-02,Electronics,Website,2,310.44,False
100919,2025-02-16,2025-02,Home & Garden,Website,2,184.78,False
100920,2025-02-26,2025-02,Apparel,Mobile App,3,183.58,False
100921,2025-02-14,2025-02,Apparel,Website,1,65.46,False
100922,2025-02-15,2025-02,Home & Garden,Website,1,108.07,False
100923,2025-02-05,2025-02,Apparel,Website,1,47.87,False
100924,2025-02-13,2025-02,Electronics,Marketplace,1,204.88,False
100925,2025-02-22,2025-02,Electronics,Mobile App,1,197.61,False
100926,2025-02-20,2025-02,Electronics,Mobile App,1,172.89,False
100927,2025-02-28,2025-02,Apparel,Mobile App,2,108.04,False
100928,2025-02-05,2025-02,Home & Garden,Website,1,91.95,False
100929,2025-02-11,2025-02,Electronics,Website,3,367.82,True
100930,2025-02-24,2025-02,Home & Garden,Website,1,8.0,False
100931,2025-02-20,2025-02,Sports & Outdoors,Marketplace,1,102.89,False
100932,2025-02-10,2025-02,Sports & Outdoors,Website,3,296.1,False
100933,2025-02-12,2025-02,Beauty,Website,3,24.0,False
100934,2025-02-23,2025-02,Electronics,Mobile App,3,520.77,False
100935,2025-02-07,2025-02,Beauty,Marketplace,2,103.74,False
100936,2025-02-25,2025-02,Apparel,Website,2,147.94,False
100937,2025-02-13,2025-02,Electronics,Mobile App,1,208.72,False
100938,2025-02-13,2025-02,Home & Garden,Website,3,358.92,False
100939,2025-02-02,2025-02,Apparel,Website,2,92.11,False
100940,2025-02-28,2025-02,Apparel,Website,2,81.48,False
100941,2025-02-02,2025-02,Electronics,Website,2,266.38,False
100942,2025-02-18,2025-02,Sports & Outdoors,Mobile App,1,107.41,True
100943,2025-02-10,2025-02,Home & Garden,Website,1,118.36,False
100944,2025-02-11,2025-02,Apparel,Website,1,30.64,False
100945,2025-02-12,2025-02,Apparel,Website,3,159.79,False
100946,2025-02-06,2025-02,Sports & Outdoors,Website,2,140.28,False
100947,2025-02-12,2025-02,Sports & Outdoors,Website,1,87.68,False
100948,2025-02-24,2025-02,Electronics,Website,2,302.71,False
100949,2025-02-21,2025-02,Beauty,Mobile App,1,35.73,True
100950,2025-02-01,2025-02,Apparel,Website,2,64.25,False
100951,2025-02-22,2025-02,Home & Garden,Website,1,135.52,False
100952,2025-02-07,2025-02,Sports & Outdoors,Mobile App,2,128.97,False
100953,2025-02-10,2025-02,Home & Garden,Website,1,75.82,False
100954,2025-02-27,2025-02,Electronics,Website,3,332.22,False
100955,2025-02-20,2025-02,Beauty,Website,3,79.82,True
100956,2025-02-09,2025-02,Beauty,Mobile App,2,63.36,False
100957,2025-02-13,2025-02,Home & Garden,Website,2,106.55,False
100958,2025-02-11,2025-02,Electronics,Website,3,681.96,False
100959,2025-02-28,2025-02,Home & Garden,Mobile App,2,157.53,False
100960,2025-02-11,2025-02,Electronics,Website,3,355.23,False
100961,2025-02-24,2025-02,Sports & Outdoors,Mobile App,3,184.5,False
100962,2025-02-18,2025-02,Electronics,Mobile App,3,544.79,True
100963,2025-02-23,2025-02,Apparel,Mobile App,1,42.01,False
100964,2025-02-20,2025-02,Electronics,Website,2,367.52,False
100965,2025-02-12,2025-02,Beauty,Website,1,8.0,False
100966,2025-02-09,2025-02,Apparel,Marketplace,1,61.66,False
100967,2025-02-18,2025-02,Electronics,Website,1,160.47,False
100968,2025-02-27,2025-02,Home & Garden,Website,3,136.57,False
100969,2025-02-06,2025-02,Home & Garden,Website,2,71.95,False
100970,2025-02-07,2025-02,Home & Garden,Mobile App,2,94.26,False
100971,2025-02-10,2025-02,Electronics,Website,2,515.53,False
100972,2025-02-10,2025-02,Sports & Outdoors,Mobile App,2,84.67,False
100973,2025-02-24,2025-02,Sports & Outdoors,Website,2,156.79,False
100974,2025-02-15,2025-02,Beauty,Website,1,18.46,False
100975,2025-02-18,2025-02,Beauty,Website,3,71.65,False
100976,2025-02-25,2025-02,Beauty,Mobile App,3,102.43,False
100977,2025-02-07,2025-02,Apparel,Website,3,180.95,False
100978,2025-02-26,2025-02,Electronics,Mobile App,3,641.6,False
100979,2025-02-03,2025-02,Electronics,Website,2,392.68,False
100980,2025-02-19,2025-02,Electronics,Website,2,558.34,False
100981,2025-02-11,2025-02,Beauty,Mobile App,1,29.4,False
100982,2025-02-14,2025-02,Apparel,Website,2,159.2,False
100983,2025-02-15,2025-02,Sports & Outdoors,Website,1,68.06,False
100984,2025-02-27,2025-02,Beauty,Mobile App,2,57.23,False
100985,2025-02-19,2025-02,Apparel,Mobile App,3,45.86,False
100986,2025-02-18,2025-02,Apparel,Mobile App,1,14.15,False
100987,2025-02-19,2025-02,Apparel,Website,3,93.46,False
100988,2025-02-06,2025-02,Apparel,Website,1,63.16,True
100989,2025-02-18,2025-02,Home & Garden,Website,2,133.86,False
100990,2025-02-26,2025-02,Electronics,Website,2,160.69,False
100991,2025-02-09,2025-02,Sports & Outdoors,Website,3,322.63,False
100992,2025-02-07,2025-02,Electronics,Mobile App,1,113.06,False
100993,2025-02-08,2025-02,Apparel,Mobile App,1,51.03,False
100994,2025-02-19,2025-02,Apparel,Website,2,127.48,False
100995,2025-02-16,2025-02,Apparel,Mobile App,2,105.14,False
100996,2025-02-27,2025-02,Electronics,Mobile App,1,178.05,False
100997,2025-02-23,2025-02,Apparel,Website,2,46.7,False
100998,2025-02-22,2025-02,Electronics,Website,1,200.5,False
100999,2025-02-27,2025-02,Sports & Outdoors,Mobile App,2,182.4,False
101000,2025-02-10,2025-02,Home & Garden,Website,2,183.57,False
101001,2025-02-15,2025-02,Apparel,Mobile App,1,56.41,False
101002,2025-02-09,2025-02,Apparel,Marketplace,2,37.9,False
101003,2025-02-27,2025-02,Apparel,Website,3,185.73,False
101004,2025-02-12,2025-02,Sports & Outdoors,Website,1,126.25,False
101005,2025-02-18,2025-02,Apparel,Website,3,98.07,False
101006,2025-02-16,2025-02,Electronics,Website,3,539.49,False
101007,2025-02-15,2025-02,Apparel,Website,1,39.24,False
101008,2025-02-06,2025-02,Home & Garden,Mobile App,3,320.71,False
101009,2025-02-07,2025-02,Electronics,Website,2,234.16,False
101010,2025-02-17,2025-02,Apparel,Website,3,148.04,False
101011,2025-02-26,2025-02,Apparel,Mobile App,3,175.58,True
101012,2025-02-25,2025-02,Electronics,Mobile App,3,424.06,False
101013,2025-02-24,2025-02,Electronics,Mobile App,1,83.37,False
101014,2025-02-04,2025-02,Home & Garden,Mobile App,3,227.2,False
101015,2025-02-28,2025-02,Home & Garden,Website,3,230.8,False
101016,2025-02-21,2025-02,Electronics,Website,3,562.56,False
101017,2025-02-20,2025-02,Apparel,Mobile App,3,140.68,False
101018,2025-02-03,2025-02,Sports & Outdoors,Mobile App,1,78.31,True
101019,2025-02-12,2025-02,Home & Garden,Website,2,128.91,False
101020,2025-02-23,2025-02,Apparel,Website,2,40.51,False
101021,2025-02-15,2025-02,Electronics,Website,3,274.81,False
101022,2025-02-11,2025-02,Electronics,Website,3,422.37,False
101023,2025-02-10,2025-02,Home & Garden,Mobile App,3,157.28,False
101024,2025-02-08,2025-02,Beauty,Marketplace,1,8.0,False
101025,2025-02-22,2025-02,Home & Garden,Website,1,101.28,False
101026,2025-02-03,2025-02,Apparel,Website,1,23.28,False
101027,2025-02-03,2025-02,Sports & Outdoors,Marketplace,1,89.17,False
101028,2025-02-18,2025-02,Beauty,Website,2,100.66,False
101029,2025-02-25,2025-02,Beauty,Mobile App,1,46.13,True
101030,2025-02-21,2025-02,Apparel,Website,1,48.52,False
101031,2025-02-28,2025-02,Home & Garden,Website,2,145.73,False
101032,2025-02-10,2025-02,Sports & Outdoors,Website,1,79.8,False
101033,2025-02-09,2025-02,Home & Garden,Mobile App,2,205.49,False
101034,2025-02-04,2025-02,Sports & Outdoors,Website,3,382.77,False
101035,2025-02-06,2025-02,Apparel,Website,2,72.97,False
101036,2025-02-11,2025-02,Apparel,Website,1,59.93,False
101037,2025-02-21,2025-02,Electronics,Website,1,282.25,False
101038,2025-02-09,2025-02,Electronics,Website,2,388.82,False
101039,2025-02-02,2025-02,Apparel,Mobile App,1,30.83,False
101040,2025-02-13,2025-02,Electronics,Website,2,334.22,False
101041,2025-02-03,2025-02,Beauty,Marketplace,1,41.24,False
101042,2025-03-19,2025-03,Apparel,Website,2,115.67,False
101043,2025-03-09,2025-03,Electronics,Website,1,174.89,False
101044,2025-03-27,2025-03,Electronics,Website,2,501.14,False
101045,2025-03-03,2025-03,Apparel,Website,2,64.53,False
101046,2025-03-19,2025-03,Home & Garden,Website,3,191.56,False
101047,2025-03-31,2025-03,Home & Garden,Website,2,134.82,False
101048,2025-03-08,2025-03,Electronics,Mobile App,1,171.51,False
101049,2025-03-15,2025-03,Sports & Outdoors,Mobile App,3,419.06,False
101050,2025-03-31,2025-03,Home & Garden,Mobile App,3,149.8,False
101051,2025-03-24,2025-03,Electronics,Marketplace,3,485.78,False
101052,2025-03-25,2025-03,Beauty,Mobile App,1,25.69,False
101053,2025-03-23,2025-03,Electronics,Mobile App,1,206.95,False
101054,2025-03-31,2025-03,Sports & Outdoors,Website,2,166.24,False
101055,2025-03-23,2025-03,Home & Garden,Mobile App,2,110.28,True
101056,2025-03-12,2025-03,Sports & Outdoors,Website,2,110.89,False
101057,2025-03-12,2025-03,Apparel,Website,2,99.7,False
101058,2025-03-05,2025-03,Apparel,Marketplace,2,115.16,False
101059,2025-03-16,2025-03,Home & Garden,Mobile App,1,56.88,False
101060,2025-03-17,2025-03,Home & Garden,Marketplace,1,42.06,False
101061,2025-03-19,2025-03,Beauty,Website,3,87.94,False
101062,2025-03-09,2025-03,Beauty,Mobile App,3,86.4,False
101063,2025-03-28,2025-03,Apparel,Mobile App,2,125.71,False
101064,2025-03-12,2025-03,Beauty,Mobile App,1,38.67,False
101065,2025-03-15,2025-03,Beauty,Mobile App,3,115.11,False
101066,2025-03-10,2025-03,Home & Garden,Website,3,370.59,False
101067,2025-03-13,2025-03,Apparel,Website,2,71.26,False
101068,2025-03-14,2025-03,Electronics,Mobile App,3,637.45,False
101069,2025-03-19,2025-03,Sports & Outdoors,Website,1,121.85,False
101070,2025-03-17,2025-03,Apparel,Mobile App,3,230.16,False
101071,2025-03-07,2025-03,Beauty,Mobile App,1,19.23,False
101072,2025-03-02,2025-03,Apparel,Website,3,169.06,False
101073,2025-03-07,2025-03,Electronics,Marketplace,2,98.61,False
101074,2025-03-20,2025-03,Electronics,Website,2,258.47,True
101075,2025-03-17,2025-03,Apparel,Website,3,120.27,False
101076,2025-03-13,2025-03,Electronics,Website,3,322.65,False
101077,2025-03-28,2025-03,Beauty,Website,1,24.89,False
101078,2025-03-10,2025-03,Apparel,Marketplace,2,107.39,False
101079,2025-03-31,2025-03,Electronics,Mobile App,2,325.14,False
101080,2025-03-05,2025-03,Sports & Outdoors,Mobile App,2,239.57,False
101081,2025-03-01,2025-03,Electronics,Mobile App,2,294.06,False
101082,2025-03-09,2025-03,Beauty,Website,1,39.85,False
101083,2025-03-03,2025-03,Beauty,Mobile App,1,49.83,False
101084,2025-03-15,2025-03,Beauty,Website,1,26.21,False
101085,2025-03-02,2025-03,Home & Garden,Mobile App,1,51.48,False
101086,2025-03-20,2025-03,Apparel,Mobile App,2,106.21,False
101087,2025-03-20,2025-03,Apparel,Website,3,188.98,True
101088,2025-03-10,2025-03,Beauty,Website,3,106.33,False
101089,2025-03-12,2025-03,Apparel,Marketplace,2,144.18,False
101090,2025-03-02,2025-03,Apparel,Website,1,64.66,False
101091,2025-03-24,2025-03,Apparel,Website,1,15.48,False
101092,2025-03-09,2025-03,Sports & Outdoors,Website,3,279.86,False
101093,2025-03-16,2025-03,Home & Garden,Website,1,58.14,False
101094,2025-03-11,2025-03,Sports & Outdoors,Website,1,98.57,False
101095,2025-03-27,2025-03,Electronics,Website,1,164.24,False
101096,2025-03-17,2025-03,Apparel,Website,2,129.35,False
101097,2025-03-15,2025-03,Home & Garden,Website,1,110.49,False
101098,2025-03-07,2025-03,Apparel,Website,3,130.52,False
101099,2025-03-20,2025-03,Apparel,Website,2,68.16,False
101100,2025-03-27,2025-03,Electronics,Website,3,596.34,False
101101,2025-03-23,2025-03,Beauty,Website,2,85.41,False
101102,2025-03-12,2025-03,Electronics,Mobile App,3,220.35,True
101103,2025-03-03,2025-03,Home & Garden,Mobile App,3,313.31,False
101104,2025-03-18,2025-03,Sports & Outdoors,Mobile App,1,108.07,False
101105,2025-03-28,2025-03,Apparel,Website,1,27.85,False
101106,2025-03-09,2025-03,Electronics,Website,3,376.4,False
101107,2025-03-09,2025-03,Electronics,Website,3,549.63,False
101108,2025-03-24,2025-03,Home & Garden,Website,1,57.15,False
101109,2025-03-02,2025-03,Apparel,Website,1,25.66,False
101110,2025-03-01,2025-03,Sports & Outdoors,Mobile App,1,39.09,False
101111,2025-03-15,2025-03,Electronics,Website,3,344.21,False
101112,2025-03-14,2025-03,Home & Garden,Website,3,75.68,False
101113,2025-03-13,2025-03,Beauty,Mobile App,2,64.17,False
101114,2025-03-08,2025-03,Sports & Outdoors,Website,2,228.26,False
101115,2025-03-31,2025-03,Apparel,Marketplace,2,79.93,False
101116,2025-03-14,2025-03,Apparel,Mobile App,2,66.38,False
101117,2025-03-19,2025-03,Beauty,Website,1,27.66,False
101118,2025-03-28,2025-03,Electronics,Mobile App,1,275.23,False
101119,2025-03-20,2025-03,Electronics,Mobile App,2,58.05,True
101120,2025-03-28,2025-03,Beauty,Mobile App,2,53.7,False
101121,2025-03-08,2025-03,Apparel,Website,2,21.23,False
101122,2025-03-13,2025-03,Apparel,Mobile App,3,118.12,False
101123,2025-03-06,2025-03,Beauty,Mobile App,2,68.29,False
101124,2025-03-26,2025-03,Home & Garden,Website,1,61.74,False
101125,2025-03-31,2025-03,Electronics,Mobile App,3,323.91,False
101126,2025-03-30,2025-03,Sports & Outdoors,Mobile App,1,84.0,False
101127,2025-03-23,2025-03,Apparel,Website,2,94.74,False
101128,2025-03-31,2025-03,Apparel,Marketplace,3,162.0,False
101129,2025-03-31,2025-03,Sports & Outdoors,Website,2,102.48,False
101130,2025-03-20,2025-03,Apparel,Mobile App,3,140.72,False
101131,2025-03-27,2025-03,Electronics,Website,3,320.87,False
101132,2025-03-26,2025-03,Apparel,Website,1,45.09,False
101133,2025-03-08,2025-03,Apparel,Website,2,50.87,False
101134,2025-03-01,2025-03,Apparel,Marketplace,1,25.76,True
101135,2025-03-11,2025-03,Apparel,Website,3,137.73,False
101136,2025-03-03,2025-03,Sports & Outdoors,Mobile App,2,216.7,False
101137,2025-03-17,2025-03,Home & Garden,Marketplace,3,152.06,False
101138,2025-03-13,2025-03,Beauty,Marketplace,1,21.45,False
101139,2025-03-23,2025-03,Apparel,Website,3,134.56,False
101140,2025-03-25,2025-03,Home & Garden,Website,3,245.72,False
101141,2025-03-05,2025-03,Sports & Outdoors,Mobile App,1,98.0,False
101142,2025-03-16,2025-03,Home & Garden,Mobile App,3,244.61,False
101143,2025-03-08,2025-03,Home & Garden,Mobile App,3,233.35,False
101144,2025-03-16,2025-03,Apparel,Marketplace,1,72.37,False
101145,2025-03-08,2025-03,Electronics,Mobile App,1,166.82,False
101146,2025-03-11,2025-03,Apparel,Website,2,39.33,True
101147,2025-03-22,2025-03,Sports & Outdoors,Mobile App,1,119.38,False
101148,2025-03-22,2025-03,Electronics,Mobile App,2,505.49,False
101149,2025-03-26,2025-03,Sports & Outdoors,Website,3,308.69,False
101150,2025-03-12,2025-03,Beauty,Website,1,11.85,False
101151,2025-03-12,2025-03,Sports & Outdoors,Website,3,125.43,False
101152,2025-03-03,2025-03,Sports & Outdoors,Mobile App,3,133.34,False
101153,2025-03-24,2025-03,Beauty,Website,3,32.39,False
101154,2025-03-04,2025-03,Home & Garden,Marketplace,2,156.31,False
101155,2025-03-28,2025-03,Home & Garden,Mobile App,2,160.01,False
101156,2025-03-11,2025-03,Beauty,Mobile App,3,115.79,False
101157,2025-03-26,2025-03,Apparel,Mobile App,2,40.7,False
101158,2025-03-19,2025-03,Electronics,Website,3,823.38,False
101159,2025-03-16,2025-03,Beauty,Mobile App,3,156.71,False
101160,2025-03-16,2025-03,Home & Garden,Website,1,63.14,False
101161,2025-03-13,2025-03,Electronics,Website,3,538.09,False
101162,2025-03-08,2025-03,Sports & Outdoors,Website,1,124.65,False
101163,2025-03-09,2025-03,Electronics,Website,2,446.98,False
101164,2025-03-04,2025-03,Sports & Outdoors,Website,3,24.0,False
101165,2025-03-22,2025-03,Sports & Outdoors,Website,3,266.26,True
101166,2025-03-20,2025-03,Home & Garden,Website,3,276.27,False
101167,2025-03-15,2025-03,Apparel,Mobile App,2,38.53,False
101168,2025-03-18,2025-03,Beauty,Mobile App,1,34.38,False
101169,2025-03-19,2025-03,Electronics,Website,2,382.24,False
101170,2025-03-04,2025-03,Home & Garden,Website,2,201.07,False
101171,2025-03-07,2025-03,Apparel,Mobile App,1,17.44,False
101172,2025-03-12,2025-03,Apparel,Website,1,53.45,False
101173,2025-03-04,2025-03,Home & Garden,Website,3,151.9,True
101174,2025-03-22,2025-03,Apparel,Mobile App,3,172.55,False
101175,2025-03-07,2025-03,Apparel,Website,3,119.45,False
101176,2025-03-09,2025-03,Home & Garden,Mobile App,3,260.24,False
101177,2025-03-23,2025-03,Apparel,Website,3,149.88,False
101178,2025-03-18,2025-03,Beauty,Mobile App,2,31.41,False
101179,2025-03-17,2025-03,Apparel,Mobile App,2,114.01,False
101180,2025-03-15,2025-03,Beauty,Mobile App,1,34.33,True
101181,2025-03-04,2025-03,Apparel,Website,3,258.54,False
101182,2025-03-01,2025-03,Electronics,Mobile App,1,84.49,False
101183,2025-03-20,2025-03,Apparel,Mobile App,2,63.69,False
101184,2025-03-06,2025-03,Home & Garden,Website,1,83.76,False
101185,2025-03-08,2025-03,Electronics,Website,2,361.48,False
101186,2025-03-25,2025-03,Apparel,Mobile App,2,51.34,True
101187,2025-03-03,2025-03,Electronics,Website,1,220.75,False
101188,2025-03-03,2025-03,Electronics,Mobile App,3,531.15,False
101189,2025-03-13,2025-03,Home & Garden,Marketplace,1,95.34,False
101190,2025-03-22,2025-03,Electronics,Website,3,446.56,False
101191,2025-03-05,2025-03,Beauty,Website,2,90.9,False
101192,2025-03-18,2025-03,Electronics,Marketplace,1,226.97,False
101193,2025-03-15,2025-03,Sports & Outdoors,Marketplace,3,339.86,False
101194,2025-03-24,2025-03,Beauty,Mobile App,2,96.69,False
101195,2025-03-03,2025-03,Home & Garden,Website,1,56.69,False
101196,2025-03-20,2025-03,Sports & Outdoors,Mobile App,2,303.71,False
101197,2025-03-31,2025-03,Apparel,Mobile App,3,79.52,True
101198,2025-03-31,2025-03,Beauty,Mobile App,1,47.78,False
101199,2025-03-17,2025-03,Apparel,Mobile App,3,183.44,False
101200,2025-03-25,2025-03,Apparel,Marketplace,1,44.06,False
101201,2025-03-02,2025-03,Apparel,Website,2,135.88,False
101202,2025-03-15,2025-03,Electronics,Website,3,570.15,False
101203,2025-03-25,2025-03,Beauty,Marketplace,1,27.41,False
101204,2025-03-26,2025-03,Apparel,Website,2,97.77,False
101205,2025-03-05,2025-03,Beauty,Website,2,72.84,True
101206,2025-03-30,2025-03,Home & Garden,Mobile App,1,73.47,False
101207,2025-03-28,2025-03,Apparel,Website,2,153.37,False
101208,2025-03-10,2025-03,Apparel,Website,2,92.53,False
101209,2025-03-03,2025-03,Apparel,Website,1,36.37,False
101210,2025-03-22,2025-03,Electronics,Website,2,200.46,False
101211,2025-03-06,2025-03,Home & Garden,Website,1,34.61,False
101212,2025-03-17,2025-03,Apparel,Website,2,124.34,False
101213,2025-03-02,2025-03,Home & Garden,Mobile App,1,89.52,False
101214,2025-03-14,2025-03,Home & Garden,Mobile App,1,75.27,False
101215,2025-03-24,2025-03,Beauty,Mobile App,1,29.13,False
101216,2025-03-08,2025-03,Apparel,Website,3,205.56,False
101217,2025-03-16,2025-03,Apparel,Marketplace,2,110.7,False
101218,2025-03-15,2025-03,Apparel,Mobile App,2,96.12,True
101219,2025-03-16,2025-03,Home & Garden,Website,2,106.18,False
101220,2025-03-16,2025-03,Apparel,Website,1,8.0,False
101221,2025-03-11,2025-03,Beauty,Website,2,56.2,False
101222,2025-03-09,2025-03,Apparel,Website,3,95.3,False
101223,2025-03-24,2025-03,Apparel,Mobile App,1,24.77,False
101224,2025-03-13,2025-03,Electronics,Marketplace,3,24.0,False
101225,2025-03-09,2025-03,Electronics,Website,3,566.2,False
101226,2025-03-17,2025-03,Apparel,Website,2,66.85,False
101227,2025-03-01,2025-03,Electronics,Mobile App,2,310.92,False
101228,2025-03-20,2025-03,Electronics,Website,2,400.87,False
101229,2025-03-13,2025-03,Electronics,Website,2,428.71,False
101230,2025-03-17,2025-03,Electronics,Website,3,562.53,True
101231,2025-03-31,2025-03,Beauty,Mobile App,2,48.79,False
101232,2025-03-01,2025-03,Apparel,Mobile App,3,76.22,False
101233,2025-03-07,2025-03,Apparel,Website,1,61.95,False
101234,2025-03-15,2025-03,Apparel,Website,3,244.26,False
101235,2025-03-14,2025-03,Home & Garden,Website,2,116.94,False
101236,2025-03-13,2025-03,Electronics,Website,2,229.45,True
101237,2025-03-16,2025-03,Electronics,Mobile App,3,779.62,False
101238,2025-03-21,2025-03,Beauty,Website,2,45.07,False
101239,2025-03-29,2025-03,Home & Garden,Website,1,74.0,False
101240,2025-03-27,2025-03,Electronics,Website,2,162.61,False
101241,2025-03-30,2025-03,Beauty,Website,2,42.46,False
101242,2025-03-20,2025-03,Home & Garden,Mobile App,2,109.44,False
101243,2025-03-01,2025-03,Apparel,Mobile App,1,55.8,False
101244,2025-03-08,2025-03,Sports & Outdoors,Mobile App,3,262.88,False
101245,2025-03-06,2025-03,Electronics,Website,1,182.75,False
101246,2025-03-31,2025-03,Apparel,Website,2,71.77,False
101247,2025-03-14,2025-03,Apparel,Mobile App,1,55.37,False
101248,2025-03-06,2025-03,Beauty,Website,1,28.8,False
101249,2025-03-03,2025-03,Home & Garden,Website,1,64.78,False
101250,2025-03-21,2025-03,Home & Garden,Mobile App,1,82.33,False
101251,2025-03-22,2025-03,Electronics,Website,1,80.1,False
101252,2025-03-25,2025-03,Sports & Outdoors,Website,2,169.5,False
101253,2025-03-28,2025-03,Sports & Outdoors,Marketplace,3,262.99,False
101254,2025-03-10,2025-03,Home & Garden,Website,3,60.22,False
101255,2025-03-30,2025-03,Home & Garden,Website,2,103.61,False
101256,2025-03-03,2025-03,Beauty,Website,3,42.71,False
101257,2025-03-11,2025-03,Sports & Outdoors,Website,3,207.51,False
101258,2025-03-03,2025-03,Beauty,Website,2,83.94,False
101259,2025-03-08,2025-03,Sports & Outdoors,Website,2,62.93,False
101260,2025-03-27,2025-03,Home & Garden,Website,3,157.95,False
101261,2025-03-15,2025-03,Beauty,Website,2,88.13,False
101262,2025-03-15,2025-03,Beauty,Mobile App,1,36.73,False
101263,2025-03-11,2025-03,Electronics,Mobile App,2,428.75,False
101264,2025-03-16,2025-03,Home & Garden,Mobile App,2,121.03,False
101265,2025-03-13,2025-03,Electronics,Website,2,216.14,False
101266,2025-03-04,2025-03,Electronics,Website,2,346.77,False
101267,2025-03-14,2025-03,Sports & Outdoors,Website,1,64.88,False
101268,2025-03-12,2025-03,Beauty,Marketplace,2,53.11,False
101269,2025-03-10,2025-03,Electronics,Website,3,445.01,False
101270,2025-03-08,2025-03,Electronics,Mobile App,1,250.77,False
101271,2025-03-14,2025-03,Apparel,Mobile App,3,128.99,False
101272,2025-03-29,2025-03,Apparel,Website,3,144.52,False
101273,2025-03-07,2025-03,Home & Garden,Mobile App,1,66.01,False
101274,2025-03-01,2025-03,Beauty,Website,2,95.03,True
101275,2025-03-03,2025-03,Apparel,Mobile App,2,138.18,False
101276,2025-03-15,2025-03,Apparel,Website,2,87.01,False
101277,2025-03-16,2025-03,Home & Garden,Website,3,286.05,False
101278,2025-03-04,2025-03,Beauty,Website,3,81.9,False
101279,2025-03-13,2025-03,Apparel,Website,3,86.19,False
101280,2025-03-05,2025-03,Apparel,Website,2,108.55,False
101281,2025-03-19,2025-03,Home & Garden,Website,3,206.99,False
101282,2025-03-28,2025-03,Home & Garden,Website,3,258.59,False
101283,2025-03-25,2025-03,Apparel,Website,3,79.45,False
101284,2025-03-01,2025-03,Beauty,Website,3,82.49,False
101285,2025-03-14,2025-03,Home & Garden,Mobile App,1,24.83,False
101286,2025-03-26,2025-03,Beauty,Website,2,105.38,False
101287,2025-03-22,2025-03,Home & Garden,Mobile App,1,124.86,False
101288,2025-03-25,2025-03,Home & Garden,Marketplace,2,172.56,False
101289,2025-03-01,2025-03,Beauty,Website,1,54.95,False
101290,2025-03-22,2025-03,Electronics,Mobile App,3,664.26,False
101291,2025-03-23,2025-03,Apparel,Mobile App,3,158.1,False
101292,2025-03-12,2025-03,Home & Garden,Mobile App,1,78.04,False
101293,2025-03-03,2025-03,Electronics,Website,1,71.46,False
101294,2025-03-21,2025-03,Electronics,Mobile App,3,500.24,False
101295,2025-03-07,2025-03,Sports & Outdoors,Website,1,58.31,False
101296,2025-03-24,2025-03,Apparel,Website,3,144.45,False
101297,2025-03-01,2025-03,Beauty,Mobile App,2,105.03,False
101298,2025-03-03,2025-03,Electronics,Website,3,349.36,False
101299,2025-03-05,2025-03,Electronics,Website,3,501.01,False
101300,2025-03-10,2025-03,Sports & Outdoors,Mobile App,1,59.65,False
101301,2025-03-16,2025-03,Apparel,Mobile App,1,50.12,False
101302,2025-03-09,2025-03,Apparel,Marketplace,3,160.3,False
101303,2025-03-03,2025-03,Apparel,Mobile App,3,84.98,False
101304,2025-03-10,2025-03,Apparel,Mobile App,3,116.95,False
101305,2025-03-05,2025-03,Sports & Outdoors,Website,2,177.38,False
101306,2025-03-04,2025-03,Electronics,Website,2,211.26,False
101307,2025-03-29,2025-03,Home & Garden,Website,3,111.55,False
101308,2025-03-10,2025-03,Home & Garden,Mobile App,3,130.59,False
101309,2025-03-08,2025-03,Electronics,Mobile App,2,214.23,False
101310,2025-03-11,2025-03,Home & Garden,Mobile App,3,205.23,False
101311,2025-03-24,2025-03,Apparel,Marketplace,1,8.0,False
101312,2025-03-21,2025-03,Beauty,Website,1,20.51,False
101313,2025-03-24,2025-03,Apparel,Website,2,65.61,False
101314,2025-03-18,2025-03,Apparel,Website,1,51.46,False
101315,2025-03-03,2025-03,Sports & Outdoors,Website,1,107.96,True
101316,2025-03-16,2025-03,Apparel,Website,3,230.77,False
101317,2025-03-23,2025-03,Electronics,Mobile App,1,211.22,False
101318,2025-03-19,2025-03,Electronics,Website,3,379.9,True
101319,2025-03-07,2025-03,Home & Garden,Mobile App,3,313.44,False
101320,2025-03-21,2025-03,Apparel,Marketplace,3,81.72,False
101321,2025-03-14,2025-03,Apparel,Mobile App,1,59.95,False
101322,2025-03-21,2025-03,Beauty,Website,1,23.62,False
101323,2025-03-03,2025-03,Apparel,Website,1,44.38,False
101324,2025-03-24,2025-03,Sports & Outdoors,Mobile App,2,143.09,False
101325,2025-03-29,2025-03,Home & Garden,Marketplace,2,194.93,False
101326,2025-03-13,2025-03,Sports & Outdoors,Website,1,27.55,False
101327,2025-03-23,2025-03,Beauty,Website,3,146.66,False
101328,2025-03-01,2025-03,Electronics,Website,2,442.47,False
101329,2025-03-02,2025-03,Electronics,Marketplace,1,127.35,False
101330,2025-03-19,2025-03,Sports & Outdoors,Mobile App,2,87.32,False
101331,2025-03-10,2025-03,Sports & Outdoors,Marketplace,2,244.37,False
101332,2025-03-19,2025-03,Apparel,Marketplace,2,132.94,False
101333,2025-03-01,2025-03,Electronics,Website,1,148.23,False
101334,2025-03-29,2025-03,Home & Garden,Marketplace,1,107.56,False
101335,2025-03-28,2025-03,Apparel,Website,2,43.64,False
101336,2025-03-05,2025-03,Sports & Outdoors,Website,1,87.77,False
101337,2025-03-12,2025-03,Beauty,Mobile App,3,102.2,False
101338,2025-03-27,2025-03,Electronics,Website,2,337.45,False
101339,2025-03-01,2025-03,Apparel,Website,2,95.75,False
101340,2025-03-21,2025-03,Home & Garden,Mobile App,3,260.68,False
101341,2025-03-19,2025-03,Apparel,Mobile App,3,108.46,False
101342,2025-03-09,2025-03,Electronics,Website,2,321.2,False
101343,2025-03-12,2025-03,Home & Garden,Website,1,22.88,False
101344,2025-03-06,2025-03,Electronics,Mobile App,1,143.88,False
101345,2025-03-27,2025-03,Beauty,Marketplace,1,38.56,False
101346,2025-03-31,2025-03,Home & Garden,Marketplace,1,58.79,False
101347,2025-03-25,2025-03,Beauty,Website,2,89.02,False
101348,2025-03-02,2025-03,Home & Garden,Website,2,76.25,False
101349,2025-03-17,2025-03,Electronics,Website,2,41.26,False
101350,2025-03-09,2025-03,Electronics,Mobile App,2,397.31,False
101351,2025-03-03,2025-03,Electronics,Mobile App,2,313.8,False
101352,2025-03-11,2025-03,Electronics,Mobile App,2,248.28,False
101353,2025-03-07,2025-03,Beauty,Website,2,52.43,False
101354,2025-03-16,2025-03,Home & Garden,Website,2,147.91,False
101355,2025-03-09,2025-03,Home & Garden,Marketplace,3,269.04,False
101356,2025-03-24,2025-03,Electronics,Website,1,130.75,False
101357,2025-03-13,2025-03,Home & Garden,Website,1,30.14,False
101358,2025-03-12,2025-03,Sports & Outdoors,Website,2,204.36,False
101359,2025-03-12,2025-03,Apparel,Mobile App,2,35.17,False
101360,2025-03-24,2025-03,Home & Garden,Website,2,107.77,False
101361,2025-03-29,2025-03,Apparel,Mobile App,1,32.7,False
101362,2025-03-23,2025-03,Sports & Outdoors,Mobile App,3,453.22,False
101363,2025-03-25,2025-03,Apparel,Website,1,57.21,False
101364,2025-03-11,2025-03,Electronics,Mobile App,3,425.88,False
101365,2025-03-01,2025-03,Apparel,Website,2,146.17,False
101366,2025-03-11,2025-03,Sports & Outdoors,Website,1,108.43,False
101367,2025-03-10,2025-03,Home & Garden,Website,2,127.61,False
101368,2025-03-17,2025-03,Home & Garden,Website,3,338.13,False
101369,2025-03-14,2025-03,Apparel,Website,2,122.93,False
101370,2025-03-30,2025-03,Home & Garden,Website,1,52.29,False
101371,2025-03-23,2025-03,Electronics,Website,3,163.78,False
101372,2025-03-09,2025-03,Electronics,Website,2,168.66,False
101373,2025-03-04,2025-03,Sports & Outdoors,Website,1,146.05,False
101374,2025-03-13,2025-03,Home & Garden,Mobile App,2,74.96,False
101375,2025-03-21,2025-03,Beauty,Mobile App,3,80.8,False
101376,2025-03-14,2025-03,Home & Garden,Mobile App,3,327.91,False
101377,2025-03-26,2025-03,Electronics,Mobile App,3,441.84,False
101378,2025-03-19,2025-03,Beauty,Website,3,96.86,False
101379,2025-03-07,2025-03,Apparel,Marketplace,1,40.38,False
101380,2025-03-22,2025-03,Beauty,Mobile App,1,29.39,False
101381,2025-03-02,2025-03,Sports & Outdoors,Mobile App,3,441.96,False
101382,2025-03-09,2025-03,Electronics,Website,3,853.82,False
101383,2025-03-24,2025-03,Beauty,Mobile App,3,74.51,False
101384,2025-03-31,2025-03,Sports & Outdoors,Website,2,176.03,False
101385,2025-03-02,2025-03,Electronics,Mobile App,2,126.48,False
101386,2025-03-10,2025-03,Apparel,Mobile App,2,83.39,False
101387,2025-03-29,2025-03,Home & Garden,Website,2,240.81,False
101388,2025-03-23,2025-03,Electronics,Website,3,412.32,False
101389,2025-03-26,2025-03,Beauty,Website,1,28.62,False
101390,2025-03-20,2025-03,Sports & Outdoors,Website,3,299.67,False
101391,2025-03-31,2025-03,Home & Garden,Website,2,146.23,True
101392,2025-03-29,2025-03,Apparel,Marketplace,1,45.84,False
101393,2025-03-05,2025-03,Beauty,Website,3,143.84,False
101394,2025-03-13,2025-03,Sports & Outdoors,Mobile App,3,244.89,False
101395,2025-03-24,2025-03,Beauty,Website,2,68.34,False
101396,2025-03-17,2025-03,Sports & Outdoors,Website,1,144.27,False
101397,2025-03-26,2025-03,Electronics,Website,3,604.55,False
101398,2025-03-16,2025-03,Sports & Outdoors,Website,3,381.97,False
101399,2025-03-07,2025-03,Home & Garden,Website,2,78.85,False
101400,2025-03-26,2025-03,Apparel,Website,1,85.62,False
101401,2025-03-16,2025-03,Apparel,Mobile App,2,98.56,False
101402,2025-03-04,2025-03,Apparel,Website,2,117.88,False
101403,2025-03-31,2025-03,Electronics,Website,3,460.15,False
101404,2025-03-31,2025-03,Apparel,Website,3,119.48,False
101405,2025-03-03,2025-03,Sports & Outdoors,Website,2,227.54,False
101406,2025-03-14,2025-03,Apparel,Website,1,30.69,False
101407,2025-03-04,2025-03,Beauty,Marketplace,3,52.68,False
101408,2025-03-03,2025-03,Apparel,Website,2,83.31,False
101409,2025-03-13,2025-03,Apparel,Marketplace,2,141.61,False
101410,2025-03-24,2025-03,Beauty,Mobile App,3,65.37,False
101411,2025-03-23,2025-03,Beauty,Website,3,80.83,False
101412,2025-03-12,2025-03,Home & Garden,Mobile App,2,132.06,False
101413,2025-03-02,2025-03,Electronics,Website,1,82.84,True
101414,2025-03-26,2025-03,Apparel,Mobile App,2,50.68,False
101415,2025-03-12,2025-03,Home & Garden,Mobile App,1,92.49,False
101416,2025-03-29,2025-03,Home & Garden,Mobile App,3,161.13,False
101417,2025-03-19,2025-03,Electronics,Mobile App,3,144.5,False
101418,2025-03-24,2025-03,Apparel,Marketplace,2,161.7,False
101419,2025-03-31,2025-03,Electronics,Website,3,815.66,False
101420,2025-03-31,2025-03,Home & Garden,Website,2,126.97,False
101421,2025-03-15,2025-03,Apparel,Website,3,230.84,False
101422,2025-03-19,2025-03,Beauty,Mobile App,2,102.38,False
101423,2025-03-18,2025-03,Electronics,Mobile App,3,741.89,False
101424,2025-03-07,2025-03,Beauty,Marketplace,2,81.34,False
101425,2025-03-05,2025-03,Sports & Outdoors,Marketplace,3,214.72,False
101426,2025-03-31,2025-03,Electronics,Mobile App,2,201.53,False
101427,2025-03-02,2025-03,Beauty,Website,2,76.01,True
101428,2025-03-06,2025-03,Home & Garden,Mobile App,2,128.37,False
101429,2025-03-05,2025-03,Apparel,Marketplace,1,33.04,False
101430,2025-03-14,2025-03,Electronics,Mobile App,1,72.3,False
101431,2025-03-02,2025-03,Apparel,Website,2,75.61,False
101432,2025-03-11,2025-03,Electronics,Mobile App,2,500.69,False
101433,2025-03-10,2025-03,Apparel,Marketplace,3,205.22,False
101434,2025-03-03,2025-03,Electronics,Website,2,502.28,False
101435,2025-03-31,2025-03,Home & Garden,Website,2,134.91,False
101436,2025-03-18,2025-03,Beauty,Mobile App,2,39.13,False
101437,2025-03-27,2025-03,Beauty,Mobile App,1,35.51,False
101438,2025-03-08,2025-03,Apparel,Website,1,50.37,False
101439,2025-03-22,2025-03,Apparel,Website,1,56.72,False
101440,2025-03-30,2025-03,Apparel,Website,1,17.66,False
101441,2025-03-19,2025-03,Electronics,Mobile App,3,678.83,False
101442,2025-03-30,2025-03,Electronics,Mobile App,2,380.67,False
101443,2025-03-22,2025-03,Sports & Outdoors,Website,3,287.9,False
101444,2025-03-20,2025-03,Home & Garden,Mobile App,2,29.15,False
101445,2025-03-19,2025-03,Electronics,Marketplace,1,235.89,True
101446,2025-03-24,2025-03,Beauty,Website,3,98.88,False
101447,2025-03-05,2025-03,Electronics,Mobile App,1,104.58,False
101448,2025-03-09,2025-03,Sports & Outdoors,Website,3,382.85,False
101449,2025-03-08,2025-03,Electronics,Mobile App,3,709.68,False
101450,2025-03-05,2025-03,Apparel,Website,3,137.07,False
101451,2025-03-06,2025-03,Beauty,Website,3,66.94,False
101452,2025-03-06,2025-03,Apparel,Mobile App,2,92.14,False
101453,2025-03-20,2025-03,Home & Garden,Website,3,261.91,False
101454,2025-03-07,2025-03,Home & Garden,Mobile App,2,170.03,False
101455,2025-03-25,2025-03,Apparel,Mobile App,2,96.63,False
101456,2025-03-08,2025-03,Electronics,Website,2,619.64,False
101457,2025-03-19,2025-03,Sports & Outdoors,Marketplace,1,46.01,False
101458,2025-03-07,2025-03,Apparel,Website,1,40.61,False
101459,2025-03-17,2025-03,Sports & Outdoors,Website,2,150.31,False
101460,2025-03-19,2025-03,Sports & Outdoors,Website,1,115.49,False
101461,2025-03-29,2025-03,Home & Garden,Website,3,209.19,False
101462,2025-03-04,2025-03,Electronics,Mobile App,2,419.36,False
101463,2025-03-23,2025-03,Electronics,Website,2,313.61,False
101464,2025-03-03,2025-03,Apparel,Marketplace,1,71.29,False
101465,2025-03-28,2025-03,Beauty,Website,2,63.47,False
101466,2025-03-18,2025-03,Beauty,Marketplace,2,82.35,False
101467,2025-03-05,2025-03,Apparel,Mobile App,1,39.11,False
101468,2025-03-16,2025-03,Beauty,Website,1,48.94,False
101469,2025-03-21,2025-03,Apparel,Marketplace,1,62.23,False
101470,2025-03-17,2025-03,Electronics,Marketplace,2,235.87,False
101471,2025-03-08,2025-03,Home & Garden,Website,3,193.31,False
101472,2025-03-29,2025-03,Apparel,Website,1,23.15,False
101473,2025-03-30,2025-03,Electronics,Website,3,607.74,False
101474,2025-03-06,2025-03,Home & Garden,Website,1,74.88,False
101475,2025-03-24,2025-03,Home & Garden,Website,2,126.94,False
101476,2025-03-23,2025-03,Home & Garden,Mobile App,1,101.5,False
101477,2025-03-04,2025-03,Electronics,Website,3,685.36,False
101478,2025-03-04,2025-03,Electronics,Mobile App,1,191.95,False
101479,2025-03-17,2025-03,Home & Garden,Marketplace,1,47.58,False
101480,2025-03-23,2025-03,Apparel,Website,3,128.58,False
101481,2025-03-15,2025-03,Apparel,Marketplace,2,98.45,False
101482,2025-03-27,2025-03,Apparel,Website,3,165.23,False
101483,2025-03-12,2025-03,Electronics,Website,2,545.12,False
101484,2025-03-09,2025-03,Home & Garden,Marketplace,2,167.2,False
101485,2025-03-20,2025-03,Apparel,Mobile App,3,106.7,False
101486,2025-03-23,2025-03,Sports & Outdoors,Marketplace,1,90.33,False
101487,2025-03-01,2025-03,Beauty,Mobile App,1,26.79,False
101488,2025-03-12,2025-03,Electronics,Website,2,374.89,False
101489,2025-03-14,2025-03,Electronics,Marketplace,1,167.83,False
101490,2025-03-01,2025-03,Beauty,Website,2,54.79,False
101491,2025-03-27,2025-03,Apparel,Website,1,17.51,False
101492,2025-03-09,2025-03,Apparel,Marketplace,3,100.85,False
101493,2025-03-23,2025-03,Home & Garden,Website,2,143.2,False
101494,2025-03-18,2025-03,Electronics,Website,1,17.16,False
101495,2025-03-21,2025-03,Home & Garden,Mobile App,3,320.91,False
101496,2025-03-10,2025-03,Beauty,Mobile App,1,34.77,False
101497,2025-03-15,2025-03,Electronics,Website,3,726.47,False
101498,2025-03-02,2025-03,Apparel,Website,2,54.67,False
101499,2025-03-22,2025-03,Electronics,Website,3,173.21,False
101500,2025-03-07,2025-03,Apparel,Website,2,142.06,False
101501,2025-03-11,2025-03,Apparel,Website,3,91.87,False
101502,2025-03-07,2025-03,Sports & Outdoors,Mobile App,2,142.88,False
101503,2025-03-09,2025-03,Apparel,Website,1,49.33,False
101504,2025-03-21,2025-03,Apparel,Mobile App,1,59.54,False
101505,2025-03-17,2025-03,Sports & Outdoors,Marketplace,1,66.39,False
101506,2025-03-04,2025-03,Electronics,Website,1,160.99,True
101507,2025-03-21,2025-03,Sports & Outdoors,Marketplace,2,167.93,False
101508,2025-03-19,2025-03,Electronics,Website,1,93.64,False
101509,2025-03-21,2025-03,Apparel,Website,1,48.25,False
101510,2025-03-28,2025-03,Home & Garden,Website,3,229.92,False
101511,2025-03-23,2025-03,Electronics,Website,2,298.46,False
101512,2025-03-01,2025-03,Home & Garden,Marketplace,3,277.22,False
101513,2025-03-16,2025-03,Home & Garden,Marketplace,2,77.39,False
101514,2025-03-13,2025-03,Sports & Outdoors,Marketplace,2,191.35,False
101515,2025-03-13,2025-03,Sports & Outdoors,Mobile App,1,43.95,False
101516,2025-03-12,2025-03,Electronics,Mobile App,2,246.91,False
101517,2025-03-06,2025-03,Beauty,Website,3,24.0,False
101518,2025-03-22,2025-03,Electronics,Website,1,115.24,False
101519,2025-03-30,2025-03,Beauty,Website,1,46.96,False
101520,2025-03-20,2025-03,Apparel,Website,2,17.49,False
101521,2025-03-18,2025-03,Electronics,Website,2,369.09,False
101522,2025-03-19,2025-03,Beauty,Website,3,114.53,False
101523,2025-03-31,2025-03,Beauty,Mobile App,1,15.03,False
101524,2025-03-31,2025-03,Apparel,Mobile App,1,61.25,False
101525,2025-03-06,2025-03,Home & Garden,Website,1,102.85,False
101526,2025-03-22,2025-03,Apparel,Website,3,115.07,False
101527,2025-03-14,2025-03,Home & Garden,Marketplace,2,124.23,False
101528,2025-03-19,2025-03,Electronics,Website,2,310.87,False
101529,2025-03-07,2025-03,Sports & Outdoors,Marketplace,3,165.59,False
101530,2025-03-17,2025-03,Apparel,Mobile App,3,53.76,False
101531,2025-03-21,2025-03,Electronics,Website,2,259.56,False
101532,2025-03-30,2025-03,Apparel,Mobile App,1,35.42,False
101533,2025-03-07,2025-03,Home & Garden,Website,1,75.99,False
101534,2025-03-29,2025-03,Electronics,Website,2,380.17,False
101535,2025-03-18,2025-03,Home & Garden,Website,2,167.97,False
101536,2025-03-09,2025-03,Electronics,Website,1,199.34,False
101537,2025-03-24,2025-03,Electronics,Website,3,763.95,True
101538,2025-03-18,2025-03,Sports & Outdoors,Website,2,96.87,False
101539,2025-03-29,2025-03,Apparel,Mobile App,2,76.28,False
101540,2025-03-20,2025-03,Beauty,Website,1,43.02,False
101541,2025-03-08,2025-03,Electronics,Website,1,203.71,False
101542,2025-03-21,2025-03,Beauty,Mobile App,3,84.94,False
101543,2025-03-01,2025-03,Beauty,Mobile App,1,29.79,False
101544,2025-03-19,2025-03,Electronics,Marketplace,3,714.32,True
101545,2025-03-09,2025-03,Home & Garden,Website,2,166.84,False
101546,2025-03-22,2025-03,Home & Garden,Website,1,105.88,False
101547,2025-03-09,2025-03,Beauty,Website,3,38.22,False
101548,2025-03-22,2025-03,Home & Garden,Website,3,126.41,False
101549,2025-03-21,2025-03,Beauty,Mobile App,1,29.0,False
101550,2025-03-29,2025-03,Electronics,Marketplace,1,142.16,False
101551,2025-03-22,2025-03,Apparel,Mobile App,2,95.76,False
101552,2025-03-25,2025-03,Home & Garden,Mobile App,2,237.13,False
101553,2025-03-02,2025-03,Electronics,Website,2,269.38,False
101554,2025-03-22,2025-03,Apparel,Mobile App,2,87.43,False
101555,2025-03-10,2025-03,Apparel,Website,3,160.6,False
101556,2025-03-19,2025-03,Home & Garden,Website,1,67.23,False
101557,2025-03-12,2025-03,Electronics,Mobile App,3,411.54,False
101558,2025-03-14,2025-03,Sports & Outdoors,Website,1,76.22,False
101559,2025-03-13,2025-03,Apparel,Marketplace,3,102.49,False
101560,2025-03-13,2025-03,Home & Garden,Website,3,205.41,False
101561,2025-03-11,2025-03,Electronics,Mobile App,3,483.58,False
101562,2025-03-15,2025-03,Apparel,Website,2,97.13,False
101563,2025-03-15,2025-03,Beauty,Website,1,23.65,False
101564,2025-03-29,2025-03,Apparel,Mobile App,2,127.12,False
101565,2025-03-23,2025-03,Beauty,Mobile App,3,80.38,False
101566,2025-03-28,2025-03,Beauty,Website,2,63.12,False
101567,2025-03-27,2025-03,Beauty,Website,2,80.67,False
101568,2025-03-27,2025-03,Home & Garden,Website,1,78.15,False
101569,2025-03-02,2025-03,Sports & Outdoors,Website,3,223.07,False
101570,2025-03-23,2025-03,Apparel,Website,3,113.34,False
101571,2025-03-09,2025-03,Home & Garden,Website,3,199.07,False
101572,2025-03-22,2025-03,Electronics,Mobile App,1,266.42,False
101573,2025-03-24,2025-03,Electronics,Website,3,673.69,False
101574,2025-03-13,2025-03,Sports & Outdoors,Website,2,259.38,False
101575,2025-03-01,2025-03,Electronics,Marketplace,2,349.71,False
101576,2025-03-14,2025-03,Sports & Outdoors,Marketplace,3,246.67,True
101577,2025-03-26,2025-03,Electronics,Mobile App,3,472.7,False
101578,2025-03-30,2025-03,Beauty,Website,2,93.67,False
101579,2025-03-07,2025-03,Beauty,Website,1,40.76,False
101580,2025-03-25,2025-03,Home & Garden,Website,1,93.53,False
101581,2025-03-02,2025-03,Home & Garden,Website,1,76.69,False
101582,2025-03-05,2025-03,Sports & Outdoors,Website,1,105.36,False
101583,2025-03-31,2025-03,Home & Garden,Marketplace,2,95.97,False
101584,2025-03-26,2025-03,Electronics,Website,3,590.99,False
101585,2025-03-22,2025-03,Apparel,Mobile App,1,38.92,False
101586,2025-03-05,2025-03,Home & Garden,Mobile App,3,408.9,True
101587,2025-04-07,2025-04,Home & Garden,Website,1,67.34,False
101588,2025-04-25,2025-04,Sports & Outdoors,Marketplace,3,322.78,False
101589,2025-04-05,2025-04,Sports & Outdoors,Marketplace,3,251.99,False
101590,2025-04-25,2025-04,Sports & Outdoors,Mobile App,3,183.04,False
101591,2025-04-11,2025-04,Apparel,Website,3,136.64,False
101592,2025-04-06,2025-04,Sports & Outdoors,Mobile App,1,101.21,False
101593,2025-04-13,2025-04,Beauty,Mobile App,1,22.39,False
101594,2025-04-13,2025-04,Home & Garden,Marketplace,3,137.66,False
101595,2025-04-04,2025-04,Apparel,Website,2,101.17,False
101596,2025-04-09,2025-04,Home & Garden,Website,1,67.2,False
101597,2025-04-04,2025-04,Apparel,Website,2,105.48,False
101598,2025-04-10,2025-04,Home & Garden,Mobile App,3,310.99,False
101599,2025-04-25,2025-04,Apparel,Mobile App,1,44.8,False
101600,2025-04-29,2025-04,Beauty,Website,1,38.71,False
101601,2025-04-27,2025-04,Sports & Outdoors,Website,2,309.96,False
101602,2025-04-09,2025-04,Beauty,Website,2,68.32,False
101603,2025-04-23,2025-04,Sports & Outdoors,Mobile App,3,171.29,False
101604,2025-04-27,2025-04,Sports & Outdoors,Mobile App,3,193.5,False
101605,2025-04-19,2025-04,Sports & Outdoors,Website,3,264.74,False
101606,2025-04-26,2025-04,Sports & Outdoors,Website,1,105.15,False
101607,2025-04-12,2025-04,Sports & Outdoors,Website,2,181.8,False
101608,2025-04-16,2025-04,Sports & Outdoors,Website,3,137.61,False
101609,2025-04-20,2025-04,Apparel,Mobile App,2,83.0,False
101610,2025-04-18,2025-04,Apparel,Website,2,122.75,False
101611,2025-04-27,2025-04,Apparel,Mobile App,3,198.54,False
101612,2025-04-11,2025-04,Sports & Outdoors,Website,2,90.12,False
101613,2025-04-02,2025-04,Beauty,Website,3,96.21,False
101614,2025-04-06,2025-04,Home & Garden,Website,2,149.94,False
101615,2025-04-05,2025-04,Apparel,Marketplace,3,102.17,False
101616,2025-04-08,2025-04,Beauty,Website,2,49.43,False
101617,2025-04-27,2025-04,Sports & Outdoors,Website,1,116.98,False
101618,2025-04-07,2025-04,Electronics,Mobile App,2,369.83,False
101619,2025-04-06,2025-04,Apparel,Website,3,181.58,True
101620,2025-04-14,2025-04,Electronics,Website,3,502.31,False
101621,2025-04-21,2025-04,Home & Garden,Mobile App,2,142.88,False
101622,2025-04-05,2025-04,Apparel,Website,3,160.87,False
101623,2025-04-16,2025-04,Home & Garden,Marketplace,3,371.13,False
101624,2025-04-23,2025-04,Electronics,Website,1,201.11,False
101625,2025-04-10,2025-04,Electronics,Mobile App,1,149.55,False
101626,2025-04-27,2025-04,Electronics,Marketplace,1,129.68,False
101627,2025-04-06,2025-04,Apparel,Marketplace,2,96.25,False
101628,2025-04-23,2025-04,Electronics,Website,2,322.08,False
101629,2025-04-07,2025-04,Electronics,Marketplace,1,318.43,False
101630,2025-04-13,2025-04,Home & Garden,Mobile App,3,116.2,False
101631,2025-04-26,2025-04,Home & Garden,Mobile App,3,198.17,False
101632,2025-04-29,2025-04,Apparel,Marketplace,1,49.66,False
101633,2025-04-28,2025-04,Electronics,Website,1,67.02,False
101634,2025-04-09,2025-04,Electronics,Marketplace,3,596.86,False
101635,2025-04-07,2025-04,Apparel,Mobile App,1,23.38,False
101636,2025-04-24,2025-04,Electronics,Mobile App,3,658.71,False
101637,2025-04-07,2025-04,Apparel,Mobile App,1,53.1,False
101638,2025-04-14,2025-04,Apparel,Website,2,91.59,False
101639,2025-04-28,2025-04,Apparel,Marketplace,3,150.41,False
101640,2025-04-23,2025-04,Apparel,Marketplace,2,16.0,False
101641,2025-04-01,2025-04,Apparel,Website,3,188.46,False
101642,2025-04-02,2025-04,Electronics,Website,1,128.48,False
101643,2025-04-03,2025-04,Apparel,Mobile App,3,95.93,False
101644,2025-04-02,2025-04,Beauty,Marketplace,1,39.07,False
101645,2025-04-19,2025-04,Apparel,Mobile App,3,179.71,False
101646,2025-04-12,2025-04,Sports & Outdoors,Mobile App,1,87.16,False
101647,2025-04-26,2025-04,Beauty,Marketplace,2,44.44,False
101648,2025-04-02,2025-04,Electronics,Website,2,449.66,False
101649,2025-04-05,2025-04,Sports & Outdoors,Website,2,428.81,False
101650,2025-04-23,2025-04,Home & Garden,Website,1,66.61,False
101651,2025-04-29,2025-04,Electronics,Mobile App,1,155.83,False
101652,2025-04-18,2025-04,Beauty,Website,2,84.96,False
101653,2025-04-20,2025-04,Sports & Outdoors,Marketplace,2,223.76,True
101654,2025-04-06,2025-04,Apparel,Website,1,57.11,False
101655,2025-04-23,2025-04,Electronics,Website,1,218.27,False
101656,2025-04-24,2025-04,Sports & Outdoors,Website,3,383.95,False
101657,2025-04-20,2025-04,Electronics,Website,3,458.61,False
101658,2025-04-22,2025-04,Apparel,Mobile App,2,60.73,False
101659,2025-04-03,2025-04,Beauty,Website,2,93.19,False
101660,2025-04-28,2025-04,Beauty,Website,2,67.07,False
101661,2025-04-06,2025-04,Apparel,Marketplace,1,45.03,False
101662,2025-04-23,2025-04,Home & Garden,Mobile App,1,67.12,False
101663,2025-04-13,2025-04,Apparel,Website,3,115.05,False
101664,2025-04-13,2025-04,Home & Garden,Marketplace,2,198.29,False
101665,2025-04-17,2025-04,Apparel,Website,2,72.92,False
101666,2025-04-27,2025-04,Home & Garden,Mobile App,2,81.62,False
101667,2025-04-13,2025-04,Electronics,Website,2,356.82,False
101668,2025-04-26,2025-04,Apparel,Website,1,27.61,False
101669,2025-04-17,2025-04,Home & Garden,Mobile App,2,174.28,False
101670,2025-04-03,2025-04,Apparel,Website,3,112.19,False
101671,2025-04-27,2025-04,Beauty,Website,3,115.14,False
101672,2025-04-16,2025-04,Sports & Outdoors,Mobile App,3,234.11,False
101673,2025-04-26,2025-04,Home & Garden,Mobile App,3,216.04,False
101674,2025-04-20,2025-04,Apparel,Mobile App,1,54.86,False
101675,2025-04-06,2025-04,Apparel,Website,2,53.87,False
101676,2025-04-20,2025-04,Electronics,Mobile App,3,422.09,False
101677,2025-04-17,2025-04,Home & Garden,Website,3,250.19,False
101678,2025-04-14,2025-04,Beauty,Mobile App,2,60.95,False
101679,2025-04-13,2025-04,Apparel,Mobile App,3,84.6,False
101680,2025-04-14,2025-04,Sports & Outdoors,Website,2,152.35,False
101681,2025-04-09,2025-04,Beauty,Marketplace,1,49.58,False
101682,2025-04-09,2025-04,Apparel,Website,3,210.11,False
101683,2025-04-17,2025-04,Home & Garden,Marketplace,2,153.76,False
101684,2025-04-11,2025-04,Home & Garden,Website,3,225.83,False
101685,2025-04-21,2025-04,Electronics,Website,2,290.48,False
101686,2025-04-24,2025-04,Electronics,Website,1,200.47,False
101687,2025-04-02,2025-04,Beauty,Website,1,42.47,False
101688,2025-04-24,2025-04,Beauty,Mobile App,2,63.72,False
101689,2025-04-09,2025-04,Beauty,Website,3,78.77,False
101690,2025-04-01,2025-04,Home & Garden,Website,3,229.5,False
101691,2025-04-02,2025-04,Apparel,Website,2,78.74,False
101692,2025-04-27,2025-04,Home & Garden,Website,2,159.86,False
101693,2025-04-08,2025-04,Sports & Outdoors,Website,3,219.6,False
101694,2025-04-09,2025-04,Electronics,Mobile App,3,355.19,False
101695,2025-04-30,2025-04,Apparel,Mobile App,2,163.72,False
101696,2025-04-15,2025-04,Apparel,Mobile App,2,118.67,False
101697,2025-04-29,2025-04,Apparel,Mobile App,3,156.0,False
101698,2025-04-30,2025-04,Beauty,Website,3,181.89,False
101699,2025-04-23,2025-04,Apparel,Website,1,46.38,False
101700,2025-04-30,2025-04,Electronics,Website,3,282.74,False
101701,2025-04-28,2025-04,Home & Garden,Mobile App,3,237.68,False
101702,2025-04-18,2025-04,Beauty,Website,3,131.92,False
101703,2025-04-15,2025-04,Sports & Outdoors,Website,1,20.96,False
101704,2025-04-06,2025-04,Electronics,Website,1,147.76,False
101705,2025-04-25,2025-04,Beauty,Mobile App,3,81.69,False
101706,2025-04-16,2025-04,Sports & Outdoors,Website,2,148.62,False
101707,2025-04-09,2025-04,Apparel,Mobile App,2,35.79,False
101708,2025-04-10,2025-04,Beauty,Website,1,32.86,False
101709,2025-04-18,2025-04,Home & Garden,Website,2,153.3,False
101710,2025-04-11,2025-04,Apparel,Mobile App,2,71.12,False
101711,2025-04-20,2025-04,Electronics,Website,2,252.41,False
101712,2025-04-11,2025-04,Home & Garden,Website,3,303.63,False
101713,2025-04-20,2025-04,Apparel,Website,1,60.5,False
101714,2025-04-26,2025-04,Apparel,Mobile App,1,61.26,False
101715,2025-04-26,2025-04,Beauty,Marketplace,1,30.39,False
101716,2025-04-20,2025-04,Electronics,Website,3,544.89,False
101717,2025-04-08,2025-04,Sports & Outdoors,Website,2,211.09,True
101718,2025-04-28,2025-04,Apparel,Website,2,98.67,False
101719,2025-04-01,2025-04,Apparel,Website,2,124.58,True
101720,2025-04-06,2025-04,Electronics,Website,1,108.0,False
101721,2025-04-13,2025-04,Home & Garden,Website,2,182.68,False
101722,2025-04-13,2025-04,Electronics,Website,1,226.54,False
101723,2025-04-02,2025-04,Electronics,Website,2,368.11,False
101724,2025-04-11,2025-04,Apparel,Mobile App,3,117.12,False
101725,2025-04-09,2025-04,Sports & Outdoors,Website,2,215.75,False
101726,2025-04-14,2025-04,Apparel,Mobile App,1,54.81,False
101727,2025-04-25,2025-04,Beauty,Website,3,43.7,False
101728,2025-04-10,2025-04,Apparel,Website,3,132.59,False
101729,2025-04-05,2025-04,Beauty,Website,1,49.2,True
101730,2025-04-21,2025-04,Beauty,Website,1,37.28,False
101731,2025-04-17,2025-04,Apparel,Website,1,43.9,False
101732,2025-04-21,2025-04,Electronics,Website,2,334.06,True
101733,2025-04-19,2025-04,Electronics,Mobile App,1,167.88,False
101734,2025-04-03,2025-04,Apparel,Website,3,84.89,True
101735,2025-04-03,2025-04,Apparel,Mobile App,2,32.06,False
101736,2025-04-09,2025-04,Electronics,Marketplace,3,401.62,False
101737,2025-04-04,2025-04,Electronics,Website,1,146.28,False
101738,2025-04-23,2025-04,Beauty,Website,2,83.38,False
101739,2025-04-02,2025-04,Home & Garden,Website,3,172.45,False
101740,2025-04-22,2025-04,Home & Garden,Website,3,280.7,False
101741,2025-04-01,2025-04,Home & Garden,Mobile App,3,157.72,False
101742,2025-04-07,2025-04,Apparel,Website,3,154.43,False
101743,2025-04-05,2025-04,Apparel,Mobile App,2,61.22,False
101744,2025-04-05,2025-04,Electronics,Website,2,446.6,False
101745,2025-04-04,2025-04,Apparel,Website,2,65.91,False
101746,2025-04-15,2025-04,Home & Garden,Website,3,135.48,False
101747,2025-04-10,2025-04,Apparel,Mobile App,3,165.12,False
101748,2025-04-05,2025-04,Beauty,Website,1,12.51,False
101749,2025-04-13,2025-04,Beauty,Marketplace,1,48.62,False
101750,2025-04-17,2025-04,Home & Garden,Mobile App,3,159.08,False
101751,2025-04-10,2025-04,Electronics,Website,1,154.91,False
101752,2025-04-30,2025-04,Beauty,Website,1,38.78,False
101753,2025-04-08,2025-04,Sports & Outdoors,Mobile App,3,163.95,False
101754,2025-04-01,2025-04,Sports & Outdoors,Website,3,471.46,False
101755,2025-04-07,2025-04,Sports & Outdoors,Website,3,236.31,False
101756,2025-04-23,2025-04,Sports & Outdoors,Mobile App,3,364.05,False
101757,2025-04-16,2025-04,Sports & Outdoors,Website,1,112.9,False
101758,2025-04-18,2025-04,Electronics,Website,2,350.91,False
101759,2025-04-29,2025-04,Beauty,Website,1,36.68,False
101760,2025-04-27,2025-04,Beauty,Mobile App,2,88.95,False
101761,2025-04-24,2025-04,Sports & Outdoors,Website,3,236.05,False
101762,2025-04-22,2025-04,Home & Garden,Website,2,138.95,False
101763,2025-04-29,2025-04,Apparel,Website,1,50.34,False
101764,2025-04-13,2025-04,Apparel,Website,2,83.63,False
101765,2025-04-15,2025-04,Home & Garden,Website,2,16.0,False
101766,2025-04-12,2025-04,Electronics,Mobile App,1,208.35,False
101767,2025-04-11,2025-04,Beauty,Marketplace,2,65.18,True
101768,2025-04-05,2025-04,Apparel,Website,2,50.53,False
101769,2025-04-16,2025-04,Beauty,Mobile App,1,33.69,False
101770,2025-04-06,2025-04,Apparel,Website,2,83.48,False
101771,2025-04-27,2025-04,Apparel,Marketplace,1,40.47,False
101772,2025-04-11,2025-04,Apparel,Website,3,204.61,False
101773,2025-04-22,2025-04,Electronics,Website,1,234.44,False
101774,2025-04-24,2025-04,Apparel,Website,2,79.95,False
101775,2025-04-28,2025-04,Electronics,Mobile App,3,510.75,False
101776,2025-04-21,2025-04,Electronics,Mobile App,2,492.12,False
101777,2025-04-22,2025-04,Home & Garden,Website,2,127.68,False
101778,2025-04-19,2025-04,Sports & Outdoors,Website,3,296.76,False
101779,2025-04-10,2025-04,Apparel,Website,3,158.16,False
101780,2025-04-27,2025-04,Beauty,Website,3,155.18,False
101781,2025-04-14,2025-04,Electronics,Website,1,76.84,False
101782,2025-04-21,2025-04,Electronics,Mobile App,2,372.47,True
101783,2025-04-20,2025-04,Apparel,Website,2,162.21,False
101784,2025-04-20,2025-04,Apparel,Website,2,136.81,False
101785,2025-04-24,2025-04,Sports & Outdoors,Website,2,245.98,True
101786,2025-04-04,2025-04,Apparel,Website,1,50.21,False
101787,2025-04-09,2025-04,Home & Garden,Mobile App,2,133.77,False
101788,2025-04-15,2025-04,Beauty,Website,2,40.59,True
101789,2025-04-04,2025-04,Sports & Outdoors,Website,2,187.86,False
101790,2025-04-02,2025-04,Sports & Outdoors,Mobile App,2,283.07,False
101791,2025-04-24,2025-04,Sports & Outdoors,Website,2,241.1,True
101792,2025-04-20,2025-04,Beauty,Website,1,47.78,False
101793,2025-04-20,2025-04,Electronics,Mobile App,1,153.99,False
101794,2025-04-07,2025-04,Beauty,Mobile App,3,92.6,False
101795,2025-04-27,2025-04,Electronics,Marketplace,3,568.13,False
101796,2025-04-25,2025-04,Home & Garden,Mobile App,3,121.25,True
101797,2025-04-19,2025-04,Electronics,Marketplace,1,149.0,False
101798,2025-04-10,2025-04,Electronics,Marketplace,2,410.79,False
101799,2025-04-09,2025-04,Apparel,Website,1,28.46,False
101800,2025-04-01,2025-04,Apparel,Website,1,41.05,False
101801,2025-04-20,2025-04,Apparel,Mobile App,2,76.67,False
101802,2025-04-09,2025-04,Sports & Outdoors,Mobile App,3,40.17,True
101803,2025-04-14,2025-04,Sports & Outdoors,Marketplace,3,155.84,False
101804,2025-04-10,2025-04,Home & Garden,Website,1,95.75,False
101805,2025-04-05,2025-04,Apparel,Website,2,83.17,False
101806,2025-04-06,2025-04,Apparel,Mobile App,3,189.04,True
101807,2025-04-28,2025-04,Electronics,Website,2,113.22,False
101808,2025-04-27,2025-04,Apparel,Website,1,25.33,False
101809,2025-04-23,2025-04,Home & Garden,Website,2,153.06,False
101810,2025-04-03,2025-04,Home & Garden,Website,1,67.97,False
101811,2025-04-09,2025-04,Electronics,Website,3,619.75,False
101812,2025-04-18,2025-04,Beauty,Website,3,133.77,False
101813,2025-04-28,2025-04,Sports & Outdoors,Website,2,82.89,False
101814,2025-04-02,2025-04,Beauty,Website,2,91.78,False
101815,2025-04-25,2025-04,Home & Garden,Marketplace,3,99.03,False
101816,2025-04-05,2025-04,Sports & Outdoors,Website,3,320.28,False
101817,2025-04-07,2025-04,Apparel,Mobile App,2,116.6,False
101818,2025-04-02,2025-04,Beauty,Website,1,33.98,False
101819,2025-04-29,2025-04,Electronics,Marketplace,1,83.1,False
101820,2025-04-17,2025-04,Beauty,Website,1,14.47,False
101821,2025-04-07,2025-04,Electronics,Website,1,160.83,False
101822,2025-04-22,2025-04,Sports & Outdoors,Website,2,39.2,False
101823,2025-04-07,2025-04,Electronics,Mobile App,2,440.21,False
101824,2025-04-12,2025-04,Electronics,Mobile App,2,91.26,False
101825,2025-04-09,2025-04,Home & Garden,Website,1,81.17,False
101826,2025-04-29,2025-04,Electronics,Website,3,436.9,True
101827,2025-04-14,2025-04,Apparel,Website,2,51.29,False
101828,2025-04-04,2025-04,Beauty,Mobile App,3,104.11,False
101829,2025-04-19,2025-04,Electronics,Website,2,352.42,False
101830,2025-04-07,2025-04,Home & Garden,Website,1,55.49,False
101831,2025-04-15,2025-04,Sports & Outdoors,Website,1,8.0,True
101832,2025-04-24,2025-04,Home & Garden,Website,3,91.88,False
101833,2025-04-01,2025-04,Electronics,Website,3,301.28,True
101834,2025-04-24,2025-04,Sports & Outdoors,Marketplace,3,312.22,False
101835,2025-04-05,2025-04,Electronics,Website,3,316.69,True
101836,2025-04-30,2025-04,Sports & Outdoors,Mobile App,3,229.18,False
101837,2025-04-28,2025-04,Beauty,Mobile App,1,36.2,False
101838,2025-04-08,2025-04,Electronics,Mobile App,1,195.33,False
101839,2025-04-01,2025-04,Electronics,Website,1,167.07,False
101840,2025-04-06,2025-04,Electronics,Website,2,533.67,False
101841,2025-04-07,2025-04,Electronics,Mobile App,1,197.42,False
101842,2025-04-06,2025-04,Home & Garden,Marketplace,1,67.3,False
101843,2025-04-13,2025-04,Apparel,Mobile App,3,78.66,False
101844,2025-04-06,2025-04,Electronics,Mobile App,3,414.76,False
101845,2025-04-08,2025-04,Beauty,Marketplace,1,44.62,False
101846,2025-04-01,2025-04,Sports & Outdoors,Website,1,117.6,False
101847,2025-04-17,2025-04,Sports & Outdoors,Website,3,343.92,False
101848,2025-04-06,2025-04,Sports & Outdoors,Mobile App,1,75.6,False
101849,2025-04-29,2025-04,Sports & Outdoors,Mobile App,2,132.04,False
101850,2025-04-16,2025-04,Apparel,Marketplace,2,107.56,False
101851,2025-04-09,2025-04,Electronics,Website,3,285.89,True
101852,2025-04-24,2025-04,Beauty,Marketplace,2,35.47,False
101853,2025-04-23,2025-04,Home & Garden,Website,1,108.67,False
101854,2025-04-07,2025-04,Sports & Outdoors,Website,3,306.29,False
101855,2025-04-04,2025-04,Electronics,Website,3,589.37,False
101856,2025-04-23,2025-04,Home & Garden,Website,2,100.0,False
101857,2025-04-02,2025-04,Apparel,Website,2,68.4,False
101858,2025-04-05,2025-04,Electronics,Website,3,316.58,False
101859,2025-04-06,2025-04,Apparel,Mobile App,1,64.01,False
101860,2025-04-01,2025-04,Electronics,Mobile App,2,212.05,True
101861,2025-04-02,2025-04,Electronics,Website,3,174.15,False
101862,2025-04-06,2025-04,Sports & Outdoors,Mobile App,1,122.74,False
101863,2025-04-23,2025-04,Electronics,Mobile App,1,179.31,False
101864,2025-04-02,2025-04,Beauty,Mobile App,1,39.6,False
101865,2025-04-07,2025-04,Apparel,Mobile App,3,208.58,False
101866,2025-04-26,2025-04,Sports & Outdoors,Website,1,140.74,False
101867,2025-04-26,2025-04,Electronics,Website,2,436.61,False
101868,2025-04-23,2025-04,Sports & Outdoors,Mobile App,2,324.89,True
101869,2025-04-11,2025-04,Beauty,Mobile App,2,91.98,False
101870,2025-04-07,2025-04,Home & Garden,Mobile App,3,157.54,False
101871,2025-04-06,2025-04,Home & Garden,Website,2,188.17,False
101872,2025-04-10,2025-04,Electronics,Website,2,114.77,False
101873,2025-04-20,2025-04,Electronics,Website,2,207.78,False
101874,2025-04-14,2025-04,Home & Garden,Marketplace,3,180.72,True
101875,2025-04-11,2025-04,Apparel,Mobile App,2,81.12,False
101876,2025-04-08,2025-04,Home & Garden,Mobile App,2,72.83,False
101877,2025-04-23,2025-04,Electronics,Mobile App,2,271.82,False
101878,2025-04-17,2025-04,Home & Garden,Website,3,198.31,False
101879,2025-04-16,2025-04,Electronics,Mobile App,3,422.21,False
101880,2025-04-21,2025-04,Apparel,Website,2,111.77,False
101881,2025-04-19,2025-04,Home & Garden,Website,3,229.05,False
101882,2025-04-02,2025-04,Home & Garden,Marketplace,1,71.42,True
101883,2025-04-04,2025-04,Apparel,Marketplace,1,102.32,False
101884,2025-04-25,2025-04,Home & Garden,Website,2,97.37,False
101885,2025-04-05,2025-04,Apparel,Website,1,35.89,False
101886,2025-04-27,2025-04,Electronics,Mobile App,3,902.51,False
101887,2025-04-29,2025-04,Home & Garden,Mobile App,3,213.07,False
101888,2025-04-03,2025-04,Sports & Outdoors,Marketplace,2,158.23,False
101889,2025-04-05,2025-04,Home & Garden,Website,3,202.99,False
101890,2025-04-19,2025-04,Sports & Outdoors,Website,1,132.99,False
101891,2025-04-18,2025-04,Apparel,Mobile App,2,95.9,False
101892,2025-04-21,2025-04,Beauty,Website,1,20.67,False
101893,2025-04-05,2025-04,Beauty,Website,1,40.84,False
101894,2025-04-13,2025-04,Electronics,Website,2,257.34,False
101895,2025-04-26,2025-04,Home & Garden,Website,1,39.12,False
101896,2025-04-02,2025-04,Beauty,Website,1,42.73,False
101897,2025-04-15,2025-04,Electronics,Marketplace,3,79.77,False
101898,2025-04-09,2025-04,Beauty,Website,1,59.82,False
101899,2025-04-09,2025-04,Home & Garden,Mobile App,2,151.9,False
101900,2025-04-27,2025-04,Home & Garden,Website,3,281.72,False
101901,2025-04-05,2025-04,Apparel,Website,2,106.24,False
101902,2025-04-09,2025-04,Home & Garden,Mobile App,2,120.28,False
101903,2025-04-17,2025-04,Home & Garden,Mobile App,1,56.6,False
101904,2025-04-21,2025-04,Apparel,Mobile App,3,92.25,False
101905,2025-04-12,2025-04,Beauty,Website,2,55.97,False
101906,2025-04-05,2025-04,Apparel,Website,3,39.74,False
101907,2025-04-29,2025-04,Beauty,Mobile App,1,49.22,False
101908,2025-04-06,2025-04,Beauty,Website,2,88.88,False
101909,2025-04-04,2025-04,Home & Garden,Website,3,234.99,False
101910,2025-04-21,2025-04,Home & Garden,Website,3,283.84,False
101911,2025-04-30,2025-04,Apparel,Marketplace,2,93.75,False
101912,2025-04-18,2025-04,Electronics,Marketplace,3,345.54,False
101913,2025-04-13,2025-04,Apparel,Website,1,47.71,False
101914,2025-04-28,2025-04,Apparel,Mobile App,3,77.01,False
101915,2025-04-23,2025-04,Beauty,Website,3,47.39,False
101916,2025-04-14,2025-04,Beauty,Marketplace,2,116.55,False
101917,2025-04-10,2025-04,Apparel,Mobile App,2,131.65,False
101918,2025-04-24,2025-04,Beauty,Website,1,31.3,False
101919,2025-04-27,2025-04,Electronics,Website,3,493.48,False
101920,2025-04-02,2025-04,Beauty,Mobile App,2,58.14,False
101921,2025-04-01,2025-04,Beauty,Website,3,74.05,False
101922,2025-04-17,2025-04,Electronics,Mobile App,2,318.49,False
101923,2025-04-16,2025-04,Beauty,Marketplace,1,40.31,False
101924,2025-04-17,2025-04,Sports & Outdoors,Marketplace,1,103.34,False
101925,2025-04-17,2025-04,Home & Garden,Mobile App,1,88.92,False
101926,2025-04-17,2025-04,Apparel,Marketplace,2,109.58,False
101927,2025-04-28,2025-04,Sports & Outdoors,Mobile App,1,146.26,False
101928,2025-04-02,2025-04,Apparel,Mobile App,2,117.96,False
101929,2025-04-11,2025-04,Electronics,Website,2,299.03,False
101930,2025-04-11,2025-04,Apparel,Marketplace,1,43.55,False
101931,2025-04-10,2025-04,Beauty,Marketplace,1,40.31,False
101932,2025-04-18,2025-04,Electronics,Mobile App,3,621.3,True
101933,2025-04-20,2025-04,Apparel,Website,2,119.3,True
101934,2025-04-02,2025-04,Sports & Outdoors,Website,3,78.16,False
101935,2025-04-28,2025-04,Apparel,Website,3,191.04,False
101936,2025-04-22,2025-04,Electronics,Marketplace,1,183.0,False
101937,2025-04-20,2025-04,Apparel,Website,2,16.0,False
101938,2025-04-09,2025-04,Electronics,Mobile App,2,263.56,False
101939,2025-04-02,2025-04,Home & Garden,Marketplace,3,287.74,False
101940,2025-04-08,2025-04,Sports & Outdoors,Website,3,288.75,False
101941,2025-04-19,2025-04,Beauty,Website,2,63.83,False
101942,2025-04-16,2025-04,Apparel,Mobile App,3,164.36,False
101943,2025-04-02,2025-04,Apparel,Mobile App,2,77.25,False
101944,2025-04-27,2025-04,Beauty,Mobile App,2,56.96,False
101945,2025-04-06,2025-04,Apparel,Mobile App,1,41.02,False
101946,2025-04-13,2025-04,Home & Garden,Mobile App,1,8.0,False
101947,2025-04-02,2025-04,Apparel,Website,2,53.84,False
101948,2025-04-19,2025-04,Apparel,Website,1,43.84,False
101949,2025-04-07,2025-04,Apparel,Website,2,128.12,False
101950,2025-04-10,2025-04,Home & Garden,Mobile App,1,105.64,False
101951,2025-04-06,2025-04,Beauty,Website,3,122.45,False
101952,2025-04-24,2025-04,Electronics,Mobile App,1,194.41,False
101953,2025-04-11,2025-04,Apparel,Website,1,41.16,False
101954,2025-04-23,2025-04,Sports & Outdoors,Website,3,107.44,False
101955,2025-04-15,2025-04,Sports & Outdoors,Website,1,137.11,False
101956,2025-04-09,2025-04,Apparel,Mobile App,3,193.61,False
101957,2025-04-13,2025-04,Apparel,Website,1,61.11,False
101958,2025-04-14,2025-04,Apparel,Website,2,103.69,False
101959,2025-04-18,2025-04,Beauty,Website,2,69.3,True
101960,2025-04-23,2025-04,Beauty,Website,1,36.26,False
101961,2025-04-16,2025-04,Home & Garden,Mobile App,1,76.26,False
101962,2025-04-04,2025-04,Electronics,Website,1,135.24,True
101963,2025-04-29,2025-04,Apparel,Mobile App,2,76.96,False
101964,2025-04-11,2025-04,Apparel,Website,2,52.73,False
101965,2025-04-21,2025-04,Apparel,Website,3,225.61,False
101966,2025-04-29,2025-04,Electronics,Website,2,590.1,False
101967,2025-04-17,2025-04,Apparel,Marketplace,3,206.48,False
101968,2025-04-01,2025-04,Sports & Outdoors,Website,1,71.96,False
101969,2025-04-29,2025-04,Beauty,Marketplace,3,141.25,False
101970,2025-04-18,2025-04,Electronics,Mobile App,3,714.37,False
101971,2025-04-30,2025-04,Electronics,Mobile App,3,732.29,False
101972,2025-04-29,2025-04,Apparel,Website,3,105.94,False
101973,2025-04-09,2025-04,Apparel,Marketplace,2,135.88,False
101974,2025-04-17,2025-04,Apparel,Website,2,76.24,False
101975,2025-04-21,2025-04,Beauty,Website,1,54.45,False
101976,2025-04-13,2025-04,Apparel,Mobile App,2,114.23,False
101977,2025-04-01,2025-04,Beauty,Mobile App,1,30.01,False
101978,2025-04-18,2025-04,Home & Garden,Website,3,264.99,False
101979,2025-04-20,2025-04,Home & Garden,Website,1,73.31,False
101980,2025-04-11,2025-04,Electronics,Mobile App,3,401.95,False
101981,2025-04-07,2025-04,Electronics,Website,1,299.9,False
101982,2025-04-17,2025-04,Sports & Outdoors,Website,1,84.83,False
101983,2025-04-20,2025-04,Apparel,Website,2,128.56,False
101984,2025-04-27,2025-04,Electronics,Mobile App,3,169.05,False
101985,2025-04-11,2025-04,Apparel,Website,3,166.43,True
101986,2025-04-11,2025-04,Home & Garden,Mobile App,3,123.06,False
101987,2025-04-16,2025-04,Electronics,Website,3,583.82,False
101988,2025-04-19,2025-04,Apparel,Website,2,127.06,False
101989,2025-04-22,2025-04,Electronics,Website,1,56.24,False
101990,2025-04-17,2025-04,Apparel,Website,1,44.35,False
101991,2025-04-07,2025-04,Apparel,Website,3,51.77,False
101992,2025-04-01,2025-04,Apparel,Marketplace,1,79.68,False
101993,2025-04-17,2025-04,Apparel,Mobile App,3,173.03,False
101994,2025-04-25,2025-04,Sports & Outdoors,Website,1,86.63,False
101995,2025-04-06,2025-04,Sports & Outdoors,Mobile App,1,50.2,False
101996,2025-04-27,2025-04,Apparel,Marketplace,3,188.95,False
101997,2025-04-29,2025-04,Home & Garden,Website,2,155.46,False
101998,2025-04-11,2025-04,Home & Garden,Website,2,58.58,False
101999,2025-04-10,2025-04,Sports & Outdoors,Mobile App,2,177.26,True
102000,2025-04-10,2025-04,Electronics,Mobile App,3,348.58,True
102001,2025-04-27,2025-04,Beauty,Marketplace,2,65.02,False
102002,2025-04-29,2025-04,Apparel,Mobile App,3,121.34,False
102003,2025-04-09,2025-04,Apparel,Website,3,124.75,False
102004,2025-04-13,2025-04,Beauty,Website,1,13.52,False
102005,2025-04-17,2025-04,Beauty,Mobile App,1,31.76,False
102006,2025-04-20,2025-04,Sports & Outdoors,Mobile App,1,71.43,False
102007,2025-04-27,2025-04,Apparel,Website,3,167.0,False
102008,2025-04-06,2025-04,Home & Garden,Mobile App,1,74.04,True
102009,2025-04-26,2025-04,Apparel,Website,3,208.36,False
102010,2025-04-13,2025-04,Beauty,Mobile App,3,126.27,False
102011,2025-04-06,2025-04,Sports & Outdoors,Website,3,74.09,False
102012,2025-04-25,2025-04,Sports & Outdoors,Website,1,69.11,False
102013,2025-04-04,2025-04,Electronics,Website,2,495.73,False
102014,2025-04-10,2025-04,Apparel,Website,1,37.5,True
102015,2025-04-04,2025-04,Apparel,Website,3,141.92,False
102016,2025-04-15,2025-04,Beauty,Mobile App,2,93.61,False
102017,2025-04-14,2025-04,Electronics,Website,3,484.89,False
102018,2025-04-21,2025-04,Apparel,Website,1,36.28,True
102019,2025-04-03,2025-04,Electronics,Mobile App,1,69.94,False
102020,2025-04-09,2025-04,Electronics,Website,1,279.96,False
102021,2025-04-03,2025-04,Electronics,Mobile App,3,433.6,False
102022,2025-04-11,2025-04,Home & Garden,Website,2,176.5,False
102023,2025-04-14,2025-04,Sports & Outdoors,Website,3,262.73,False
102024,2025-04-25,2025-04,Apparel,Website,3,103.23,False
102025,2025-04-16,2025-04,Apparel,Mobile App,3,36.51,False
102026,2025-04-26,2025-04,Apparel,Website,1,65.52,False
102027,2025-04-30,2025-04,Apparel,Website,2,117.38,False
102028,2025-04-19,2025-04,Electronics,Website,1,149.1,False
102029,2025-04-13,2025-04,Home & Garden,Mobile App,3,255.52,False
102030,2025-04-07,2025-04,Electronics,Mobile App,2,455.2,False
102031,2025-04-13,2025-04,Apparel,Website,1,45.82,False
102032,2025-04-26,2025-04,Home & Garden,Mobile App,1,102.81,False
102033,2025-04-16,2025-04,Apparel,Mobile App,1,61.35,False
102034,2025-04-19,2025-04,Beauty,Mobile App,2,24.27,False
102035,2025-04-19,2025-04,Apparel,Website,1,46.94,False
102036,2025-04-13,2025-04,Electronics,Mobile App,2,433.85,False
102037,2025-04-22,2025-04,Electronics,Website,2,499.48,False
102038,2025-04-07,2025-04,Beauty,Website,1,31.7,True
102039,2025-04-19,2025-04,Beauty,Marketplace,3,108.77,False
102040,2025-04-13,2025-04,Electronics,Marketplace,3,567.41,False
102041,2025-04-24,2025-04,Beauty,Marketplace,3,91.57,False
102042,2025-04-26,2025-04,Electronics,Website,1,199.62,False
102043,2025-04-18,2025-04,Beauty,Mobile App,1,21.5,False
102044,2025-04-14,2025-04,Apparel,Mobile App,1,73.87,True
102045,2025-04-25,2025-04,Home & Garden,Mobile App,3,295.62,False
102046,2025-04-19,2025-04,Apparel,Marketplace,1,44.79,False
102047,2025-04-16,2025-04,Electronics,Mobile App,1,117.05,False
102048,2025-04-25,2025-04,Home & Garden,Mobile App,1,84.92,False
102049,2025-04-27,2025-04,Apparel,Mobile App,3,98.76,False
102050,2025-04-11,2025-04,Home & Garden,Website,3,394.24,False
102051,2025-04-06,2025-04,Apparel,Website,1,29.14,False
102052,2025-04-08,2025-04,Beauty,Website,3,106.82,False
102053,2025-04-06,2025-04,Beauty,Website,2,54.56,False
102054,2025-04-11,2025-04,Apparel,Website,1,32.47,False
102055,2025-04-06,2025-04,Electronics,Mobile App,3,629.62,True
102056,2025-04-15,2025-04,Sports & Outdoors,Mobile App,1,71.42,False
102057,2025-04-09,2025-04,Beauty,Marketplace,3,112.52,False
102058,2025-04-02,2025-04,Beauty,Website,2,82.39,False
102059,2025-04-10,2025-04,Apparel,Website,3,100.16,False
102060,2025-04-07,2025-04,Home & Garden,Website,2,164.97,False
102061,2025-04-27,2025-04,Beauty,Website,3,73.37,False
102062,2025-04-16,2025-04,Apparel,Mobile App,1,59.47,False
102063,2025-04-02,2025-04,Apparel,Website,3,184.05,False
102064,2025-04-09,2025-04,Beauty,Mobile App,3,99.67,False
102065,2025-04-17,2025-04,Home & Garden,Mobile App,1,76.91,False
102066,2025-04-13,2025-04,Electronics,Mobile App,3,948.6,False
102067,2025-04-29,2025-04,Home & Garden,Marketplace,1,91.16,False
102068,2025-04-21,2025-04,Electronics,Website,2,362.7,False
102069,2025-04-22,2025-04,Sports & Outdoors,Website,3,262.02,False
102070,2025-04-01,2025-04,Apparel,Mobile App,1,31.82,False
102071,2025-04-15,2025-04,Electronics,Website,1,161.11,False
102072,2025-04-10,2025-04,Sports & Outdoors,Website,1,23.45,True
102073,2025-04-11,2025-04,Apparel,Website,3,118.81,False
102074,2025-04-30,2025-04,Electronics,Website,2,273.7,False
102075,2025-04-28,2025-04,Apparel,Mobile App,2,83.04,False
102076,2025-04-23,2025-04,Sports & Outdoors,Website,1,65.13,False
102077,2025-04-29,2025-04,Electronics,Website,2,226.6,False
102078,2025-04-29,2025-04,Apparel,Mobile App,2,155.32,True
102079,2025-04-28,2025-04,Electronics,Marketplace,1,155.57,False
102080,2025-04-04,2025-04,Beauty,Website,2,75.27,False
102081,2025-04-23,2025-04,Sports & Outdoors,Mobile App,2,188.06,False
102082,2025-04-23,2025-04,Sports & Outdoors,Website,1,78.79,False
102083,2025-04-21,2025-04,Apparel,Mobile App,1,52.42,False
102084,2025-04-09,2025-04,Apparel,Website,2,104.96,False
102085,2025-04-27,2025-04,Sports & Outdoors,Website,3,336.92,False
102086,2025-04-25,2025-04,Home & Garden,Website,1,101.43,False
102087,2025-04-08,2025-04,Apparel,Website,2,118.57,False
102088,2025-04-25,2025-04,Sports & Outdoors,Website,3,320.69,False
102089,2025-04-18,2025-04,Electronics,Website,3,365.14,False
102090,2025-04-26,2025-04,Beauty,Mobile App,3,117.3,True
102091,2025-04-17,2025-04,Home & Garden,Mobile App,3,263.84,False
102092,2025-04-15,2025-04,Apparel,Website,3,129.86,False
102093,2025-04-14,2025-04,Sports & Outdoors,Mobile App,3,244.72,False
102094,2025-04-10,2025-04,Electronics,Marketplace,3,423.13,False
102095,2025-04-21,2025-04,Beauty,Website,2,60.64,False
102096,2025-04-08,2025-04,Electronics,Mobile App,1,149.9,False
102097,2025-04-13,2025-04,Sports & Outdoors,Website,3,191.65,False
102098,2025-04-21,2025-04,Beauty,Mobile App,1,26.89,False
102099,2025-04-17,2025-04,Sports & Outdoors,Website,2,90.03,True
102100,2025-04-05,2025-04,Sports & Outdoors,Website,3,372.32,False
102101,2025-04-05,2025-04,Electronics,Website,3,611.03,False
102102,2025-04-21,2025-04,Electronics,Website,2,464.25,False
102103,2025-04-08,2025-04,Home & Garden,Website,3,158.92,False
102104,2025-04-20,2025-04,Home & Garden,Mobile App,3,279.33,False
102105,2025-04-23,2025-04,Beauty,Website,1,33.02,False
102106,2025-04-06,2025-04,Home & Garden,Mobile App,2,73.29,False
102107,2025-04-29,2025-04,Apparel,Mobile App,2,155.49,False
102108,2025-04-12,2025-04,Electronics,Website,3,402.06,False
102109,2025-04-08,2025-04,Beauty,Mobile App,3,138.69,False
102110,2025-04-15,2025-04,Sports & Outdoors,Marketplace,2,187.08,False
102111,2025-04-25,2025-04,Sports & Outdoors,Website,1,138.61,False
102112,2025-04-07,2025-04,Home & Garden,Marketplace,1,56.62,False
102113,2025-04-21,2025-04,Sports & Outdoors,Mobile App,2,234.77,False
102114,2025-04-21,2025-04,Apparel,Mobile App,1,79.88,False
102115,2025-04-29,2025-04,Sports & Outdoors,Mobile App,1,94.05,False
102116,2025-04-21,2025-04,Sports & Outdoors,Website,3,201.53,False
102117,2025-04-18,2025-04,Beauty,Marketplace,3,104.46,False
102118,2025-04-28,2025-04,Beauty,Website,2,33.65,False
102119,2025-04-10,2025-04,Beauty,Website,2,92.5,False
102120,2025-04-26,2025-04,Beauty,Website,3,144.6,False
102121,2025-04-11,2025-04,Sports & Outdoors,Mobile App,3,48.52,False
102122,2025-04-17,2025-04,Apparel,Website,1,65.27,False
102123,2025-04-21,2025-04,Electronics,Mobile App,3,602.55,False
102124,2025-04-04,2025-04,Beauty,Website,2,52.03,False
102125,2025-04-14,2025-04,Beauty,Mobile App,3,67.75,False
102126,2025-04-07,2025-04,Sports & Outdoors,Website,3,146.66,False
102127,2025-04-18,2025-04,Apparel,Website,2,89.11,False
102128,2025-04-15,2025-04,Home & Garden,Mobile App,2,102.86,False
102129,2025-04-24,2025-04,Apparel,Mobile App,2,127.08,False
102130,2025-04-18,2025-04,Home & Garden,Mobile App,3,177.71,False
102131,2025-04-26,2025-04,Electronics,Website,2,410.58,False
102132,2025-04-04,2025-04,Beauty,Website,2,80.4,False
102133,2025-04-13,2025-04,Apparel,Website,1,25.77,False
102134,2025-04-01,2025-04,Home & Garden,Mobile App,3,238.96,False
102135,2025-04-18,2025-04,Beauty,Marketplace,1,35.36,False
102136,2025-04-12,2025-04,Electronics,Mobile App,2,335.2,False
102137,2025-04-28,2025-04,Apparel,Mobile App,3,127.63,False
102138,2025-04-04,2025-04,Beauty,Website,2,61.97,False
102139,2025-04-08,2025-04,Home & Garden,Website,1,76.69,False
102140,2025-04-17,2025-04,Electronics,Marketplace,3,580.66,False
102141,2025-04-30,2025-04,Apparel,Mobile App,3,147.52,False
102142,2025-04-18,2025-04,Electronics,Mobile App,1,242.93,True
102143,2025-04-14,2025-04,Electronics,Mobile App,1,133.37,False
102144,2025-04-24,2025-04,Electronics,Mobile App,3,424.46,False
102145,2025-04-24,2025-04,Apparel,Website,2,134.72,False
102146,2025-04-22,2025-04,Apparel,Website,3,109.54,False
102147,2025-04-09,2025-04,Home & Garden,Marketplace,3,199.74,False
102148,2025-04-24,2025-04,Electronics,Marketplace,1,90.27,False
102149,2025-04-25,2025-04,Home & Garden,Website,1,78.94,False
102150,2025-04-01,2025-04,Electronics,Website,1,133.04,False
102151,2025-04-14,2025-04,Electronics,Mobile App,2,247.27,False
102152,2025-05-01,2025-05,Apparel,Website,3,85.08,False
102153,2025-05-06,2025-05,Electronics,Website,1,173.18,False
102154,2025-05-10,2025-05,Home & Garden,Website,2,136.1,True
102155,2025-05-05,2025-05,Home & Garden,Website,1,110.67,False
102156,2025-05-04,2025-05,Apparel,Mobile App,3,127.54,False
102157,2025-05-04,2025-05,Beauty,Website,1,40.86,False
102158,2025-05-13,2025-05,Beauty,Website,1,39.27,False
102159,2025-05-05,2025-05,Beauty,Marketplace,2,59.35,False
102160,2025-05-04,2025-05,Home & Garden,Website,3,248.17,False
102161,2025-05-26,2025-05,Apparel,Website,1,42.59,True
102162,2025-05-03,2025-05,Beauty,Marketplace,1,52.41,False
102163,2025-05-20,2025-05,Apparel,Marketplace,3,191.09,False
102164,2025-05-24,2025-05,Electronics,Mobile App,2,192.36,False
102165,2025-05-28,2025-05,Sports & Outdoors,Marketplace,3,130.77,False
102166,2025-05-24,2025-05,Electronics,Website,3,320.28,False
102167,2025-05-23,2025-05,Electronics,Mobile App,3,712.26,False
102168,2025-05-10,2025-05,Apparel,Website,3,160.07,False
102169,2025-05-22,2025-05,Electronics,Website,2,426.02,False
102170,2025-05-19,2025-05,Beauty,Marketplace,1,40.36,False
102171,2025-05-11,2025-05,Home & Garden,Marketplace,2,79.21,False
102172,2025-05-19,2025-05,Beauty,Website,2,49.2,False
102173,2025-05-05,2025-05,Electronics,Website,3,413.65,False
102174,2025-05-20,2025-05,Sports & Outdoors,Website,3,276.42,False
102175,2025-05-19,2025-05,Electronics,Website,3,839.12,False
102176,2025-05-06,2025-05,Home & Garden,Marketplace,3,105.95,False
102177,2025-05-14,2025-05,Sports & Outdoors,Marketplace,3,209.78,False
102178,2025-05-08,2025-05,Electronics,Marketplace,1,195.67,False
102179,2025-05-01,2025-05,Sports & Outdoors,Marketplace,3,177.36,False
102180,2025-05-12,2025-05,Apparel,Website,3,36.34,False
102181,2025-05-25,2025-05,Apparel,Website,2,78.42,False
102182,2025-05-13,2025-05,Home & Garden,Marketplace,2,170.43,False
102183,2025-05-14,2025-05,Electronics,Website,2,463.42,False
102184,2025-05-29,2025-05,Electronics,Website,2,351.88,False
102185,2025-05-12,2025-05,Apparel,Website,3,24.0,False
102186,2025-05-17,2025-05,Beauty,Mobile App,2,71.57,False
102187,2025-05-02,2025-05,Electronics,Mobile App,3,463.39,False
102188,2025-05-06,2025-05,Apparel,Mobile App,3,88.87,False
102189,2025-05-11,2025-05,Beauty,Mobile App,1,11.73,False
102190,2025-05-20,2025-05,Sports & Outdoors,Mobile App,2,220.46,False
102191,2025-05-08,2025-05,Home & Garden,Website,2,149.82,False
102192,2025-05-18,2025-05,Sports & Outdoors,Marketplace,2,199.77,False
102193,2025-05-21,2025-05,Apparel,Mobile App,3,178.7,False
102194,2025-05-08,2025-05,Apparel,Marketplace,2,79.52,False
102195,2025-05-08,2025-05,Home & Garden,Website,3,253.84,False
102196,2025-05-15,2025-05,Electronics,Mobile App,3,425.65,False
102197,2025-05-18,2025-05,Sports & Outdoors,Website,3,106.6,False
102198,2025-05-21,2025-05,Electronics,Mobile App,1,142.97,False
102199,2025-05-29,2025-05,Apparel,Website,3,116.0,False
102200,2025-05-02,2025-05,Home & Garden,Website,2,130.96,False
102201,2025-05-02,2025-05,Sports & Outdoors,Website,2,143.32,False
102202,2025-05-24,2025-05,Apparel,Mobile App,3,97.91,False
102203,2025-05-14,2025-05,Apparel,Website,1,81.55,False
102204,2025-05-07,2025-05,Home & Garden,Website,2,197.38,False
102205,2025-05-28,2025-05,Beauty,Mobile App,3,63.14,False
102206,2025-05-21,2025-05,Apparel,Mobile App,2,78.93,False
102207,2025-05-10,2025-05,Home & Garden,Website,1,66.09,False
102208,2025-05-17,2025-05,Home & Garden,Mobile App,1,34.65,False
102209,2025-05-05,2025-05,Electronics,Website,3,910.3,False
102210,2025-05-23,2025-05,Apparel,Website,2,99.98,False
102211,2025-05-14,2025-05,Electronics,Website,1,176.85,False
102212,2025-05-03,2025-05,Home & Garden,Website,2,88.04,False
102213,2025-05-05,2025-05,Apparel,Website,2,78.36,False
102214,2025-05-09,2025-05,Apparel,Marketplace,1,41.96,False
102215,2025-05-22,2025-05,Sports & Outdoors,Website,3,222.96,False
102216,2025-05-04,2025-05,Beauty,Website,1,31.2,False
102217,2025-05-16,2025-05,Apparel,Website,1,41.6,False
102218,2025-05-11,2025-05,Apparel,Mobile App,1,66.38,True
102219,2025-05-27,2025-05,Sports & Outdoors,Website,3,247.96,False
102220,2025-05-06,2025-05,Apparel,Marketplace,3,102.45,False
102221,2025-05-26,2025-05,Sports & Outdoors,Mobile App,1,77.36,False
102222,2025-05-11,2025-05,Beauty,Marketplace,3,58.83,False
102223,2025-05-25,2025-05,Beauty,Marketplace,2,85.45,False
102224,2025-05-27,2025-05,Home & Garden,Mobile App,1,87.92,False
102225,2025-05-07,2025-05,Electronics,Website,3,734.47,False
102226,2025-05-19,2025-05,Home & Garden,Mobile App,1,74.12,False
102227,2025-05-02,2025-05,Apparel,Website,1,81.31,False
102228,2025-05-07,2025-05,Home & Garden,Website,1,36.35,False
102229,2025-05-01,2025-05,Home & Garden,Mobile App,2,147.72,False
102230,2025-05-26,2025-05,Electronics,Website,3,383.93,False
102231,2025-05-12,2025-05,Electronics,Website,3,507.01,False
102232,2025-05-12,2025-05,Apparel,Website,2,149.29,False
102233,2025-05-04,2025-05,Beauty,Mobile App,1,57.12,False
102234,2025-05-10,2025-05,Apparel,Mobile App,3,227.62,False
102235,2025-05-29,2025-05,Beauty,Mobile App,2,68.66,False
102236,2025-05-27,2025-05,Electronics,Mobile App,1,109.32,False
102237,2025-05-30,2025-05,Electronics,Website,1,181.26,False
102238,2025-05-03,2025-05,Apparel,Website,3,167.38,True
102239,2025-05-25,2025-05,Electronics,Website,1,151.52,False
102240,2025-05-22,2025-05,Home & Garden,Website,3,266.77,False
102241,2025-05-27,2025-05,Home & Garden,Website,2,101.54,False
102242,2025-05-25,2025-05,Sports & Outdoors,Website,1,71.01,False
102243,2025-05-25,2025-05,Apparel,Website,1,67.03,False
102244,2025-05-08,2025-05,Electronics,Website,2,552.36,False
102245,2025-05-11,2025-05,Sports & Outdoors,Website,3,398.83,False
102246,2025-05-09,2025-05,Apparel,Mobile App,2,183.86,False
102247,2025-05-31,2025-05,Sports & Outdoors,Mobile App,3,255.79,False
102248,2025-05-14,2025-05,Sports & Outdoors,Mobile App,3,289.26,False
102249,2025-05-16,2025-05,Sports & Outdoors,Website,1,123.57,False
102250,2025-05-02,2025-05,Home & Garden,Website,2,200.66,False
102251,2025-05-05,2025-05,Apparel,Mobile App,2,47.13,False
102252,2025-05-14,2025-05,Home & Garden,Mobile App,2,159.3,False
102253,2025-05-04,2025-05,Apparel,Mobile App,3,250.0,False
102254,2025-05-29,2025-05,Electronics,Website,3,762.23,True
102255,2025-05-04,2025-05,Electronics,Website,1,184.83,False
102256,2025-05-09,2025-05,Electronics,Website,1,93.98,False
102257,2025-05-03,2025-05,Apparel,Website,3,205.54,True
102258,2025-05-19,2025-05,Apparel,Website,2,43.13,False
102259,2025-05-27,2025-05,Sports & Outdoors,Website,2,292.59,False
102260,2025-05-31,2025-05,Sports & Outdoors,Website,2,179.11,False
102261,2025-05-16,2025-05,Beauty,Mobile App,1,43.36,False
102262,2025-05-23,2025-05,Apparel,Marketplace,2,67.19,False
102263,2025-05-04,2025-05,Electronics,Mobile App,3,407.68,False
102264,2025-05-16,2025-05,Electronics,Website,1,123.22,False
102265,2025-05-11,2025-05,Beauty,Website,1,39.57,False
102266,2025-05-13,2025-05,Beauty,Website,2,36.62,False
102267,2025-05-29,2025-05,Beauty,Website,3,178.12,False
102268,2025-05-31,2025-05,Apparel,Website,2,152.98,False
102269,2025-05-13,2025-05,Electronics,Website,3,251.46,False
102270,2025-05-07,2025-05,Beauty,Mobile App,1,38.72,False
102271,2025-05-20,2025-05,Electronics,Mobile App,3,421.26,False
102272,2025-05-29,2025-05,Home & Garden,Website,1,48.94,False
102273,2025-05-10,2025-05,Apparel,Website,3,156.97,False
102274,2025-05-06,2025-05,Beauty,Mobile App,1,37.89,False
102275,2025-05-15,2025-05,Apparel,Mobile App,2,117.17,False
102276,2025-05-02,2025-05,Apparel,Website,1,53.54,True
102277,2025-05-13,2025-05,Apparel,Mobile App,3,115.59,False
102278,2025-05-20,2025-05,Electronics,Website,3,295.54,False
102279,2025-05-19,2025-05,Sports & Outdoors,Website,1,70.45,False
102280,2025-05-28,2025-05,Electronics,Mobile App,2,457.26,False
102281,2025-05-24,2025-05,Beauty,Mobile App,2,75.3,False
102282,2025-05-26,2025-05,Apparel,Website,1,53.04,False
102283,2025-05-31,2025-05,Beauty,Mobile App,3,47.23,False
102284,2025-05-12,2025-05,Beauty,Website,1,30.14,False
102285,2025-05-31,2025-05,Apparel,Mobile App,3,159.74,True
102286,2025-05-25,2025-05,Apparel,Mobile App,1,33.87,True
102287,2025-05-15,2025-05,Home & Garden,Website,3,193.12,False
102288,2025-05-31,2025-05,Home & Garden,Marketplace,2,128.87,False
102289,2025-05-16,2025-05,Sports & Outdoors,Website,1,74.64,False
102290,2025-05-29,2025-05,Apparel,Website,2,68.84,False
102291,2025-05-19,2025-05,Apparel,Mobile App,2,107.1,True
102292,2025-05-31,2025-05,Apparel,Marketplace,3,205.67,False
102293,2025-05-08,2025-05,Beauty,Mobile App,3,97.23,True
102294,2025-05-25,2025-05,Apparel,Website,3,183.61,False
102295,2025-05-20,2025-05,Beauty,Website,3,97.68,False
102296,2025-05-20,2025-05,Beauty,Mobile App,2,99.78,False
102297,2025-05-08,2025-05,Apparel,Mobile App,2,90.12,False
102298,2025-05-30,2025-05,Electronics,Website,3,212.73,False
102299,2025-05-29,2025-05,Beauty,Website,2,99.12,False
102300,2025-05-13,2025-05,Electronics,Website,1,230.41,False
102301,2025-05-24,2025-05,Beauty,Marketplace,2,38.38,False
102302,2025-05-17,2025-05,Apparel,Website,3,191.76,False
102303,2025-05-18,2025-05,Electronics,Mobile App,2,175.49,False
102304,2025-05-30,2025-05,Sports & Outdoors,Mobile App,3,488.95,False
102305,2025-05-26,2025-05,Electronics,Website,1,176.68,False
102306,2025-05-20,2025-05,Electronics,Website,2,253.97,False
102307,2025-05-24,2025-05,Beauty,Website,1,31.44,False
102308,2025-05-20,2025-05,Apparel,Mobile App,1,52.68,False
102309,2025-05-12,2025-05,Apparel,Website,1,54.23,False
102310,2025-05-03,2025-05,Apparel,Website,3,133.34,False
102311,2025-05-19,2025-05,Beauty,Website,1,20.26,False
102312,2025-05-01,2025-05,Electronics,Website,3,153.62,False
102313,2025-05-12,2025-05,Home & Garden,Website,3,104.38,False
102314,2025-05-01,2025-05,Home & Garden,Mobile App,2,84.01,False
102315,2025-05-09,2025-05,Beauty,Website,3,89.14,False
102316,2025-05-05,2025-05,Apparel,Mobile App,2,146.32,False
102317,2025-05-13,2025-05,Electronics,Website,3,256.87,False
102318,2025-05-24,2025-05,Home & Garden,Website,1,61.16,False
102319,2025-05-13,2025-05,Beauty,Website,3,110.05,False
102320,2025-05-06,2025-05,Home & Garden,Mobile App,3,229.81,False
102321,2025-05-18,2025-05,Electronics,Mobile App,3,438.5,False
102322,2025-05-15,2025-05,Apparel,Website,1,65.77,False
102323,2025-05-26,2025-05,Electronics,Website,2,229.0,False
102324,2025-05-04,2025-05,Beauty,Website,3,106.29,False
102325,2025-05-13,2025-05,Apparel,Mobile App,2,50.47,False
102326,2025-05-06,2025-05,Beauty,Mobile App,1,27.88,False
102327,2025-05-10,2025-05,Electronics,Mobile App,3,694.19,False
102328,2025-05-02,2025-05,Electronics,Website,1,210.49,False
102329,2025-05-25,2025-05,Home & Garden,Website,2,213.76,False
102330,2025-05-23,2025-05,Sports & Outdoors,Website,3,80.55,False
102331,2025-05-17,2025-05,Apparel,Website,3,93.72,False
102332,2025-05-13,2025-05,Apparel,Website,1,57.74,False
102333,2025-05-04,2025-05,Sports & Outdoors,Website,1,40.75,False
102334,2025-05-07,2025-05,Sports & Outdoors,Mobile App,3,151.17,False
102335,2025-05-07,2025-05,Home & Garden,Website,3,343.98,False
102336,2025-05-26,2025-05,Sports & Outdoors,Website,2,202.93,False
102337,2025-05-20,2025-05,Sports & Outdoors,Website,3,165.91,False
102338,2025-05-13,2025-05,Home & Garden,Marketplace,3,132.25,False
102339,2025-05-07,2025-05,Electronics,Website,2,373.18,False
102340,2025-05-06,2025-05,Apparel,Mobile App,3,140.82,True
102341,2025-05-20,2025-05,Electronics,Website,1,192.96,False
102342,2025-05-16,2025-05,Apparel,Website,1,78.95,False
102343,2025-05-01,2025-05,Apparel,Website,3,210.0,False
102344,2025-05-14,2025-05,Apparel,Mobile App,2,66.26,False
102345,2025-05-05,2025-05,Beauty,Mobile App,1,29.1,False
102346,2025-05-02,2025-05,Beauty,Website,3,146.88,False
102347,2025-05-15,2025-05,Beauty,Website,1,27.33,False
102348,2025-05-18,2025-05,Home & Garden,Mobile App,3,223.36,False
102349,2025-05-25,2025-05,Sports & Outdoors,Website,3,361.34,False
102350,2025-05-01,2025-05,Beauty,Mobile App,2,80.85,True
102351,2025-05-30,2025-05,Beauty,Website,2,63.09,False
102352,2025-05-03,2025-05,Electronics,Website,3,693.84,False
102353,2025-05-20,2025-05,Apparel,Website,1,69.45,False
102354,2025-05-15,2025-05,Sports & Outdoors,Website,1,106.76,False
102355,2025-05-24,2025-05,Sports & Outdoors,Mobile App,1,87.7,False
102356,2025-05-13,2025-05,Electronics,Mobile App,2,353.51,False
102357,2025-05-12,2025-05,Apparel,Website,1,32.64,False
102358,2025-05-06,2025-05,Electronics,Website,1,201.91,False
102359,2025-05-25,2025-05,Sports & Outdoors,Marketplace,2,224.43,False
102360,2025-05-24,2025-05,Home & Garden,Website,2,101.29,False
102361,2025-05-27,2025-05,Apparel,Mobile App,1,64.39,True
102362,2025-05-20,2025-05,Electronics,Mobile App,2,252.53,True
102363,2025-05-22,2025-05,Home & Garden,Mobile App,2,173.11,False
102364,2025-05-24,2025-05,Electronics,Marketplace,1,108.36,False
102365,2025-05-04,2025-05,Electronics,Website,1,140.09,False
102366,2025-05-12,2025-05,Apparel,Website,2,51.68,False
102367,2025-05-22,2025-05,Electronics,Website,2,304.0,False
102368,2025-05-07,2025-05,Beauty,Website,2,33.7,False
102369,2025-05-06,2025-05,Sports & Outdoors,Website,3,95.01,False
102370,2025-05-18,2025-05,Home & Garden,Marketplace,3,153.64,False
102371,2025-05-31,2025-05,Beauty,Mobile App,3,58.6,False
102372,2025-05-25,2025-05,Beauty,Mobile App,2,58.21,False
102373,2025-05-09,2025-05,Apparel,Mobile App,2,102.79,False
102374,2025-05-06,2025-05,Sports & Outdoors,Website,3,170.45,False
102375,2025-05-20,2025-05,Apparel,Website,2,81.92,False
102376,2025-05-12,2025-05,Electronics,Website,1,151.46,False
102377,2025-05-29,2025-05,Apparel,Marketplace,2,87.43,False
102378,2025-05-18,2025-05,Apparel,Mobile App,3,101.29,False
102379,2025-05-13,2025-05,Beauty,Website,1,34.74,False
102380,2025-05-30,2025-05,Electronics,Website,3,820.68,False
102381,2025-05-23,2025-05,Sports & Outdoors,Website,1,146.85,False
102382,2025-05-06,2025-05,Electronics,Website,1,177.73,False
102383,2025-05-07,2025-05,Electronics,Website,1,204.64,False
102384,2025-05-10,2025-05,Apparel,Marketplace,1,57.49,False
102385,2025-05-22,2025-05,Sports & Outdoors,Website,1,91.22,False
102386,2025-05-18,2025-05,Electronics,Mobile App,1,54.31,False
102387,2025-05-20,2025-05,Apparel,Marketplace,2,62.87,False
102388,2025-05-17,2025-05,Sports & Outdoors,Mobile App,1,46.66,False
102389,2025-05-08,2025-05,Sports & Outdoors,Website,1,86.46,True
102390,2025-05-10,2025-05,Sports & Outdoors,Mobile App,3,427.4,False
102391,2025-05-11,2025-05,Electronics,Website,2,370.46,False
102392,2025-05-24,2025-05,Electronics,Website,3,528.42,False
102393,2025-05-13,2025-05,Beauty,Website,2,46.48,False
102394,2025-05-15,2025-05,Home & Garden,Mobile App,2,135.01,False
102395,2025-05-22,2025-05,Sports & Outdoors,Website,3,174.61,False
102396,2025-05-14,2025-05,Electronics,Website,2,239.33,False
102397,2025-05-19,2025-05,Apparel,Website,1,38.34,False
102398,2025-05-07,2025-05,Sports & Outdoors,Website,2,181.41,False
102399,2025-05-02,2025-05,Beauty,Mobile App,3,110.06,False
102400,2025-05-18,2025-05,Sports & Outdoors,Website,1,105.04,False
102401,2025-05-23,2025-05,Electronics,Website,1,137.12,False
102402,2025-05-19,2025-05,Sports & Outdoors,Website,2,158.96,False
102403,2025-05-09,2025-05,Electronics,Mobile App,3,443.64,False
102404,2025-05-05,2025-05,Apparel,Website,2,118.35,False
102405,2025-05-25,2025-05,Electronics,Website,1,328.39,False
102406,2025-05-20,2025-05,Apparel,Mobile App,2,57.05,False
102407,2025-05-31,2025-05,Electronics,Mobile App,2,485.13,False
102408,2025-05-03,2025-05,Apparel,Website,3,160.86,False
102409,2025-05-07,2025-05,Beauty,Website,2,65.61,False
102410,2025-05-04,2025-05,Beauty,Website,2,35.53,False
102411,2025-05-17,2025-05,Apparel,Marketplace,3,102.69,False
102412,2025-05-31,2025-05,Home & Garden,Website,1,35.62,False
102413,2025-05-03,2025-05,Electronics,Mobile App,1,112.99,False
102414,2025-05-23,2025-05,Beauty,Mobile App,2,70.79,False
102415,2025-05-18,2025-05,Sports & Outdoors,Website,2,187.96,True
102416,2025-05-04,2025-05,Beauty,Website,2,61.04,True
102417,2025-05-14,2025-05,Beauty,Website,3,160.82,False
102418,2025-05-10,2025-05,Beauty,Website,3,51.26,True
102419,2025-05-01,2025-05,Apparel,Mobile App,2,134.69,False
102420,2025-05-04,2025-05,Sports & Outdoors,Website,2,125.48,False
102421,2025-05-24,2025-05,Electronics,Mobile App,3,686.84,False
102422,2025-05-13,2025-05,Sports & Outdoors,Website,2,182.34,False
102423,2025-05-04,2025-05,Sports & Outdoors,Mobile App,3,484.38,False
102424,2025-05-05,2025-05,Apparel,Website,1,17.84,False
102425,2025-05-09,2025-05,Apparel,Website,1,13.27,False
102426,2025-05-18,2025-05,Apparel,Website,1,46.56,False
102427,2025-05-09,2025-05,Home & Garden,Marketplace,3,236.24,False
102428,2025-05-02,2025-05,Electronics,Website,2,298.23,False
102429,2025-05-15,2025-05,Home & Garden,Mobile App,1,54.71,False
102430,2025-05-24,2025-05,Electronics,Marketplace,2,276.53,False
102431,2025-05-11,2025-05,Beauty,Mobile App,2,80.47,False
102432,2025-05-15,2025-05,Electronics,Mobile App,1,254.15,False
102433,2025-05-22,2025-05,Apparel,Website,3,170.89,False
102434,2025-05-11,2025-05,Apparel,Marketplace,3,152.21,False
102435,2025-05-18,2025-05,Home & Garden,Mobile App,1,37.27,False
102436,2025-05-11,2025-05,Beauty,Website,2,83.46,False
102437,2025-05-27,2025-05,Beauty,Website,1,38.0,False
102438,2025-05-24,2025-05,Apparel,Website,3,136.73,False
102439,2025-05-19,2025-05,Electronics,Website,2,505.57,False
102440,2025-05-06,2025-05,Apparel,Website,2,106.27,False
102441,2025-05-16,2025-05,Electronics,Website,1,99.98,False
102442,2025-05-11,2025-05,Home & Garden,Website,3,206.25,True
102443,2025-05-27,2025-05,Sports & Outdoors,Website,3,272.63,False
102444,2025-05-10,2025-05,Beauty,Marketplace,2,33.43,False
102445,2025-05-03,2025-05,Apparel,Mobile App,3,158.86,False
102446,2025-05-16,2025-05,Apparel,Website,3,137.66,False
102447,2025-05-20,2025-05,Sports & Outdoors,Website,2,192.62,False
102448,2025-05-31,2025-05,Beauty,Mobile App,1,44.24,False
102449,2025-05-27,2025-05,Apparel,Website,2,78.27,False
102450,2025-05-06,2025-05,Home & Garden,Website,3,58.48,False
102451,2025-05-12,2025-05,Apparel,Website,2,104.62,False
102452,2025-05-06,2025-05,Apparel,Website,2,60.42,False
102453,2025-05-09,2025-05,Beauty,Website,2,71.58,False
102454,2025-05-28,2025-05,Beauty,Mobile App,2,16.0,False
102455,2025-05-18,2025-05,Electronics,Website,3,448.75,False
102456,2025-05-31,2025-05,Sports & Outdoors,Website,1,59.87,False
102457,2025-05-13,2025-05,Electronics,Marketplace,1,288.81,False
102458,2025-05-10,2025-05,Apparel,Website,3,183.52,False
102459,2025-05-19,2025-05,Sports & Outdoors,Marketplace,3,418.77,False
102460,2025-05-16,2025-05,Sports & Outdoors,Website,1,74.51,True
102461,2025-05-21,2025-05,Apparel,Website,1,21.06,False
102462,2025-05-17,2025-05,Beauty,Website,1,38.62,False
102463,2025-05-10,2025-05,Electronics,Website,2,240.36,False
102464,2025-05-17,2025-05,Electronics,Website,3,500.47,True
102465,2025-05-16,2025-05,Electronics,Website,1,284.98,False
102466,2025-05-20,2025-05,Beauty,Mobile App,3,112.14,False
102467,2025-05-28,2025-05,Home & Garden,Website,3,237.77,False
102468,2025-05-26,2025-05,Beauty,Marketplace,3,92.19,False
102469,2025-05-29,2025-05,Sports & Outdoors,Website,3,276.61,False
102470,2025-05-29,2025-05,Electronics,Website,1,156.6,False
102471,2025-05-24,2025-05,Home & Garden,Marketplace,1,21.39,False
102472,2025-05-02,2025-05,Sports & Outdoors,Website,1,45.44,False
102473,2025-05-03,2025-05,Apparel,Website,2,82.35,False
102474,2025-05-25,2025-05,Home & Garden,Website,3,75.63,False
102475,2025-05-26,2025-05,Home & Garden,Mobile App,1,91.42,False
102476,2025-05-14,2025-05,Beauty,Mobile App,1,20.87,False
102477,2025-05-29,2025-05,Apparel,Website,3,104.41,False
102478,2025-05-03,2025-05,Electronics,Website,3,330.28,False
102479,2025-05-20,2025-05,Electronics,Website,3,724.43,False
102480,2025-05-06,2025-05,Apparel,Website,3,129.64,False
102481,2025-05-12,2025-05,Home & Garden,Mobile App,3,253.15,False
102482,2025-05-15,2025-05,Home & Garden,Website,3,276.83,False
102483,2025-05-28,2025-05,Apparel,Website,2,98.87,False
102484,2025-05-16,2025-05,Apparel,Website,1,17.84,False
102485,2025-05-04,2025-05,Electronics,Website,3,350.64,False
102486,2025-05-29,2025-05,Apparel,Website,3,149.95,False
102487,2025-05-11,2025-05,Beauty,Website,1,27.71,False
102488,2025-05-30,2025-05,Apparel,Website,1,37.76,False
102489,2025-05-15,2025-05,Home & Garden,Website,3,145.43,False
102490,2025-05-31,2025-05,Home & Garden,Marketplace,2,97.22,False
102491,2025-05-01,2025-05,Beauty,Website,1,35.1,False
102492,2025-05-28,2025-05,Home & Garden,Website,1,50.43,False
102493,2025-05-17,2025-05,Electronics,Website,3,386.66,False
102494,2025-05-06,2025-05,Home & Garden,Website,1,80.86,False
102495,2025-05-13,2025-05,Beauty,Website,3,169.39,False
102496,2025-05-12,2025-05,Electronics,Mobile App,2,310.92,False
102497,2025-05-29,2025-05,Apparel,Website,2,130.08,False
102498,2025-05-16,2025-05,Electronics,Mobile App,1,238.51,False
102499,2025-05-17,2025-05,Electronics,Website,1,240.88,False
102500,2025-05-02,2025-05,Sports & Outdoors,Mobile App,3,428.72,False
102501,2025-05-14,2025-05,Electronics,Marketplace,2,288.36,False
102502,2025-05-31,2025-05,Apparel,Mobile App,1,47.79,False
102503,2025-05-03,2025-05,Apparel,Website,1,49.02,False
102504,2025-05-01,2025-05,Sports & Outdoors,Mobile App,2,278.02,False
102505,2025-05-24,2025-05,Sports & Outdoors,Website,3,230.21,False
102506,2025-05-10,2025-05,Sports & Outdoors,Marketplace,3,204.37,False
102507,2025-05-29,2025-05,Home & Garden,Marketplace,3,143.53,False
102508,2025-05-17,2025-05,Apparel,Website,3,176.68,False
102509,2025-05-30,2025-05,Home & Garden,Website,3,235.02,False
102510,2025-05-19,2025-05,Beauty,Mobile App,3,121.54,False
102511,2025-05-23,2025-05,Home & Garden,Website,2,124.27,False
102512,2025-05-22,2025-05,Beauty,Marketplace,2,34.19,False
102513,2025-05-18,2025-05,Apparel,Mobile App,2,81.13,False
102514,2025-05-20,2025-05,Home & Garden,Website,2,159.48,False
102515,2025-05-23,2025-05,Apparel,Website,3,169.17,False
102516,2025-05-07,2025-05,Beauty,Website,1,41.69,False
102517,2025-05-01,2025-05,Apparel,Mobile App,2,59.32,False
102518,2025-05-07,2025-05,Electronics,Mobile App,3,385.96,False
102519,2025-05-23,2025-05,Apparel,Mobile App,2,124.52,False
102520,2025-05-25,2025-05,Sports & Outdoors,Website,1,72.56,False
102521,2025-05-02,2025-05,Apparel,Mobile App,1,78.14,False
102522,2025-05-21,2025-05,Electronics,Website,3,447.58,False
102523,2025-05-04,2025-05,Beauty,Website,2,58.61,False
102524,2025-05-07,2025-05,Home & Garden,Marketplace,1,87.32,False
102525,2025-05-03,2025-05,Beauty,Mobile App,3,109.3,False
102526,2025-05-03,2025-05,Beauty,Mobile App,2,43.49,False
102527,2025-05-07,2025-05,Apparel,Website,3,217.01,False
102528,2025-05-06,2025-05,Apparel,Mobile App,2,99.14,False
102529,2025-05-26,2025-05,Home & Garden,Mobile App,1,80.36,False
102530,2025-05-26,2025-05,Apparel,Website,1,62.36,False
102531,2025-05-29,2025-05,Sports & Outdoors,Mobile App,1,67.88,False
102532,2025-05-10,2025-05,Apparel,Website,3,72.98,False
102533,2025-05-29,2025-05,Electronics,Marketplace,3,272.97,False
102534,2025-05-26,2025-05,Apparel,Website,3,100.01,False
102535,2025-05-26,2025-05,Sports & Outdoors,Website,1,58.57,False
102536,2025-05-08,2025-05,Apparel,Mobile App,3,125.72,False
102537,2025-05-03,2025-05,Apparel,Website,3,139.31,False
102538,2025-05-14,2025-05,Home & Garden,Website,3,180.76,False
102539,2025-05-18,2025-05,Apparel,Website,1,45.02,False
102540,2025-05-05,2025-05,Beauty,Website,1,39.23,True
102541,2025-05-28,2025-05,Apparel,Website,1,44.24,False
102542,2025-05-13,2025-05,Home & Garden,Website,3,377.28,False
102543,2025-05-16,2025-05,Beauty,Mobile App,3,107.75,False
102544,2025-05-24,2025-05,Electronics,Website,1,216.92,False
102545,2025-05-23,2025-05,Apparel,Mobile App,3,141.0,False
102546,2025-05-06,2025-05,Apparel,Website,2,100.91,False
102547,2025-05-10,2025-05,Sports & Outdoors,Marketplace,3,247.7,False
102548,2025-05-03,2025-05,Apparel,Website,2,120.09,False
102549,2025-05-28,2025-05,Beauty,Website,3,92.28,False
102550,2025-05-23,2025-05,Apparel,Mobile App,1,55.69,False
102551,2025-05-14,2025-05,Apparel,Mobile App,3,148.69,False
102552,2025-05-23,2025-05,Apparel,Website,2,112.91,False
102553,2025-05-14,2025-05,Electronics,Website,3,24.0,False
102554,2025-05-02,2025-05,Sports & Outdoors,Website,2,157.04,False
102555,2025-05-16,2025-05,Beauty,Website,2,116.32,False
102556,2025-05-06,2025-05,Apparel,Website,3,137.37,False
102557,2025-05-08,2025-05,Apparel,Mobile App,1,62.36,False
102558,2025-05-28,2025-05,Apparel,Website,3,71.36,False
102559,2025-05-03,2025-05,Home & Garden,Website,1,82.51,False
102560,2025-05-07,2025-05,Apparel,Mobile App,1,74.52,False
102561,2025-05-27,2025-05,Apparel,Mobile App,3,201.88,False
102562,2025-05-15,2025-05,Electronics,Mobile App,3,388.4,False
102563,2025-05-02,2025-05,Apparel,Marketplace,1,62.19,False
102564,2025-05-15,2025-05,Electronics,Website,3,464.1,False
102565,2025-05-05,2025-05,Electronics,Website,3,245.62,False
102566,2025-05-18,2025-05,Apparel,Marketplace,3,157.91,False
102567,2025-05-09,2025-05,Apparel,Website,1,36.1,False
102568,2025-05-28,2025-05,Apparel,Marketplace,3,140.15,False
102569,2025-05-28,2025-05,Home & Garden,Mobile App,1,86.82,False
102570,2025-05-06,2025-05,Sports & Outdoors,Website,1,91.8,False
102571,2025-05-31,2025-05,Home & Garden,Mobile App,1,87.12,False
102572,2025-05-22,2025-05,Sports & Outdoors,Website,3,226.51,False
102573,2025-05-14,2025-05,Electronics,Mobile App,3,449.45,False
102574,2025-05-03,2025-05,Home & Garden,Website,3,191.4,False
102575,2025-05-07,2025-05,Beauty,Website,1,33.4,False
102576,2025-05-26,2025-05,Sports & Outdoors,Website,2,163.67,False
102577,2025-05-26,2025-05,Beauty,Website,3,155.46,False
102578,2025-05-06,2025-05,Electronics,Mobile App,3,728.61,False
102579,2025-05-12,2025-05,Electronics,Website,1,150.62,False
102580,2025-05-19,2025-05,Apparel,Website,3,120.72,False
102581,2025-05-05,2025-05,Beauty,Website,1,14.06,False
102582,2025-05-28,2025-05,Electronics,Mobile App,2,286.74,True
102583,2025-05-06,2025-05,Apparel,Website,2,120.73,False
102584,2025-05-05,2025-05,Beauty,Website,1,32.78,False
102585,2025-05-13,2025-05,Home & Garden,Website,3,158.78,False
102586,2025-05-10,2025-05,Electronics,Mobile App,2,411.45,False
102587,2025-05-10,2025-05,Electronics,Website,3,776.43,False
102588,2025-05-11,2025-05,Apparel,Website,1,26.98,False
102589,2025-05-20,2025-05,Apparel,Marketplace,2,67.12,False
102590,2025-05-19,2025-05,Apparel,Website,1,16.49,False
102591,2025-05-07,2025-05,Electronics,Website,1,272.93,False
102592,2025-05-29,2025-05,Apparel,Mobile App,1,43.22,False
102593,2025-05-26,2025-05,Sports & Outdoors,Marketplace,1,40.36,False
102594,2025-05-28,2025-05,Sports & Outdoors,Mobile App,3,120.64,False
102595,2025-05-22,2025-05,Apparel,Website,3,98.35,False
102596,2025-05-01,2025-05,Electronics,Website,2,262.91,False
102597,2025-05-27,2025-05,Home & Garden,Website,2,113.25,False
102598,2025-05-17,2025-05,Electronics,Website,3,537.41,False
102599,2025-05-05,2025-05,Home & Garden,Mobile App,1,80.35,False
102600,2025-05-30,2025-05,Apparel,Mobile App,1,67.54,False
102601,2025-05-29,2025-05,Sports & Outdoors,Website,3,334.46,False
102602,2025-05-24,2025-05,Electronics,Mobile App,2,433.4,False
102603,2025-05-24,2025-05,Beauty,Website,3,51.5,False
102604,2025-05-11,2025-05,Electronics,Website,3,416.57,False
102605,2025-05-17,2025-05,Electronics,Website,3,553.81,False
102606,2025-05-01,2025-05,Electronics,Mobile App,3,751.09,False
102607,2025-05-11,2025-05,Apparel,Website,3,77.87,True
102608,2025-05-31,2025-05,Apparel,Mobile App,1,42.71,False
102609,2025-05-12,2025-05,Home & Garden,Website,2,163.7,False
102610,2025-05-26,2025-05,Sports & Outdoors,Website,3,121.09,False
102611,2025-05-04,2025-05,Apparel,Mobile App,2,122.36,False
102612,2025-05-30,2025-05,Apparel,Marketplace,2,33.15,False
102613,2025-05-04,2025-05,Beauty,Mobile App,1,33.37,False
102614,2025-05-22,2025-05,Electronics,Website,3,291.33,False
102615,2025-05-22,2025-05,Apparel,Mobile App,2,90.08,False
102616,2025-05-08,2025-05,Sports & Outdoors,Mobile App,2,159.73,False
102617,2025-05-15,2025-05,Apparel,Website,3,206.53,False
102618,2025-05-05,2025-05,Electronics,Mobile App,1,121.1,False
102619,2025-05-03,2025-05,Apparel,Marketplace,2,73.94,False
102620,2025-05-05,2025-05,Apparel,Website,2,96.16,False
102621,2025-05-08,2025-05,Sports & Outdoors,Website,1,59.18,False
102622,2025-05-22,2025-05,Home & Garden,Website,1,64.36,False
102623,2025-05-20,2025-05,Beauty,Website,1,23.73,False
102624,2025-05-01,2025-05,Electronics,Website,2,493.63,False
102625,2025-05-14,2025-05,Electronics,Mobile App,1,165.1,False
102626,2025-05-23,2025-05,Electronics,Website,1,154.05,False
102627,2025-05-01,2025-05,Sports & Outdoors,Mobile App,2,67.68,False
102628,2025-05-21,2025-05,Beauty,Website,2,51.15,False
102629,2025-05-12,2025-05,Home & Garden,Mobile App,2,114.58,False
102630,2025-05-08,2025-05,Home & Garden,Website,1,67.69,False
102631,2025-05-02,2025-05,Beauty,Website,1,46.58,False
102632,2025-05-15,2025-05,Beauty,Website,2,96.32,False
102633,2025-05-09,2025-05,Apparel,Website,1,27.91,False
102634,2025-05-03,2025-05,Electronics,Marketplace,1,215.54,False
102635,2025-05-16,2025-05,Apparel,Mobile App,3,133.33,False
102636,2025-05-01,2025-05,Beauty,Website,1,16.34,False
102637,2025-05-06,2025-05,Sports & Outdoors,Website,1,105.73,False
102638,2025-05-17,2025-05,Apparel,Website,2,91.04,False
102639,2025-05-05,2025-05,Beauty,Website,2,31.32,False
102640,2025-05-22,2025-05,Home & Garden,Marketplace,1,82.45,False
102641,2025-05-01,2025-05,Home & Garden,Website,1,71.07,False
102642,2025-05-10,2025-05,Sports & Outdoors,Mobile App,1,77.98,False
102643,2025-05-30,2025-05,Sports & Outdoors,Mobile App,2,190.47,False
102644,2025-05-09,2025-05,Apparel,Website,1,24.67,False
102645,2025-05-26,2025-05,Home & Garden,Mobile App,2,160.48,False
102646,2025-05-03,2025-05,Home & Garden,Website,3,297.98,False
102647,2025-05-19,2025-05,Electronics,Mobile App,1,210.76,True
102648,2025-05-19,2025-05,Apparel,Website,3,195.2,False
102649,2025-05-14,2025-05,Apparel,Website,3,154.0,False
102650,2025-05-20,2025-05,Home & Garden,Mobile App,3,183.65,False
102651,2025-05-31,2025-05,Electronics,Website,1,117.63,False
102652,2025-05-10,2025-05,Electronics,Website,1,97.36,True
102653,2025-05-27,2025-05,Apparel,Website,1,62.34,False
102654,2025-05-29,2025-05,Beauty,Mobile App,3,187.53,False
102655,2025-05-09,2025-05,Sports & Outdoors,Mobile App,3,435.02,False
102656,2025-05-06,2025-05,Apparel,Website,2,69.68,False
102657,2025-05-19,2025-05,Apparel,Website,1,20.05,False
102658,2025-05-26,2025-05,Electronics,Website,1,128.16,False
102659,2025-05-21,2025-05,Home & Garden,Website,1,50.11,False
102660,2025-05-21,2025-05,Apparel,Mobile App,3,131.83,False
102661,2025-05-06,2025-05,Electronics,Website,1,137.75,False
102662,2025-05-09,2025-05,Apparel,Mobile App,2,142.97,False
102663,2025-05-23,2025-05,Sports & Outdoors,Mobile App,3,479.27,False
102664,2025-05-20,2025-05,Apparel,Website,3,240.02,False
102665,2025-05-01,2025-05,Electronics,Website,1,119.06,False
102666,2025-05-02,2025-05,Apparel,Mobile App,2,163.68,False
102667,2025-05-29,2025-05,Apparel,Mobile App,3,120.81,False
102668,2025-05-29,2025-05,Sports & Outdoors,Website,1,22.49,False
102669,2025-05-19,2025-05,Beauty,Marketplace,2,72.42,False
102670,2025-05-04,2025-05,Sports & Outdoors,Website,2,232.0,False
102671,2025-05-15,2025-05,Electronics,Website,3,671.55,False
102672,2025-05-06,2025-05,Electronics,Website,2,377.74,False
102673,2025-05-05,2025-05,Apparel,Website,3,151.37,False
102674,2025-05-02,2025-05,Apparel,Marketplace,3,175.01,False
102675,2025-05-18,2025-05,Electronics,Website,2,163.22,False
102676,2025-06-03,2025-06,Home & Garden,Website,3,269.71,False
102677,2025-06-13,2025-06,Apparel,Mobile App,2,132.19,False
102678,2025-06-04,2025-06,Apparel,Website,3,134.7,False
102679,2025-06-22,2025-06,Apparel,Website,1,59.12,False
102680,2025-06-11,2025-06,Beauty,Marketplace,2,51.21,False
102681,2025-06-25,2025-06,Apparel,Website,1,34.76,False
102682,2025-06-29,2025-06,Home & Garden,Marketplace,1,97.45,False
102683,2025-06-16,2025-06,Electronics,Mobile App,3,320.04,False
102684,2025-06-16,2025-06,Apparel,Mobile App,2,69.63,False
102685,2025-06-20,2025-06,Apparel,Website,2,78.4,False
102686,2025-06-12,2025-06,Electronics,Mobile App,3,274.77,False
102687,2025-06-11,2025-06,Home & Garden,Website,3,123.17,False
102688,2025-06-18,2025-06,Electronics,Mobile App,1,75.58,False
102689,2025-06-01,2025-06,Apparel,Website,2,130.7,False
102690,2025-06-16,2025-06,Home & Garden,Mobile App,1,89.6,False
102691,2025-06-12,2025-06,Sports & Outdoors,Mobile App,1,121.48,False
102692,2025-06-03,2025-06,Apparel,Marketplace,3,68.1,False
102693,2025-06-15,2025-06,Apparel,Website,1,37.41,False
102694,2025-06-30,2025-06,Electronics,Website,1,176.9,False
102695,2025-06-02,2025-06,Sports & Outdoors,Marketplace,1,64.37,False
102696,2025-06-05,2025-06,Sports & Outdoors,Mobile App,3,234.63,False
102697,2025-06-09,2025-06,Electronics,Mobile App,3,693.24,False
102698,2025-06-04,2025-06,Electronics,Mobile App,1,217.49,False
102699,2025-06-12,2025-06,Home & Garden,Website,3,136.59,False
102700,2025-06-02,2025-06,Sports & Outdoors,Website,3,161.22,False
102701,2025-06-29,2025-06,Home & Garden,Website,2,86.27,False
102702,2025-06-07,2025-06,Home & Garden,Website,3,236.47,False
102703,2025-06-17,2025-06,Apparel,Mobile App,2,181.29,False
102704,2025-06-14,2025-06,Electronics,Mobile App,3,680.15,True
102705,2025-06-30,2025-06,Apparel,Website,2,110.93,True
102706,2025-06-21,2025-06,Electronics,Website,3,559.03,False
102707,2025-06-08,2025-06,Beauty,Mobile App,2,67.74,False
102708,2025-06-13,2025-06,Apparel,Mobile App,3,45.47,False
102709,2025-06-29,2025-06,Sports & Outdoors,Website,3,463.74,False
102710,2025-06-18,2025-06,Sports & Outdoors,Website,1,81.98,False
102711,2025-06-09,2025-06,Apparel,Mobile App,3,84.78,True
102712,2025-06-06,2025-06,Sports & Outdoors,Website,1,85.98,False
102713,2025-06-02,2025-06,Apparel,Website,2,103.4,False
102714,2025-06-23,2025-06,Apparel,Website,3,110.83,False
102715,2025-06-01,2025-06,Electronics,Website,1,218.87,False
102716,2025-06-10,2025-06,Home & Garden,Website,2,52.87,False
102717,2025-06-30,2025-06,Electronics,Mobile App,3,561.28,False
102718,2025-06-16,2025-06,Home & Garden,Mobile App,3,214.08,False
102719,2025-06-18,2025-06,Apparel,Mobile App,1,28.72,False
102720,2025-06-19,2025-06,Home & Garden,Website,1,41.54,False
102721,2025-06-04,2025-06,Beauty,Website,1,35.92,False
102722,2025-06-22,2025-06,Electronics,Website,1,170.57,False
102723,2025-06-05,2025-06,Apparel,Website,1,63.32,False
102724,2025-06-20,2025-06,Apparel,Website,2,131.76,False
102725,2025-06-18,2025-06,Home & Garden,Website,1,81.61,False
102726,2025-06-17,2025-06,Sports & Outdoors,Website,2,271.6,False
102727,2025-06-11,2025-06,Electronics,Mobile App,3,431.89,False
102728,2025-06-28,2025-06,Home & Garden,Website,1,78.03,False
102729,2025-06-06,2025-06,Beauty,Mobile App,3,38.75,False
102730,2025-06-24,2025-06,Apparel,Marketplace,3,77.68,False
102731,2025-06-12,2025-06,Beauty,Mobile App,2,90.97,False
102732,2025-06-12,2025-06,Sports & Outdoors,Mobile App,2,129.62,False
102733,2025-06-16,2025-06,Beauty,Mobile App,2,67.93,False
102734,2025-06-21,2025-06,Apparel,Mobile App,2,141.69,False
102735,2025-06-17,2025-06,Apparel,Website,3,32.15,False
102736,2025-06-12,2025-06,Apparel,Website,2,37.52,False
102737,2025-06-29,2025-06,Electronics,Mobile App,1,251.39,False
102738,2025-06-04,2025-06,Electronics,Website,2,435.69,False
102739,2025-06-10,2025-06,Home & Garden,Mobile App,2,253.12,False
102740,2025-06-18,2025-06,Apparel,Mobile App,3,134.51,False
102741,2025-06-16,2025-06,Apparel,Mobile App,3,218.14,False
102742,2025-06-18,2025-06,Apparel,Mobile App,1,59.82,False
102743,2025-06-21,2025-06,Home & Garden,Website,1,75.21,True
102744,2025-06-24,2025-06,Apparel,Mobile App,2,67.48,False
102745,2025-06-11,2025-06,Home & Garden,Mobile App,1,67.05,True
102746,2025-06-14,2025-06,Home & Garden,Marketplace,1,95.8,False
102747,2025-06-28,2025-06,Home & Garden,Website,3,243.07,False
102748,2025-06-15,2025-06,Apparel,Mobile App,3,41.9,False
102749,2025-06-21,2025-06,Beauty,Website,1,29.86,False
102750,2025-06-20,2025-06,Electronics,Website,2,524.45,True
102751,2025-06-30,2025-06,Beauty,Mobile App,2,54.14,False
102752,2025-06-22,2025-06,Electronics,Website,2,185.54,False
102753,2025-06-02,2025-06,Home & Garden,Mobile App,3,333.82,False
102754,2025-06-29,2025-06,Sports & Outdoors,Website,1,74.79,False
102755,2025-06-19,2025-06,Electronics,Website,1,135.24,False
102756,2025-06-29,2025-06,Electronics,Mobile App,1,135.12,False
102757,2025-06-05,2025-06,Electronics,Website,2,447.59,False
102758,2025-06-25,2025-06,Electronics,Website,3,544.77,False
102759,2025-06-11,2025-06,Electronics,Website,2,302.06,False
102760,2025-06-03,2025-06,Beauty,Website,1,58.23,False
102761,2025-06-16,2025-06,Home & Garden,Marketplace,2,132.05,False
102762,2025-06-28,2025-06,Sports & Outdoors,Marketplace,1,85.15,False
102763,2025-06-07,2025-06,Beauty,Website,1,55.85,False
102764,2025-06-15,2025-06,Electronics,Mobile App,2,276.06,False
102765,2025-06-29,2025-06,Sports & Outdoors,Website,1,60.51,False
102766,2025-06-23,2025-06,Home & Garden,Website,2,47.99,False
102767,2025-06-29,2025-06,Home & Garden,Website,3,301.8,False
102768,2025-06-01,2025-06,Beauty,Website,3,73.97,False
102769,2025-06-24,2025-06,Home & Garden,Website,3,249.26,False
102770,2025-06-10,2025-06,Beauty,Mobile App,2,81.08,False
102771,2025-06-17,2025-06,Electronics,Mobile App,3,660.4,False
102772,2025-06-28,2025-06,Beauty,Website,3,44.48,False
102773,2025-06-01,2025-06,Beauty,Mobile App,1,28.03,False
102774,2025-06-26,2025-06,Sports & Outdoors,Mobile App,2,190.19,False
102775,2025-06-25,2025-06,Home & Garden,Website,3,198.48,False
102776,2025-06-29,2025-06,Sports & Outdoors,Website,1,89.42,False
102777,2025-06-19,2025-06,Sports & Outdoors,Website,3,364.98,False
102778,2025-06-08,2025-06,Beauty,Website,3,95.79,False
102779,2025-06-27,2025-06,Beauty,Website,1,47.25,False
102780,2025-06-10,2025-06,Home & Garden,Website,3,176.02,False
102781,2025-06-09,2025-06,Electronics,Website,3,171.01,False
102782,2025-06-20,2025-06,Beauty,Website,1,47.27,False
102783,2025-06-30,2025-06,Apparel,Website,2,83.13,False
102784,2025-06-11,2025-06,Home & Garden,Mobile App,2,171.06,False
102785,2025-06-07,2025-06,Beauty,Mobile App,1,27.9,False
102786,2025-06-12,2025-06,Sports & Outdoors,Website,2,224.08,False
102787,2025-06-22,2025-06,Electronics,Website,3,538.13,False
102788,2025-06-08,2025-06,Beauty,Website,3,116.45,False
102789,2025-06-10,2025-06,Electronics,Website,2,543.07,False
102790,2025-06-01,2025-06,Electronics,Mobile App,3,328.21,False
102791,2025-06-23,2025-06,Home & Garden,Marketplace,2,118.82,False
102792,2025-06-12,2025-06,Home & Garden,Mobile App,1,97.6,False
102793,2025-06-30,2025-06,Electronics,Marketplace,3,363.07,False
102794,2025-06-05,2025-06,Electronics,Mobile App,1,116.12,False
102795,2025-06-04,2025-06,Apparel,Website,2,95.25,False
102796,2025-06-28,2025-06,Apparel,Website,1,48.5,False
102797,2025-06-17,2025-06,Home & Garden,Marketplace,2,147.93,False
102798,2025-06-17,2025-06,Beauty,Mobile App,3,164.12,False
102799,2025-06-24,2025-06,Electronics,Website,2,543.9,False
102800,2025-06-12,2025-06,Electronics,Website,2,374.05,False
102801,2025-06-26,2025-06,Electronics,Website,3,733.99,False
102802,2025-06-09,2025-06,Electronics,Mobile App,1,139.25,False
102803,2025-06-17,2025-06,Electronics,Mobile App,1,180.05,False
102804,2025-06-16,2025-06,Apparel,Website,2,114.23,False
102805,2025-06-16,2025-06,Electronics,Mobile App,3,666.57,False
102806,2025-06-05,2025-06,Sports & Outdoors,Website,3,484.8,False
102807,2025-06-04,2025-06,Apparel,Mobile App,2,104.49,False
102808,2025-06-10,2025-06,Electronics,Website,1,146.02,False
102809,2025-06-10,2025-06,Sports & Outdoors,Website,2,74.69,False
102810,2025-06-13,2025-06,Sports & Outdoors,Marketplace,1,137.99,False
102811,2025-06-07,2025-06,Electronics,Mobile App,3,114.35,False
102812,2025-06-26,2025-06,Electronics,Website,3,448.18,False
102813,2025-06-13,2025-06,Beauty,Website,2,56.42,False
102814,2025-06-02,2025-06,Electronics,Website,3,335.7,True
102815,2025-06-29,2025-06,Beauty,Mobile App,2,99.98,False
102816,2025-06-30,2025-06,Electronics,Mobile App,3,854.71,False
102817,2025-06-27,2025-06,Electronics,Mobile App,1,161.04,False
102818,2025-06-24,2025-06,Beauty,Website,3,177.34,False
102819,2025-06-30,2025-06,Electronics,Website,1,134.04,False
102820,2025-06-14,2025-06,Electronics,Mobile App,1,106.52,False
102821,2025-06-05,2025-06,Apparel,Website,3,180.11,False
102822,2025-06-28,2025-06,Apparel,Mobile App,3,162.77,False
102823,2025-06-16,2025-06,Beauty,Website,3,54.37,False
102824,2025-06-07,2025-06,Home & Garden,Marketplace,2,138.46,False
102825,2025-06-25,2025-06,Sports & Outdoors,Website,3,114.29,False
102826,2025-06-19,2025-06,Apparel,Website,2,72.17,False
102827,2025-06-17,2025-06,Home & Garden,Mobile App,3,231.48,False
102828,2025-06-17,2025-06,Sports & Outdoors,Marketplace,1,79.57,False
102829,2025-06-23,2025-06,Electronics,Mobile App,1,8.0,False
102830,2025-06-19,2025-06,Beauty,Website,1,41.47,False
102831,2025-06-17,2025-06,Home & Garden,Mobile App,3,204.13,True
102832,2025-06-07,2025-06,Beauty,Website,1,42.61,False
102833,2025-06-21,2025-06,Electronics,Website,2,272.47,False
102834,2025-06-02,2025-06,Beauty,Website,1,40.45,False
102835,2025-06-25,2025-06,Electronics,Website,1,130.0,False
102836,2025-06-09,2025-06,Apparel,Website,2,66.97,False
102837,2025-06-30,2025-06,Beauty,Mobile App,3,120.26,False
102838,2025-06-29,2025-06,Sports & Outdoors,Marketplace,3,313.17,False
102839,2025-06-26,2025-06,Apparel,Mobile App,3,222.22,False
102840,2025-06-06,2025-06,Beauty,Mobile App,1,38.2,False
102841,2025-06-13,2025-06,Apparel,Website,2,52.34,False
102842,2025-06-15,2025-06,Home & Garden,Mobile App,2,120.37,False
102843,2025-06-15,2025-06,Electronics,Website,1,191.36,False
102844,2025-06-23,2025-06,Home & Garden,Website,2,100.58,False
102845,2025-06-24,2025-06,Sports & Outdoors,Website,1,145.87,True
102846,2025-06-21,2025-06,Beauty,Website,1,27.22,False
102847,2025-06-09,2025-06,Beauty,Mobile App,2,76.77,False
102848,2025-06-28,2025-06,Sports & Outdoors,Website,3,386.38,False
102849,2025-06-04,2025-06,Apparel,Marketplace,1,52.34,False
102850,2025-06-02,2025-06,Apparel,Website,2,61.14,False
102851,2025-06-13,2025-06,Beauty,Website,2,58.81,False
102852,2025-06-22,2025-06,Electronics,Website,1,180.92,False
102853,2025-06-19,2025-06,Sports & Outdoors,Marketplace,1,158.42,True
102854,2025-06-03,2025-06,Home & Garden,Website,3,273.83,False
102855,2025-06-16,2025-06,Sports & Outdoors,Website,1,58.78,False
102856,2025-06-29,2025-06,Sports & Outdoors,Mobile App,1,85.6,False
102857,2025-06-01,2025-06,Sports & Outdoors,Marketplace,3,295.17,False
102858,2025-06-27,2025-06,Sports & Outdoors,Website,2,225.54,False
102859,2025-06-25,2025-06,Home & Garden,Marketplace,1,34.32,False
102860,2025-06-25,2025-06,Beauty,Website,2,80.78,False
102861,2025-06-24,2025-06,Electronics,Website,2,385.95,False
102862,2025-06-21,2025-06,Electronics,Marketplace,2,248.61,False
102863,2025-06-18,2025-06,Apparel,Website,2,61.14,False
102864,2025-06-21,2025-06,Sports & Outdoors,Mobile App,1,110.95,False
102865,2025-06-24,2025-06,Home & Garden,Website,1,104.67,False
102866,2025-06-05,2025-06,Apparel,Mobile App,1,41.8,False
102867,2025-06-24,2025-06,Beauty,Website,3,81.15,False
102868,2025-06-22,2025-06,Electronics,Marketplace,2,166.77,False
102869,2025-06-22,2025-06,Apparel,Website,1,65.16,False
102870,2025-06-22,2025-06,Beauty,Mobile App,3,91.34,False
102871,2025-06-25,2025-06,Beauty,Website,1,51.25,False
102872,2025-06-28,2025-06,Apparel,Website,2,37.96,False
102873,2025-06-20,2025-06,Home & Garden,Mobile App,3,132.56,False
102874,2025-06-01,2025-06,Apparel,Mobile App,3,56.09,False
102875,2025-06-19,2025-06,Apparel,Mobile App,1,72.61,False
102876,2025-06-24,2025-06,Home & Garden,Website,2,164.27,False
102877,2025-06-15,2025-06,Apparel,Website,1,25.8,False
102878,2025-06-28,2025-06,Apparel,Website,1,41.87,False
102879,2025-06-18,2025-06,Beauty,Website,2,53.89,False
102880,2025-06-22,2025-06,Sports & Outdoors,Website,3,268.36,False
102881,2025-06-13,2025-06,Beauty,Website,1,43.19,False
102882,2025-06-02,2025-06,Sports & Outdoors,Marketplace,3,235.26,False
102883,2025-06-08,2025-06,Apparel,Website,3,158.23,False
102884,2025-06-16,2025-06,Electronics,Marketplace,3,834.21,False
102885,2025-06-20,2025-06,Apparel,Mobile App,3,133.16,False
102886,2025-06-01,2025-06,Home & Garden,Mobile App,3,189.84,False
102887,2025-06-09,2025-06,Apparel,Website,2,60.82,False
102888,2025-06-09,2025-06,Apparel,Mobile App,1,37.07,False
102889,2025-06-19,2025-06,Sports & Outdoors,Website,3,315.45,False
102890,2025-06-09,2025-06,Home & Garden,Website,1,55.0,False
102891,2025-06-10,2025-06,Sports & Outdoors,Marketplace,2,163.81,False
102892,2025-06-08,2025-06,Home & Garden,Marketplace,3,267.25,False
102893,2025-06-22,2025-06,Apparel,Website,2,112.38,False
102894,2025-06-23,2025-06,Electronics,Mobile App,1,79.93,False
102895,2025-06-23,2025-06,Beauty,Website,1,31.81,False
102896,2025-06-21,2025-06,Sports & Outdoors,Mobile App,3,123.65,False
102897,2025-06-01,2025-06,Apparel,Website,2,149.71,False
102898,2025-06-18,2025-06,Apparel,Website,1,13.68,False
102899,2025-06-12,2025-06,Apparel,Website,2,81.33,False
102900,2025-06-10,2025-06,Electronics,Mobile App,1,117.7,False
102901,2025-06-10,2025-06,Electronics,Mobile App,3,383.7,False
102902,2025-06-14,2025-06,Beauty,Marketplace,3,95.75,False
102903,2025-06-19,2025-06,Electronics,Website,1,61.71,False
102904,2025-06-28,2025-06,Home & Garden,Marketplace,3,233.24,False
102905,2025-06-24,2025-06,Home & Garden,Mobile App,1,51.23,True
102906,2025-06-11,2025-06,Electronics,Website,1,228.1,True
102907,2025-06-10,2025-06,Beauty,Website,2,77.25,False
102908,2025-06-26,2025-06,Sports & Outdoors,Mobile App,2,356.67,False
102909,2025-06-20,2025-06,Home & Garden,Mobile App,3,155.91,False
102910,2025-06-25,2025-06,Beauty,Mobile App,1,27.86,False
102911,2025-06-29,2025-06,Home & Garden,Website,3,211.57,False
102912,2025-06-04,2025-06,Home & Garden,Mobile App,3,226.48,False
102913,2025-06-03,2025-06,Beauty,Marketplace,1,37.7,False
102914,2025-06-21,2025-06,Electronics,Mobile App,1,62.65,False
102915,2025-06-27,2025-06,Electronics,Website,3,496.77,False
102916,2025-06-11,2025-06,Beauty,Website,2,62.41,False
102917,2025-06-08,2025-06,Beauty,Website,1,65.99,False
102918,2025-06-20,2025-06,Home & Garden,Website,1,92.64,False
102919,2025-06-27,2025-06,Beauty,Website,2,65.25,False
102920,2025-06-10,2025-06,Sports & Outdoors,Mobile App,3,260.42,False
102921,2025-06-26,2025-06,Home & Garden,Mobile App,1,100.11,False
102922,2025-06-15,2025-06,Beauty,Website,1,32.33,False
102923,2025-06-08,2025-06,Beauty,Website,1,37.76,False
102924,2025-06-04,2025-06,Home & Garden,Website,2,184.92,True
102925,2025-06-25,2025-06,Electronics,Website,1,223.2,False
102926,2025-06-27,2025-06,Sports & Outdoors,Website,2,207.3,True
102927,2025-06-19,2025-06,Beauty,Website,2,80.97,False
102928,2025-06-27,2025-06,Beauty,Mobile App,1,37.87,False
102929,2025-06-27,2025-06,Apparel,Marketplace,2,16.0,False
102930,2025-06-23,2025-06,Apparel,Mobile App,1,35.57,False
102931,2025-06-03,2025-06,Electronics,Website,3,348.91,False
102932,2025-06-05,2025-06,Beauty,Website,2,39.72,False
102933,2025-06-23,2025-06,Electronics,Marketplace,2,345.76,False
102934,2025-06-05,2025-06,Electronics,Mobile App,1,94.91,False
102935,2025-06-02,2025-06,Sports & Outdoors,Website,1,110.53,False
102936,2025-06-27,2025-06,Home & Garden,Website,2,204.51,False
102937,2025-06-24,2025-06,Electronics,Website,1,230.11,False
102938,2025-06-28,2025-06,Electronics,Website,3,678.18,False
102939,2025-06-08,2025-06,Apparel,Marketplace,3,141.84,False
102940,2025-06-26,2025-06,Home & Garden,Mobile App,2,98.99,False
102941,2025-06-15,2025-06,Sports & Outdoors,Website,3,193.84,False
102942,2025-06-05,2025-06,Sports & Outdoors,Mobile App,3,276.9,False
102943,2025-06-24,2025-06,Apparel,Mobile App,2,26.27,True
102944,2025-06-02,2025-06,Electronics,Website,3,823.47,False
102945,2025-06-26,2025-06,Apparel,Mobile App,2,100.53,False
102946,2025-06-15,2025-06,Sports & Outdoors,Website,1,56.35,False
102947,2025-06-17,2025-06,Sports & Outdoors,Website,3,115.66,True
102948,2025-06-15,2025-06,Electronics,Marketplace,2,528.47,False
102949,2025-06-25,2025-06,Apparel,Website,3,133.48,False
102950,2025-06-24,2025-06,Sports & Outdoors,Website,2,157.57,False
102951,2025-06-01,2025-06,Electronics,Website,2,244.1,False
102952,2025-06-13,2025-06,Electronics,Mobile App,2,393.03,False
102953,2025-06-24,2025-06,Electronics,Website,1,183.42,False
102954,2025-06-03,2025-06,Home & Garden,Website,3,143.07,False
102955,2025-06-24,2025-06,Apparel,Website,2,105.0,False
102956,2025-06-10,2025-06,Electronics,Website,3,428.06,False
102957,2025-06-18,2025-06,Apparel,Website,2,76.5,False
102958,2025-06-18,2025-06,Sports & Outdoors,Mobile App,3,179.87,False
102959,2025-06-09,2025-06,Electronics,Website,3,467.07,True
102960,2025-06-10,2025-06,Apparel,Website,3,166.9,False
102961,2025-06-01,2025-06,Beauty,Mobile App,2,99.68,False
102962,2025-06-14,2025-06,Apparel,Mobile App,2,119.87,False
102963,2025-06-07,2025-06,Apparel,Website,1,36.56,False
102964,2025-06-30,2025-06,Apparel,Website,2,122.65,False
102965,2025-06-22,2025-06,Apparel,Website,2,107.5,False
102966,2025-06-15,2025-06,Home & Garden,Website,2,115.41,False
102967,2025-06-21,2025-06,Apparel,Mobile App,3,81.17,False
102968,2025-06-27,2025-06,Electronics,Website,3,604.04,False
102969,2025-06-13,2025-06,Beauty,Website,2,77.39,False
102970,2025-06-06,2025-06,Beauty,Website,1,37.84,True
102971,2025-06-03,2025-06,Apparel,Mobile App,2,117.77,False
102972,2025-06-06,2025-06,Home & Garden,Website,3,178.15,False
102973,2025-06-08,2025-06,Electronics,Mobile App,1,213.31,False
102974,2025-06-17,2025-06,Electronics,Website,3,777.49,False
102975,2025-06-27,2025-06,Electronics,Mobile App,1,203.47,False
102976,2025-06-13,2025-06,Apparel,Marketplace,1,52.13,False
102977,2025-06-30,2025-06,Electronics,Mobile App,3,670.96,False
102978,2025-06-15,2025-06,Electronics,Mobile App,3,243.26,False
102979,2025-06-27,2025-06,Home & Garden,Marketplace,2,112.78,True
102980,2025-06-14,2025-06,Sports & Outdoors,Mobile App,3,358.92,False
102981,2025-06-22,2025-06,Electronics,Website,3,798.72,False
102982,2025-06-01,2025-06,Apparel,Website,1,53.04,False
102983,2025-06-05,2025-06,Apparel,Website,2,118.2,False
102984,2025-06-26,2025-06,Electronics,Mobile App,1,267.36,False
102985,2025-06-28,2025-06,Sports & Outdoors,Website,1,112.81,False
102986,2025-06-06,2025-06,Beauty,Mobile App,1,24.84,False
102987,2025-06-24,2025-06,Sports & Outdoors,Website,2,45.58,False
102988,2025-06-04,2025-06,Beauty,Mobile App,3,68.19,False
102989,2025-06-12,2025-06,Electronics,Mobile App,1,234.66,False
102990,2025-06-26,2025-06,Apparel,Website,2,147.13,True
102991,2025-06-23,2025-06,Apparel,Website,3,121.38,False
102992,2025-06-10,2025-06,Apparel,Website,3,168.12,False
102993,2025-06-13,2025-06,Electronics,Mobile App,1,232.27,False
102994,2025-06-07,2025-06,Home & Garden,Mobile App,3,358.29,False
102995,2025-06-04,2025-06,Beauty,Mobile App,3,139.29,False
102996,2025-06-16,2025-06,Home & Garden,Website,3,214.48,False
102997,2025-06-26,2025-06,Beauty,Website,3,69.08,True
102998,2025-06-27,2025-06,Apparel,Mobile App,3,186.95,False
102999,2025-06-03,2025-06,Beauty,Mobile App,2,41.84,False
103000,2025-06-17,2025-06,Electronics,Mobile App,2,429.75,False
103001,2025-06-26,2025-06,Beauty,Website,1,39.01,False
103002,2025-06-05,2025-06,Apparel,Mobile App,2,108.79,False
103003,2025-06-29,2025-06,Home & Garden,Mobile App,3,381.73,False
103004,2025-06-08,2025-06,Beauty,Website,2,42.22,False
103005,2025-06-09,2025-06,Apparel,Website,2,172.6,False
103006,2025-06-24,2025-06,Sports & Outdoors,Marketplace,2,138.65,False
103007,2025-06-02,2025-06,Sports & Outdoors,Website,1,75.22,False
103008,2025-06-04,2025-06,Apparel,Mobile App,2,46.33,False
103009,2025-06-15,2025-06,Apparel,Website,3,191.08,False
103010,2025-06-21,2025-06,Beauty,Website,1,27.78,False
103011,2025-06-21,2025-06,Apparel,Mobile App,1,41.35,False
103012,2025-06-19,2025-06,Apparel,Website,3,113.14,False
103013,2025-06-05,2025-06,Sports & Outdoors,Website,3,358.68,True
103014,2025-06-09,2025-06,Beauty,Website,3,158.81,False
103015,2025-06-02,2025-06,Electronics,Mobile App,1,157.12,False
103016,2025-06-27,2025-06,Beauty,Website,1,34.84,False
103017,2025-06-08,2025-06,Home & Garden,Website,1,92.31,False
103018,2025-06-23,2025-06,Electronics,Mobile App,3,625.0,False
103019,2025-06-29,2025-06,Apparel,Mobile App,1,22.48,False
103020,2025-06-05,2025-06,Beauty,Mobile App,3,146.91,False
103021,2025-06-13,2025-06,Beauty,Website,1,30.29,False
103022,2025-06-09,2025-06,Electronics,Website,1,134.29,False
103023,2025-06-27,2025-06,Apparel,Website,3,268.95,False
103024,2025-06-29,2025-06,Home & Garden,Mobile App,2,214.12,False
103025,2025-06-09,2025-06,Sports & Outdoors,Website,2,177.96,False
103026,2025-06-08,2025-06,Home & Garden,Mobile App,1,73.65,False
103027,2025-06-27,2025-06,Beauty,Website,2,67.65,False
103028,2025-06-15,2025-06,Home & Garden,Website,2,155.66,False
103029,2025-06-21,2025-06,Beauty,Website,1,32.12,False
103030,2025-06-23,2025-06,Apparel,Website,3,115.83,False
103031,2025-06-19,2025-06,Home & Garden,Mobile App,3,266.38,False
103032,2025-06-26,2025-06,Apparel,Marketplace,3,160.74,False
103033,2025-06-02,2025-06,Electronics,Mobile App,3,333.38,False
103034,2025-06-25,2025-06,Sports & Outdoors,Website,1,114.54,False
103035,2025-06-15,2025-06,Apparel,Website,3,155.91,False
103036,2025-06-07,2025-06,Electronics,Website,3,415.33,True
103037,2025-06-14,2025-06,Apparel,Website,2,60.76,False
103038,2025-06-13,2025-06,Apparel,Mobile App,3,200.12,False
103039,2025-06-09,2025-06,Beauty,Mobile App,1,17.48,False
103040,2025-06-25,2025-06,Sports & Outdoors,Mobile App,1,119.05,False
103041,2025-06-15,2025-06,Apparel,Mobile App,3,158.35,False
103042,2025-06-28,2025-06,Beauty,Website,1,38.24,False
103043,2025-06-16,2025-06,Apparel,Website,1,42.7,False
103044,2025-06-21,2025-06,Beauty,Website,1,53.39,False
103045,2025-06-16,2025-06,Beauty,Mobile App,2,62.63,False
103046,2025-06-24,2025-06,Electronics,Mobile App,3,316.85,False
103047,2025-06-15,2025-06,Apparel,Website,3,82.96,False
103048,2025-06-09,2025-06,Electronics,Website,2,409.59,False
103049,2025-06-30,2025-06,Apparel,Mobile App,1,45.41,False
103050,2025-06-15,2025-06,Apparel,Mobile App,3,82.21,True
103051,2025-06-08,2025-06,Apparel,Marketplace,2,51.91,False
103052,2025-06-03,2025-06,Home & Garden,Website,3,198.91,False
103053,2025-06-03,2025-06,Electronics,Website,2,288.98,False
103054,2025-06-22,2025-06,Sports & Outdoors,Mobile App,2,233.35,False
103055,2025-06-30,2025-06,Electronics,Mobile App,1,129.32,False
103056,2025-06-24,2025-06,Home & Garden,Marketplace,2,196.67,False
103057,2025-06-22,2025-06,Home & Garden,Website,3,247.7,False
103058,2025-06-15,2025-06,Sports & Outdoors,Website,1,117.92,False
103059,2025-06-30,2025-06,Apparel,Website,3,237.36,False
103060,2025-06-04,2025-06,Sports & Outdoors,Mobile App,1,45.25,False
103061,2025-06-01,2025-06,Apparel,Mobile App,1,11.56,False
103062,2025-06-08,2025-06,Sports & Outdoors,Mobile App,1,133.87,False
103063,2025-06-03,2025-06,Apparel,Marketplace,3,133.12,False
103064,2025-06-06,2025-06,Apparel,Mobile App,2,82.84,False
103065,2025-06-18,2025-06,Apparel,Website,1,37.63,False
103066,2025-06-21,2025-06,Beauty,Mobile App,3,153.89,False
103067,2025-06-25,2025-06,Beauty,Website,2,68.68,False
103068,2025-06-14,2025-06,Home & Garden,Website,1,76.01,False
103069,2025-06-03,2025-06,Beauty,Website,3,108.96,False
103070,2025-06-29,2025-06,Sports & Outdoors,Mobile App,2,113.06,False
103071,2025-06-15,2025-06,Electronics,Marketplace,2,477.51,False
103072,2025-06-30,2025-06,Beauty,Website,3,86.81,False
103073,2025-06-14,2025-06,Electronics,Marketplace,2,346.61,False
103074,2025-06-17,2025-06,Sports & Outdoors,Website,2,273.08,False
103075,2025-06-21,2025-06,Electronics,Website,3,646.28,False
103076,2025-06-06,2025-06,Beauty,Website,2,57.16,True
103077,2025-06-18,2025-06,Apparel,Website,3,108.62,False
103078,2025-06-17,2025-06,Home & Garden,Marketplace,2,131.97,False
103079,2025-06-05,2025-06,Beauty,Website,1,43.02,False
103080,2025-06-09,2025-06,Home & Garden,Website,1,93.62,False
103081,2025-06-10,2025-06,Home & Garden,Website,1,80.45,False
103082,2025-06-23,2025-06,Sports & Outdoors,Website,1,120.12,False
103083,2025-06-03,2025-06,Electronics,Website,3,607.45,False
103084,2025-06-10,2025-06,Electronics,Marketplace,3,416.36,False
103085,2025-06-13,2025-06,Home & Garden,Website,3,299.29,False
103086,2025-06-23,2025-06,Sports & Outdoors,Website,2,139.51,False
103087,2025-06-08,2025-06,Home & Garden,Website,2,144.59,False
103088,2025-06-17,2025-06,Electronics,Website,2,317.97,False
103089,2025-06-10,2025-06,Beauty,Website,2,76.53,False
103090,2025-06-04,2025-06,Apparel,Marketplace,3,156.87,False
103091,2025-06-18,2025-06,Apparel,Mobile App,2,60.85,False
103092,2025-06-15,2025-06,Apparel,Website,2,62.35,False
103093,2025-06-13,2025-06,Electronics,Mobile App,2,220.23,False
103094,2025-06-21,2025-06,Home & Garden,Mobile App,2,114.74,False
103095,2025-06-19,2025-06,Apparel,Website,3,204.07,False
103096,2025-06-11,2025-06,Home & Garden,Marketplace,3,316.14,False
103097,2025-06-16,2025-06,Home & Garden,Website,3,212.93,False
103098,2025-06-25,2025-06,Electronics,Mobile App,3,507.73,False
103099,2025-06-18,2025-06,Apparel,Mobile App,3,213.08,False
103100,2025-06-06,2025-06,Beauty,Website,1,45.57,False
103101,2025-06-18,2025-06,Electronics,Website,1,152.52,False
103102,2025-06-20,2025-06,Home & Garden,Website,1,65.95,True
103103,2025-06-24,2025-06,Electronics,Mobile App,1,185.76,False
103104,2025-06-19,2025-06,Home & Garden,Website,1,50.22,False
103105,2025-06-29,2025-06,Home & Garden,Website,1,50.66,False
103106,2025-06-20,2025-06,Home & Garden,Website,2,231.22,False
103107,2025-06-26,2025-06,Apparel,Website,3,155.72,False
103108,2025-06-07,2025-06,Electronics,Mobile App,2,395.08,False
103109,2025-06-20,2025-06,Home & Garden,Mobile App,2,107.17,False
103110,2025-06-18,2025-06,Apparel,Marketplace,2,97.25,False
103111,2025-06-07,2025-06,Apparel,Website,3,135.32,True
103112,2025-06-15,2025-06,Electronics,Website,2,385.36,False
103113,2025-06-24,2025-06,Beauty,Mobile App,2,58.01,False
103114,2025-06-07,2025-06,Sports & Outdoors,Website,3,327.76,False
103115,2025-06-17,2025-06,Beauty,Mobile App,1,30.82,False
103116,2025-06-04,2025-06,Sports & Outdoors,Mobile App,2,147.42,False
103117,2025-06-09,2025-06,Sports & Outdoors,Website,3,379.77,False
103118,2025-06-25,2025-06,Home & Garden,Website,1,58.79,False
103119,2025-06-18,2025-06,Apparel,Mobile App,3,203.08,False
103120,2025-06-03,2025-06,Apparel,Mobile App,2,95.74,False
103121,2025-06-30,2025-06,Electronics,Website,3,377.23,False
103122,2025-06-27,2025-06,Electronics,Mobile App,1,172.68,False
103123,2025-06-28,2025-06,Apparel,Mobile App,3,35.59,False
103124,2025-06-10,2025-06,Electronics,Mobile App,3,486.88,False
103125,2025-06-12,2025-06,Sports & Outdoors,Website,2,179.07,False
103126,2025-06-02,2025-06,Electronics,Mobile App,2,551.62,False
103127,2025-06-05,2025-06,Beauty,Website,1,21.09,False
103128,2025-06-14,2025-06,Sports & Outdoors,Mobile App,1,61.03,False
103129,2025-06-23,2025-06,Home & Garden,Marketplace,1,137.5,False
103130,2025-06-08,2025-06,Apparel,Mobile App,2,70.43,False
103131,2025-06-24,2025-06,Sports & Outdoors,Website,2,105.36,False
103132,2025-06-27,2025-06,Beauty,Mobile App,2,49.5,False
103133,2025-06-12,2025-06,Beauty,Website,2,62.25,False
103134,2025-06-04,2025-06,Home & Garden,Website,2,135.66,False
103135,2025-06-16,2025-06,Beauty,Website,1,26.23,False
103136,2025-06-20,2025-06,Home & Garden,Website,2,161.02,True
103137,2025-06-15,2025-06,Electronics,Mobile App,3,733.17,True
103138,2025-06-28,2025-06,Apparel,Website,3,190.17,False
103139,2025-06-08,2025-06,Home & Garden,Website,3,199.78,False
103140,2025-06-01,2025-06,Apparel,Website,2,101.71,False
103141,2025-06-11,2025-06,Electronics,Mobile App,1,99.4,False
103142,2025-06-22,2025-06,Apparel,Website,3,184.32,True
103143,2025-06-03,2025-06,Apparel,Marketplace,3,217.72,False
103144,2025-06-08,2025-06,Sports & Outdoors,Mobile App,2,116.13,False
103145,2025-06-03,2025-06,Apparel,Website,1,52.11,False
103146,2025-06-22,2025-06,Sports & Outdoors,Website,1,99.77,False
103147,2025-06-10,2025-06,Apparel,Mobile App,2,90.18,False
103148,2025-06-14,2025-06,Home & Garden,Website,2,92.92,False
103149,2025-06-29,2025-06,Beauty,Website,3,62.46,False
103150,2025-06-24,2025-06,Home & Garden,Website,3,343.52,False
103151,2025-06-05,2025-06,Sports & Outdoors,Mobile App,3,306.76,False
103152,2025-06-01,2025-06,Apparel,Marketplace,2,144.1,False
103153,2025-06-04,2025-06,Sports & Outdoors,Marketplace,1,67.83,False
103154,2025-06-06,2025-06,Electronics,Marketplace,3,564.44,False
103155,2025-06-05,2025-06,Beauty,Marketplace,1,14.02,False
103156,2025-06-04,2025-06,Sports & Outdoors,Mobile App,2,269.52,False
103157,2025-06-16,2025-06,Electronics,Marketplace,1,243.07,False
103158,2025-06-25,2025-06,Home & Garden,Marketplace,1,63.06,False
103159,2025-06-29,2025-06,Home & Garden,Mobile App,3,232.52,False
103160,2025-06-27,2025-06,Beauty,Mobile App,1,45.86,False
103161,2025-06-15,2025-06,Sports & Outdoors,Website,1,126.94,False
103162,2025-06-30,2025-06,Home & Garden,Mobile App,2,169.78,False
103163,2025-06-15,2025-06,Apparel,Website,1,45.73,False
103164,2025-06-23,2025-06,Sports & Outdoors,Mobile App,3,267.95,False
103165,2025-06-02,2025-06,Electronics,Website,1,249.94,False
103166,2025-06-26,2025-06,Home & Garden,Marketplace,1,81.83,False
103167,2025-06-12,2025-06,Apparel,Marketplace,1,47.56,False
103168,2025-06-23,2025-06,Home & Garden,Mobile App,1,27.78,False
103169,2025-06-29,2025-06,Electronics,Website,3,475.35,False
103170,2025-06-15,2025-06,Sports & Outdoors,Website,1,88.17,False
103171,2025-06-06,2025-06,Beauty,Website,2,81.34,False
103172,2025-06-01,2025-06,Beauty,Website,1,17.92,True
103173,2025-06-25,2025-06,Apparel,Mobile App,1,33.3,False
103174,2025-06-21,2025-06,Apparel,Website,2,90.36,False
103175,2025-06-05,2025-06,Electronics,Website,2,327.33,False
103176,2025-06-20,2025-06,Sports & Outdoors,Website,2,225.71,False
103177,2025-06-25,2025-06,Apparel,Mobile App,1,41.48,False
103178,2025-06-03,2025-06,Electronics,Website,3,489.86,False
103179,2025-06-01,2025-06,Apparel,Marketplace,3,138.49,False
103180,2025-06-08,2025-06,Apparel,Website,3,127.08,False
103181,2025-06-08,2025-06,Apparel,Website,2,67.73,False
103182,2025-06-11,2025-06,Home & Garden,Website,1,104.8,False
103183,2025-06-29,2025-06,Beauty,Website,2,57.68,False
103184,2025-06-23,2025-06,Apparel,Website,1,32.71,False
103185,2025-06-15,2025-06,Home & Garden,Mobile App,1,38.85,False
103186,2025-06-19,2025-06,Apparel,Website,3,155.52,True
103187,2025-06-26,2025-06,Beauty,Marketplace,3,59.5,False
103188,2025-06-10,2025-06,Home & Garden,Marketplace,3,111.41,False
103189,2025-06-08,2025-06,Home & Garden,Website,3,177.8,False
103190,2025-06-28,2025-06,Electronics,Website,1,286.27,False
103191,2025-06-09,2025-06,Home & Garden,Website,1,49.99,False
103192,2025-06-23,2025-06,Electronics,Mobile App,1,172.85,False
103193,2025-06-08,2025-06,Sports & Outdoors,Mobile App,1,117.1,False
103194,2025-06-20,2025-06,Beauty,Website,3,130.03,False
103195,2025-06-14,2025-06,Beauty,Website,3,100.7,False
103196,2025-06-22,2025-06,Electronics,Website,2,416.15,False
103197,2025-06-07,2025-06,Electronics,Website,3,560.55,False
103198,2025-06-07,2025-06,Electronics,Mobile App,2,215.24,False
103199,2025-06-25,2025-06,Apparel,Website,2,65.37,False
103200,2025-06-11,2025-06,Sports & Outdoors,Mobile App,3,200.83,False
103201,2025-06-21,2025-06,Home & Garden,Website,1,71.96,False
103202,2025-06-02,2025-06,Apparel,Marketplace,1,59.3,False
103203,2025-06-17,2025-06,Electronics,Marketplace,1,64.62,False
103204,2025-06-03,2025-06,Electronics,Mobile App,1,167.91,False
103205,2025-06-04,2025-06,Sports & Outdoors,Marketplace,3,353.55,False
103206,2025-06-29,2025-06,Sports & Outdoors,Website,3,218.15,False
103207,2025-06-03,2025-06,Sports & Outdoors,Mobile App,3,276.82,False
103208,2025-06-14,2025-06,Apparel,Mobile App,1,62.73,False
103209,2025-06-04,2025-06,Electronics,Website,1,134.35,False
103210,2025-06-25,2025-06,Apparel,Website,2,147.97,False
103211,2025-06-22,2025-06,Apparel,Marketplace,1,39.81,False
103212,2025-06-29,2025-06,Sports & Outdoors,Mobile App,1,50.09,False
103213,2025-06-01,2025-06,Apparel,Website,1,56.89,False
103214,2025-06-30,2025-06,Electronics,Website,2,225.99,False
103215,2025-06-03,2025-06,Sports & Outdoors,Marketplace,3,303.15,False
103216,2025-06-14,2025-06,Apparel,Website,2,67.05,False
103217,2025-06-23,2025-06,Apparel,Marketplace,3,163.52,False
103218,2025-06-18,2025-06,Apparel,Marketplace,2,61.77,False
103219,2025-06-04,2025-06,Electronics,Marketplace,3,586.89,False
103220,2025-06-15,2025-06,Apparel,Website,2,103.36,False
103221,2025-06-20,2025-06,Sports & Outdoors,Website,3,192.36,True
103222,2025-06-29,2025-06,Beauty,Website,3,65.25,False
103223,2025-06-05,2025-06,Apparel,Website,1,31.93,False
103224,2025-06-19,2025-06,Beauty,Mobile App,1,28.23,False
103225,2025-06-12,2025-06,Home & Garden,Website,1,26.29,False
103226,2025-06-16,2025-06,Apparel,Mobile App,1,55.78,False
103227,2025-06-24,2025-06,Home & Garden,Mobile App,2,167.39,False
103228,2025-06-20,2025-06,Beauty,Website,2,84.84,False
103229,2025-06-12,2025-06,Apparel,Marketplace,3,132.25,False
103230,2025-06-20,2025-06,Electronics,Marketplace,1,290.14,False
103231,2025-06-14,2025-06,Apparel,Marketplace,2,118.06,False
103232,2025-06-17,2025-06,Apparel,Website,3,183.45,False
103233,2025-06-29,2025-06,Electronics,Mobile App,1,201.48,False
103234,2025-06-22,2025-06,Apparel,Website,2,105.43,False
103235,2025-06-11,2025-06,Beauty,Mobile App,1,47.03,False
103236,2025-06-27,2025-06,Apparel,Marketplace,3,133.41,False
103237,2025-06-28,2025-06,Beauty,Mobile App,1,8.52,False
103238,2025-06-02,2025-06,Home & Garden,Website,1,71.91,False
103239,2025-06-29,2025-06,Home & Garden,Website,3,98.64,False
103240,2025-06-12,2025-06,Electronics,Mobile App,1,109.88,False
103241,2025-06-10,2025-06,Apparel,Website,2,101.22,False
103242,2025-06-30,2025-06,Electronics,Website,2,317.1,False
103243,2025-06-08,2025-06,Electronics,Website,1,235.85,False
103244,2025-06-03,2025-06,Sports & Outdoors,Mobile App,2,162.79,False
103245,2025-06-28,2025-06,Sports & Outdoors,Mobile App,3,256.07,False
103246,2025-06-22,2025-06,Apparel,Marketplace,3,137.23,False
103247,2025-06-03,2025-06,Beauty,Mobile App,2,33.89,False
103248,2025-06-06,2025-06,Electronics,Mobile App,1,155.0,False
103249,2025-06-04,2025-06,Apparel,Mobile App,1,40.74,False
103250,2025-06-27,2025-06,Electronics,Website,3,447.87,False
103251,2025-06-11,2025-06,Home & Garden,Mobile App,1,94.6,True
103252,2025-06-12,2025-06,Apparel,Website,2,80.27,False
103253,2025-06-06,2025-06,Apparel,Website,2,82.08,False
103254,2025-06-20,2025-06,Electronics,Mobile App,3,304.33,False
103255,2025-06-30,2025-06,Apparel,Website,3,160.7,False
103256,2025-06-28,2025-06,Apparel,Website,1,47.9,False
103257,2025-06-01,2025-06,Electronics,Mobile App,1,159.37,False
103258,2025-06-13,2025-06,Beauty,Website,2,79.16,True
103259,2025-06-01,2025-06,Sports & Outdoors,Website,2,287.82,False
103260,2025-06-03,2025-06,Electronics,Website,2,75.61,False
103261,2025-06-19,2025-06,Beauty,Marketplace,2,21.76,False
103262,2025-06-01,2025-06,Electronics,Website,1,57.14,False
103263,2025-06-10,2025-06,Sports & Outdoors,Website,2,196.3,False
103264,2025-06-05,2025-06,Electronics,Website,2,375.51,False
103265,2025-06-05,2025-06,Apparel,Mobile App,2,79.88,False
103266,2025-06-15,2025-06,Home & Garden,Website,2,199.69,False
103267,2025-06-22,2025-06,Sports & Outdoors,Mobile App,1,139.19,False
103268,2025-06-25,2025-06,Apparel,Website,3,245.85,True
103269,2025-06-09,2025-06,Apparel,Mobile App,3,115.74,False
103270,2025-06-05,2025-06,Electronics,Marketplace,3,621.56,False
103271,2025-06-24,2025-06,Sports & Outdoors,Website,1,115.1,False
103272,2025-06-12,2025-06,Electronics,Website,2,328.93,False
103273,2025-06-10,2025-06,Beauty,Website,3,88.6,False
103274,2025-06-26,2025-06,Beauty,Marketplace,3,107.01,False
103275,2025-06-11,2025-06,Sports & Outdoors,Website,1,102.85,False
103276,2025-06-23,2025-06,Beauty,Marketplace,3,149.39,False
103277,2025-07-29,2025-07,Apparel,Marketplace,3,135.53,False
103278,2025-07-13,2025-07,Electronics,Mobile App,3,636.77,False
103279,2025-07-03,2025-07,Home & Garden,Website,3,178.76,False
103280,2025-07-12,2025-07,Sports & Outdoors,Website,2,177.77,False
103281,2025-07-24,2025-07,Home & Garden,Mobile App,1,89.98,False
103282,2025-07-07,2025-07,Beauty,Marketplace,3,104.02,False
103283,2025-07-23,2025-07,Apparel,Mobile App,1,67.47,False
103284,2025-07-30,2025-07,Apparel,Website,1,11.33,False
103285,2025-07-19,2025-07,Electronics,Mobile App,1,75.15,False
103286,2025-07-17,2025-07,Home & Garden,Website,2,114.95,False
103287,2025-07-15,2025-07,Beauty,Website,1,17.86,False
103288,2025-07-30,2025-07,Apparel,Website,1,34.46,False
103289,2025-07-22,2025-07,Beauty,Marketplace,1,42.93,False
103290,2025-07-27,2025-07,Sports & Outdoors,Website,2,296.19,False
103291,2025-07-16,2025-07,Electronics,Marketplace,2,299.39,False
103292,2025-07-16,2025-07,Electronics,Website,1,235.02,False
103293,2025-07-10,2025-07,Beauty,Marketplace,2,35.46,False
103294,2025-07-22,2025-07,Home & Garden,Website,1,77.79,False
103295,2025-07-01,2025-07,Apparel,Website,2,55.67,False
103296,2025-07-03,2025-07,Home & Garden,Marketplace,1,94.46,False
103297,2025-07-19,2025-07,Beauty,Website,3,120.25,False
103298,2025-07-10,2025-07,Apparel,Website,1,45.98,False
103299,2025-07-08,2025-07,Apparel,Mobile App,3,55.21,True
103300,2025-07-10,2025-07,Sports & Outdoors,Mobile App,3,273.85,False
103301,2025-07-23,2025-07,Electronics,Website,3,509.85,False
103302,2025-07-19,2025-07,Apparel,Mobile App,1,68.46,False
103303,2025-07-24,2025-07,Apparel,Website,1,48.06,False
103304,2025-07-06,2025-07,Electronics,Website,3,243.25,False
103305,2025-07-01,2025-07,Apparel,Mobile App,2,64.83,False
103306,2025-07-11,2025-07,Sports & Outdoors,Mobile App,2,149.49,False
103307,2025-07-07,2025-07,Home & Garden,Mobile App,2,147.35,False
103308,2025-07-21,2025-07,Home & Garden,Website,1,61.08,True
103309,2025-07-02,2025-07,Apparel,Website,1,63.47,False
103310,2025-07-05,2025-07,Beauty,Website,3,115.43,False
103311,2025-07-29,2025-07,Electronics,Mobile App,2,289.46,False
103312,2025-07-19,2025-07,Electronics,Mobile App,3,396.73,False
103313,2025-07-22,2025-07,Beauty,Website,3,156.3,False
103314,2025-07-02,2025-07,Apparel,Mobile App,2,59.18,False
103315,2025-07-24,2025-07,Apparel,Website,3,157.16,False
103316,2025-07-15,2025-07,Home & Garden,Website,3,238.63,False
103317,2025-07-03,2025-07,Apparel,Website,3,152.88,False
103318,2025-07-04,2025-07,Electronics,Marketplace,3,490.83,False
103319,2025-07-05,2025-07,Electronics,Mobile App,2,379.2,False
103320,2025-07-27,2025-07,Electronics,Website,3,314.86,False
103321,2025-07-22,2025-07,Home & Garden,Website,3,24.0,False
103322,2025-07-19,2025-07,Apparel,Mobile App,1,61.72,False
103323,2025-07-14,2025-07,Apparel,Mobile App,1,15.42,False
103324,2025-07-11,2025-07,Electronics,Mobile App,2,447.21,False
103325,2025-07-31,2025-07,Electronics,Website,2,539.07,False
103326,2025-07-27,2025-07,Electronics,Mobile App,2,564.08,False
103327,2025-07-05,2025-07,Electronics,Website,2,387.09,False
103328,2025-07-21,2025-07,Apparel,Mobile App,3,191.82,False
103329,2025-07-19,2025-07,Home & Garden,Website,2,154.43,False
103330,2025-07-30,2025-07,Sports & Outdoors,Mobile App,3,196.68,False
103331,2025-07-20,2025-07,Sports & Outdoors,Mobile App,2,133.34,False
103332,2025-07-30,2025-07,Sports & Outdoors,Mobile App,1,67.43,False
103333,2025-07-18,2025-07,Electronics,Mobile App,2,253.46,False
103334,2025-07-18,2025-07,Home & Garden,Website,1,125.3,False
103335,2025-07-13,2025-07,Electronics,Website,3,394.92,False
103336,2025-07-03,2025-07,Home & Garden,Website,1,80.72,False
103337,2025-07-19,2025-07,Sports & Outdoors,Website,3,358.84,False
103338,2025-07-08,2025-07,Electronics,Website,3,352.88,False
103339,2025-07-03,2025-07,Apparel,Website,3,162.35,False
103340,2025-07-16,2025-07,Apparel,Mobile App,2,16.96,False
103341,2025-07-19,2025-07,Electronics,Mobile App,2,292.17,False
103342,2025-07-18,2025-07,Electronics,Website,2,464.96,False
103343,2025-07-23,2025-07,Apparel,Mobile App,2,100.23,False
103344,2025-07-10,2025-07,Apparel,Mobile App,2,66.91,False
103345,2025-07-02,2025-07,Beauty,Mobile App,3,141.72,False
103346,2025-07-01,2025-07,Apparel,Marketplace,3,129.32,False
103347,2025-07-24,2025-07,Home & Garden,Marketplace,3,219.7,False
103348,2025-07-18,2025-07,Apparel,Mobile App,3,102.3,False
103349,2025-07-10,2025-07,Apparel,Mobile App,3,80.85,False
103350,2025-07-30,2025-07,Electronics,Website,2,461.93,False
103351,2025-07-04,2025-07,Electronics,Mobile App,2,378.32,False
103352,2025-07-21,2025-07,Apparel,Website,1,40.26,False
103353,2025-07-20,2025-07,Apparel,Mobile App,2,108.89,False
103354,2025-07-01,2025-07,Beauty,Website,1,21.64,False
103355,2025-07-20,2025-07,Apparel,Website,3,222.01,False
103356,2025-07-10,2025-07,Home & Garden,Website,2,134.03,False
103357,2025-07-22,2025-07,Electronics,Marketplace,3,672.51,True
103358,2025-07-30,2025-07,Apparel,Website,3,232.37,False
103359,2025-07-28,2025-07,Home & Garden,Website,1,64.72,False
103360,2025-07-19,2025-07,Sports & Outdoors,Website,3,217.52,False
103361,2025-07-29,2025-07,Electronics,Website,1,284.89,False
103362,2025-07-12,2025-07,Sports & Outdoors,Marketplace,3,365.11,False
103363,2025-07-16,2025-07,Home & Garden,Mobile App,1,69.57,False
103364,2025-07-07,2025-07,Sports & Outdoors,Website,2,99.56,False
103365,2025-07-18,2025-07,Electronics,Mobile App,2,323.61,False
103366,2025-07-02,2025-07,Apparel,Website,1,28.52,False
103367,2025-07-17,2025-07,Beauty,Mobile App,3,179.46,False
103368,2025-07-19,2025-07,Apparel,Website,3,164.44,False
103369,2025-07-26,2025-07,Electronics,Website,1,211.26,False
103370,2025-07-29,2025-07,Home & Garden,Mobile App,3,118.18,False
103371,2025-07-03,2025-07,Apparel,Marketplace,2,63.32,False
103372,2025-07-20,2025-07,Electronics,Website,3,604.76,False
103373,2025-07-12,2025-07,Sports & Outdoors,Mobile App,3,268.58,False
103374,2025-07-02,2025-07,Electronics,Mobile App,1,196.25,False
103375,2025-07-24,2025-07,Electronics,Marketplace,3,994.53,False
103376,2025-07-12,2025-07,Electronics,Website,2,306.38,False
103377,2025-07-13,2025-07,Sports & Outdoors,Website,3,455.99,False
103378,2025-07-31,2025-07,Beauty,Marketplace,1,26.04,False
103379,2025-07-08,2025-07,Apparel,Website,1,35.36,False
103380,2025-07-07,2025-07,Electronics,Mobile App,1,223.23,False
103381,2025-07-25,2025-07,Home & Garden,Mobile App,1,82.2,True
103382,2025-07-06,2025-07,Beauty,Website,3,124.97,False
103383,2025-07-03,2025-07,Apparel,Marketplace,1,45.35,False
103384,2025-07-30,2025-07,Electronics,Mobile App,3,391.22,True
103385,2025-07-28,2025-07,Sports & Outdoors,Mobile App,1,117.85,True
103386,2025-07-24,2025-07,Electronics,Mobile App,3,100.11,False
103387,2025-07-23,2025-07,Apparel,Mobile App,1,73.8,False
103388,2025-07-02,2025-07,Home & Garden,Mobile App,1,84.92,False
103389,2025-07-07,2025-07,Electronics,Mobile App,2,208.72,False
103390,2025-07-21,2025-07,Beauty,Website,1,27.97,False
103391,2025-07-19,2025-07,Beauty,Marketplace,1,16.75,False
103392,2025-07-04,2025-07,Apparel,Website,2,110.07,False
103393,2025-07-05,2025-07,Electronics,Website,1,187.26,False
103394,2025-07-21,2025-07,Electronics,Marketplace,2,358.95,False
103395,2025-07-27,2025-07,Sports & Outdoors,Website,2,199.34,False
103396,2025-07-21,2025-07,Apparel,Marketplace,1,75.65,True
103397,2025-07-13,2025-07,Electronics,Website,1,108.0,False
103398,2025-07-23,2025-07,Apparel,Mobile App,3,24.0,False
103399,2025-07-20,2025-07,Sports & Outdoors,Website,3,432.21,False
103400,2025-07-27,2025-07,Home & Garden,Website,2,166.9,False
103401,2025-07-31,2025-07,Sports & Outdoors,Mobile App,1,138.52,False
103402,2025-07-16,2025-07,Sports & Outdoors,Website,3,316.89,False
103403,2025-07-24,2025-07,Apparel,Website,3,37.04,True
103404,2025-07-27,2025-07,Home & Garden,Website,2,201.39,False
103405,2025-07-17,2025-07,Electronics,Mobile App,3,558.82,True
103406,2025-07-22,2025-07,Beauty,Website,3,115.88,False
103407,2025-07-21,2025-07,Electronics,Marketplace,3,748.15,False
103408,2025-07-15,2025-07,Apparel,Marketplace,2,82.96,False
103409,2025-07-26,2025-07,Apparel,Marketplace,1,52.56,False
103410,2025-07-28,2025-07,Apparel,Mobile App,2,130.14,False
103411,2025-07-04,2025-07,Beauty,Marketplace,1,47.25,False
103412,2025-07-10,2025-07,Apparel,Mobile App,1,72.63,False
103413,2025-07-12,2025-07,Sports & Outdoors,Website,2,254.55,False
103414,2025-07-15,2025-07,Home & Garden,Mobile App,3,208.56,False
103415,2025-07-02,2025-07,Beauty,Mobile App,1,48.6,False
103416,2025-07-04,2025-07,Apparel,Mobile App,3,236.19,False
103417,2025-07-07,2025-07,Electronics,Website,1,201.46,False
103418,2025-07-29,2025-07,Apparel,Mobile App,3,175.88,False
103419,2025-07-27,2025-07,Home & Garden,Website,1,96.95,False
103420,2025-07-15,2025-07,Apparel,Mobile App,1,43.21,False
103421,2025-07-28,2025-07,Apparel,Mobile App,1,33.21,False
103422,2025-07-29,2025-07,Sports & Outdoors,Marketplace,2,84.8,False
103423,2025-07-17,2025-07,Apparel,Mobile App,1,43.76,False
103424,2025-07-10,2025-07,Beauty,Mobile App,3,70.55,False
103425,2025-07-30,2025-07,Apparel,Website,3,211.52,False
103426,2025-07-30,2025-07,Electronics,Mobile App,1,145.19,False
103427,2025-07-14,2025-07,Beauty,Website,1,39.6,False
103428,2025-07-15,2025-07,Beauty,Website,3,99.86,False
103429,2025-07-21,2025-07,Home & Garden,Website,3,110.5,False
103430,2025-07-16,2025-07,Apparel,Website,1,8.0,False
103431,2025-07-03,2025-07,Beauty,Website,2,82.2,False
103432,2025-07-06,2025-07,Beauty,Mobile App,2,113.26,False
103433,2025-07-23,2025-07,Beauty,Website,1,58.32,False
103434,2025-07-28,2025-07,Home & Garden,Mobile App,2,60.37,False
103435,2025-07-06,2025-07,Beauty,Mobile App,2,66.19,False
103436,2025-07-03,2025-07,Beauty,Website,3,152.9,False
103437,2025-07-30,2025-07,Apparel,Mobile App,2,75.84,False
103438,2025-07-30,2025-07,Apparel,Website,2,68.17,False
103439,2025-07-27,2025-07,Sports & Outdoors,Website,1,55.18,False
103440,2025-07-07,2025-07,Home & Garden,Mobile App,2,116.8,False
103441,2025-07-03,2025-07,Apparel,Marketplace,1,57.41,False
103442,2025-07-08,2025-07,Apparel,Website,1,52.17,False
103443,2025-07-20,2025-07,Sports & Outdoors,Marketplace,2,90.61,False
103444,2025-07-14,2025-07,Sports & Outdoors,Mobile App,3,332.19,False
103445,2025-07-29,2025-07,Electronics,Marketplace,3,629.98,False
103446,2025-07-31,2025-07,Sports & Outdoors,Website,2,91.15,False
103447,2025-07-23,2025-07,Electronics,Website,1,204.42,False
103448,2025-07-26,2025-07,Apparel,Website,1,38.3,False
103449,2025-07-11,2025-07,Apparel,Mobile App,3,183.4,False
103450,2025-07-15,2025-07,Apparel,Mobile App,2,96.08,False
103451,2025-07-06,2025-07,Apparel,Website,2,114.96,False
103452,2025-07-14,2025-07,Apparel,Website,1,53.88,False
103453,2025-07-08,2025-07,Home & Garden,Marketplace,1,111.54,False
103454,2025-07-08,2025-07,Sports & Outdoors,Marketplace,2,132.77,False
103455,2025-07-30,2025-07,Beauty,Website,1,39.38,True
103456,2025-07-29,2025-07,Electronics,Website,2,383.97,False
103457,2025-07-27,2025-07,Electronics,Mobile App,2,393.89,False
103458,2025-07-22,2025-07,Electronics,Marketplace,3,713.22,False
103459,2025-07-11,2025-07,Apparel,Website,3,72.91,False
103460,2025-07-03,2025-07,Sports & Outdoors,Website,2,297.19,False
103461,2025-07-26,2025-07,Home & Garden,Marketplace,1,71.24,False
103462,2025-07-28,2025-07,Apparel,Mobile App,3,133.74,False
103463,2025-07-30,2025-07,Electronics,Mobile App,1,271.64,False
103464,2025-07-21,2025-07,Beauty,Mobile App,3,136.09,True
103465,2025-07-20,2025-07,Home & Garden,Website,1,113.62,False
103466,2025-07-13,2025-07,Home & Garden,Mobile App,1,74.78,False
103467,2025-07-24,2025-07,Sports & Outdoors,Marketplace,1,97.95,False
103468,2025-07-23,2025-07,Apparel,Website,1,64.95,False
103469,2025-07-31,2025-07,Beauty,Website,1,49.18,False
103470,2025-07-11,2025-07,Apparel,Website,3,215.24,False
103471,2025-07-26,2025-07,Electronics,Website,3,604.76,False
103472,2025-07-09,2025-07,Electronics,Website,2,264.83,False
103473,2025-07-18,2025-07,Sports & Outdoors,Mobile App,1,48.43,False
103474,2025-07-18,2025-07,Beauty,Website,1,29.75,False
103475,2025-07-25,2025-07,Home & Garden,Website,2,242.65,False
103476,2025-07-11,2025-07,Sports & Outdoors,Website,1,88.28,False
103477,2025-07-24,2025-07,Home & Garden,Mobile App,2,16.0,False
103478,2025-07-17,2025-07,Electronics,Website,2,289.84,False
103479,2025-07-20,2025-07,Apparel,Website,3,143.47,False
103480,2025-07-21,2025-07,Beauty,Mobile App,3,84.1,False
103481,2025-07-14,2025-07,Apparel,Marketplace,2,81.64,False
103482,2025-07-02,2025-07,Electronics,Marketplace,1,81.97,False
103483,2025-07-20,2025-07,Home & Garden,Mobile App,2,70.22,False
103484,2025-07-23,2025-07,Beauty,Website,1,48.77,False
103485,2025-07-04,2025-07,Apparel,Mobile App,2,97.52,False
103486,2025-07-26,2025-07,Electronics,Website,3,196.93,False
103487,2025-07-22,2025-07,Electronics,Marketplace,3,493.43,False
103488,2025-07-08,2025-07,Home & Garden,Mobile App,2,97.31,False
103489,2025-07-30,2025-07,Beauty,Mobile App,1,27.93,False
103490,2025-07-03,2025-07,Sports & Outdoors,Website,3,195.76,False
103491,2025-07-07,2025-07,Apparel,Website,2,76.27,False
103492,2025-07-05,2025-07,Electronics,Website,1,300.93,False
103493,2025-07-15,2025-07,Apparel,Marketplace,1,52.6,True
103494,2025-07-07,2025-07,Apparel,Mobile App,2,96.57,False
103495,2025-07-02,2025-07,Electronics,Website,2,498.56,False
103496,2025-07-31,2025-07,Electronics,Website,3,655.82,False
103497,2025-07-24,2025-07,Home & Garden,Mobile App,2,135.01,False
103498,2025-07-08,2025-07,Apparel,Marketplace,2,109.58,False
103499,2025-07-14,2025-07,Sports & Outdoors,Mobile App,1,73.77,False
103500,2025-07-04,2025-07,Beauty,Website,1,8.0,False
103501,2025-07-24,2025-07,Electronics,Website,3,599.46,False
103502,2025-07-22,2025-07,Home & Garden,Website,2,114.25,False
103503,2025-07-28,2025-07,Electronics,Mobile App,1,163.16,False
103504,2025-07-20,2025-07,Apparel,Website,2,93.89,False
103505,2025-07-10,2025-07,Home & Garden,Marketplace,2,188.72,False
103506,2025-07-02,2025-07,Apparel,Website,1,66.53,False
103507,2025-07-04,2025-07,Beauty,Website,3,93.0,False
103508,2025-07-08,2025-07,Home & Garden,Mobile App,3,146.57,False
103509,2025-07-07,2025-07,Home & Garden,Website,3,191.63,False
103510,2025-07-02,2025-07,Beauty,Marketplace,3,100.55,False
103511,2025-07-22,2025-07,Apparel,Website,1,35.76,False
103512,2025-07-29,2025-07,Apparel,Mobile App,3,86.95,False
103513,2025-07-05,2025-07,Beauty,Mobile App,1,31.51,False
103514,2025-07-07,2025-07,Electronics,Website,1,178.92,False
103515,2025-07-10,2025-07,Apparel,Website,1,34.31,False
103516,2025-07-11,2025-07,Home & Garden,Website,2,155.01,False
103517,2025-07-25,2025-07,Electronics,Mobile App,3,313.26,False
103518,2025-07-05,2025-07,Sports & Outdoors,Website,2,155.14,False
103519,2025-07-21,2025-07,Electronics,Website,2,380.26,True
103520,2025-07-11,2025-07,Sports & Outdoors,Mobile App,1,133.07,False
103521,2025-07-26,2025-07,Electronics,Mobile App,3,702.05,False
103522,2025-07-21,2025-07,Beauty,Website,1,25.85,False
103523,2025-07-10,2025-07,Beauty,Marketplace,3,74.21,False
103524,2025-07-26,2025-07,Home & Garden,Mobile App,2,259.39,False
103525,2025-07-27,2025-07,Electronics,Mobile App,1,154.47,False
103526,2025-07-20,2025-07,Electronics,Mobile App,1,21.67,False
103527,2025-07-20,2025-07,Electronics,Website,3,329.03,False
103528,2025-07-14,2025-07,Sports & Outdoors,Marketplace,1,187.36,False
103529,2025-07-07,2025-07,Apparel,Mobile App,2,112.65,False
103530,2025-07-26,2025-07,Home & Garden,Marketplace,2,180.61,False
103531,2025-07-10,2025-07,Electronics,Website,2,237.84,False
103532,2025-07-16,2025-07,Beauty,Website,2,64.45,False
103533,2025-07-02,2025-07,Home & Garden,Website,1,86.01,False
103534,2025-07-19,2025-07,Electronics,Website,1,129.03,False
103535,2025-07-22,2025-07,Sports & Outdoors,Website,2,154.07,False
103536,2025-07-28,2025-07,Apparel,Mobile App,3,109.94,False
103537,2025-07-15,2025-07,Apparel,Marketplace,1,45.7,False
103538,2025-07-22,2025-07,Apparel,Website,2,81.57,False
103539,2025-07-07,2025-07,Sports & Outdoors,Website,1,125.28,False
103540,2025-07-25,2025-07,Home & Garden,Marketplace,3,116.14,True
103541,2025-07-04,2025-07,Home & Garden,Mobile App,3,257.47,False
103542,2025-07-12,2025-07,Sports & Outdoors,Website,1,106.74,False
103543,2025-07-22,2025-07,Sports & Outdoors,Mobile App,3,417.45,False
103544,2025-07-19,2025-07,Home & Garden,Mobile App,3,427.45,False
103545,2025-07-25,2025-07,Home & Garden,Website,2,134.57,False
103546,2025-07-05,2025-07,Sports & Outdoors,Website,2,118.79,False
103547,2025-07-07,2025-07,Home & Garden,Website,2,160.61,False
103548,2025-07-03,2025-07,Beauty,Website,2,100.35,False
103549,2025-07-18,2025-07,Apparel,Website,3,129.42,False
103550,2025-07-31,2025-07,Electronics,Marketplace,3,684.63,False
103551,2025-07-31,2025-07,Electronics,Mobile App,2,497.93,False
103552,2025-07-22,2025-07,Electronics,Mobile App,3,551.37,False
103553,2025-07-28,2025-07,Sports & Outdoors,Mobile App,3,279.77,False
103554,2025-07-25,2025-07,Home & Garden,Website,3,307.6,False
103555,2025-07-16,2025-07,Sports & Outdoors,Marketplace,3,330.65,False
103556,2025-07-06,2025-07,Apparel,Website,1,44.15,False
103557,2025-07-16,2025-07,Electronics,Website,2,253.29,True
103558,2025-07-22,2025-07,Electronics,Mobile App,2,400.42,False
103559,2025-07-01,2025-07,Apparel,Website,2,79.12,False
103560,2025-07-25,2025-07,Sports & Outdoors,Marketplace,1,75.78,False
103561,2025-07-06,2025-07,Electronics,Website,2,377.38,False
103562,2025-07-20,2025-07,Apparel,Mobile App,3,156.32,False
103563,2025-07-18,2025-07,Beauty,Mobile App,3,103.59,False
103564,2025-07-03,2025-07,Electronics,Website,2,300.02,False
103565,2025-07-01,2025-07,Apparel,Marketplace,2,128.44,False
103566,2025-07-06,2025-07,Electronics,Website,3,588.15,False
103567,2025-07-24,2025-07,Electronics,Website,3,288.14,False
103568,2025-07-13,2025-07,Electronics,Website,1,144.92,False
103569,2025-07-20,2025-07,Home & Garden,Website,3,207.33,False
103570,2025-07-08,2025-07,Beauty,Website,3,120.0,False
103571,2025-07-23,2025-07,Sports & Outdoors,Mobile App,3,167.67,False
103572,2025-07-20,2025-07,Apparel,Mobile App,3,90.6,False
103573,2025-07-13,2025-07,Electronics,Marketplace,2,302.87,False
103574,2025-07-29,2025-07,Beauty,Marketplace,2,80.08,False
103575,2025-07-15,2025-07,Beauty,Mobile App,1,33.49,False
103576,2025-07-26,2025-07,Sports & Outdoors,Mobile App,3,377.97,False
103577,2025-07-16,2025-07,Sports & Outdoors,Website,1,79.98,False
103578,2025-07-20,2025-07,Electronics,Website,2,385.82,False
103579,2025-07-22,2025-07,Apparel,Website,3,114.77,False
103580,2025-07-29,2025-07,Apparel,Mobile App,1,74.07,False
103581,2025-07-12,2025-07,Apparel,Mobile App,1,80.79,False
103582,2025-07-24,2025-07,Beauty,Marketplace,3,117.77,False
103583,2025-07-20,2025-07,Beauty,Mobile App,1,45.15,True
103584,2025-07-25,2025-07,Home & Garden,Marketplace,1,61.67,False
103585,2025-07-27,2025-07,Sports & Outdoors,Mobile App,2,250.4,False
103586,2025-07-10,2025-07,Sports & Outdoors,Mobile App,3,325.95,False
103587,2025-07-04,2025-07,Electronics,Marketplace,2,617.13,False
103588,2025-07-15,2025-07,Apparel,Website,2,97.42,False
103589,2025-07-21,2025-07,Apparel,Marketplace,2,126.94,False
103590,2025-07-17,2025-07,Apparel,Website,3,165.2,False
103591,2025-07-17,2025-07,Sports & Outdoors,Website,2,75.54,True
103592,2025-07-17,2025-07,Apparel,Website,1,63.82,False
103593,2025-07-26,2025-07,Beauty,Website,3,51.49,False
103594,2025-07-07,2025-07,Beauty,Website,3,95.52,False
103595,2025-07-15,2025-07,Beauty,Marketplace,1,15.13,False
103596,2025-07-14,2025-07,Beauty,Website,2,38.89,False
103597,2025-07-27,2025-07,Sports & Outdoors,Mobile App,3,326.34,False
103598,2025-07-03,2025-07,Apparel,Website,3,158.16,False
103599,2025-07-25,2025-07,Beauty,Mobile App,2,43.62,False
103600,2025-07-04,2025-07,Apparel,Website,2,86.82,False
103601,2025-07-03,2025-07,Electronics,Mobile App,2,277.95,False
103602,2025-07-18,2025-07,Home & Garden,Website,1,100.56,False
103603,2025-07-20,2025-07,Beauty,Marketplace,3,125.11,False
103604,2025-07-04,2025-07,Apparel,Website,1,49.26,False
103605,2025-07-31,2025-07,Beauty,Website,3,107.16,False
103606,2025-07-24,2025-07,Home & Garden,Website,2,138.14,False
103607,2025-07-03,2025-07,Home & Garden,Website,2,181.39,False
103608,2025-07-22,2025-07,Apparel,Website,3,181.81,False
103609,2025-07-14,2025-07,Home & Garden,Website,1,82.25,False
103610,2025-07-17,2025-07,Electronics,Mobile App,3,318.88,False
103611,2025-07-10,2025-07,Beauty,Website,3,111.59,False
103612,2025-07-31,2025-07,Electronics,Mobile App,2,515.82,False
103613,2025-07-11,2025-07,Beauty,Mobile App,2,87.12,False
103614,2025-07-11,2025-07,Apparel,Marketplace,1,29.62,False
103615,2025-07-01,2025-07,Beauty,Mobile App,3,136.22,False
103616,2025-07-05,2025-07,Apparel,Website,2,39.49,False
103617,2025-07-02,2025-07,Electronics,Website,3,481.94,False
103618,2025-07-02,2025-07,Apparel,Website,2,119.79,False
103619,2025-07-08,2025-07,Sports & Outdoors,Website,3,165.36,False
103620,2025-07-14,2025-07,Electronics,Website,1,120.43,False
103621,2025-07-29,2025-07,Beauty,Website,1,29.47,False
103622,2025-07-22,2025-07,Electronics,Mobile App,1,202.85,False
103623,2025-07-08,2025-07,Apparel,Mobile App,1,42.53,False
103624,2025-07-15,2025-07,Sports & Outdoors,Mobile App,3,315.82,False
103625,2025-07-16,2025-07,Home & Garden,Mobile App,1,75.35,False
103626,2025-07-03,2025-07,Beauty,Website,2,17.56,True
103627,2025-07-06,2025-07,Apparel,Website,3,164.98,False
103628,2025-07-15,2025-07,Beauty,Mobile App,2,63.37,False
103629,2025-07-28,2025-07,Electronics,Website,1,70.07,False
103630,2025-07-20,2025-07,Beauty,Mobile App,1,25.87,False
103631,2025-07-03,2025-07,Apparel,Website,1,36.97,False
103632,2025-07-28,2025-07,Electronics,Website,3,400.48,False
103633,2025-07-07,2025-07,Beauty,Mobile App,3,153.73,False
103634,2025-07-09,2025-07,Beauty,Website,2,52.03,False
103635,2025-07-09,2025-07,Apparel,Marketplace,3,160.21,False
103636,2025-07-29,2025-07,Electronics,Website,1,248.14,False
103637,2025-07-16,2025-07,Apparel,Website,1,30.29,False
103638,2025-07-26,2025-07,Electronics,Website,3,293.8,True
103639,2025-07-27,2025-07,Electronics,Website,3,449.33,False
103640,2025-07-15,2025-07,Sports & Outdoors,Website,3,188.79,False
103641,2025-07-03,2025-07,Beauty,Website,1,24.02,False
103642,2025-07-12,2025-07,Beauty,Mobile App,3,89.15,False
103643,2025-07-25,2025-07,Electronics,Website,1,272.41,False
103644,2025-07-22,2025-07,Beauty,Website,1,22.02,False
103645,2025-07-28,2025-07,Sports & Outdoors,Mobile App,1,129.23,False
103646,2025-07-12,2025-07,Home & Garden,Website,2,161.23,False
103647,2025-07-03,2025-07,Apparel,Mobile App,1,73.96,False
103648,2025-07-14,2025-07,Electronics,Website,1,203.12,False
103649,2025-07-12,2025-07,Electronics,Mobile App,2,198.28,False
103650,2025-07-13,2025-07,Apparel,Mobile App,3,233.62,False
103651,2025-07-06,2025-07,Electronics,Mobile App,1,204.07,False
103652,2025-07-29,2025-07,Apparel,Website,1,18.09,False
103653,2025-07-09,2025-07,Home & Garden,Mobile App,1,90.45,False
103654,2025-07-17,2025-07,Electronics,Marketplace,1,198.76,True
103655,2025-07-13,2025-07,Home & Garden,Website,2,189.43,False
103656,2025-07-26,2025-07,Home & Garden,Mobile App,1,51.66,False
103657,2025-07-15,2025-07,Apparel,Website,3,168.59,False
103658,2025-07-13,2025-07,Electronics,Marketplace,2,228.31,False
103659,2025-07-17,2025-07,Apparel,Website,3,179.29,False
103660,2025-07-25,2025-07,Beauty,Website,2,42.24,False
103661,2025-07-21,2025-07,Beauty,Website,2,112.57,True
103662,2025-07-26,2025-07,Beauty,Website,1,28.19,False
103663,2025-07-09,2025-07,Beauty,Mobile App,2,60.17,True
103664,2025-07-18,2025-07,Electronics,Website,1,208.44,False
103665,2025-07-05,2025-07,Sports & Outdoors,Website,1,70.64,False
103666,2025-07-03,2025-07,Apparel,Marketplace,3,202.49,False
103667,2025-07-12,2025-07,Home & Garden,Mobile App,2,161.04,False
103668,2025-07-27,2025-07,Home & Garden,Website,3,175.42,False
103669,2025-07-22,2025-07,Sports & Outdoors,Website,1,67.69,False
103670,2025-07-17,2025-07,Apparel,Website,3,181.96,False
103671,2025-07-07,2025-07,Apparel,Marketplace,2,101.48,False
103672,2025-07-26,2025-07,Sports & Outdoors,Mobile App,3,204.5,False
103673,2025-07-24,2025-07,Electronics,Website,2,399.8,False
103674,2025-07-14,2025-07,Electronics,Website,3,790.91,False
103675,2025-07-15,2025-07,Electronics,Mobile App,2,451.07,False
103676,2025-07-08,2025-07,Apparel,Marketplace,2,123.54,False
103677,2025-07-07,2025-07,Home & Garden,Website,1,51.1,False
103678,2025-07-31,2025-07,Electronics,Mobile App,3,307.25,False
103679,2025-07-02,2025-07,Electronics,Marketplace,1,156.77,False
103680,2025-07-19,2025-07,Beauty,Website,1,31.59,False
103681,2025-07-09,2025-07,Electronics,Mobile App,2,110.66,False
103682,2025-07-25,2025-07,Home & Garden,Mobile App,2,169.94,False
103683,2025-07-23,2025-07,Home & Garden,Website,3,302.59,False
103684,2025-07-18,2025-07,Beauty,Mobile App,2,27.18,False
103685,2025-07-20,2025-07,Electronics,Website,1,208.98,False
103686,2025-07-07,2025-07,Electronics,Website,2,421.8,False
103687,2025-07-09,2025-07,Sports & Outdoors,Marketplace,1,127.42,False
103688,2025-07-03,2025-07,Apparel,Website,1,55.88,False
103689,2025-07-01,2025-07,Beauty,Mobile App,1,56.02,False
103690,2025-07-02,2025-07,Home & Garden,Website,3,268.77,False
103691,2025-07-07,2025-07,Home & Garden,Website,3,275.47,False
103692,2025-07-01,2025-07,Beauty,Mobile App,3,155.53,False
103693,2025-07-10,2025-07,Electronics,Mobile App,3,779.21,True
103694,2025-07-05,2025-07,Home & Garden,Mobile App,2,150.54,False
103695,2025-07-21,2025-07,Beauty,Mobile App,2,56.1,False
103696,2025-07-01,2025-07,Home & Garden,Mobile App,2,232.33,False
103697,2025-07-13,2025-07,Apparel,Mobile App,2,60.82,False
103698,2025-07-08,2025-07,Electronics,Website,2,374.87,False
103699,2025-07-05,2025-07,Electronics,Website,1,147.49,False
103700,2025-07-15,2025-07,Apparel,Website,1,29.95,False
103701,2025-07-19,2025-07,Sports & Outdoors,Website,2,157.74,False
103702,2025-07-09,2025-07,Apparel,Mobile App,2,122.25,False
103703,2025-07-20,2025-07,Home & Garden,Mobile App,3,190.14,False
103704,2025-07-06,2025-07,Electronics,Website,2,155.15,False
103705,2025-07-10,2025-07,Apparel,Mobile App,3,134.33,False
103706,2025-07-22,2025-07,Electronics,Website,2,172.24,False
103707,2025-07-18,2025-07,Apparel,Mobile App,3,71.11,True
103708,2025-07-04,2025-07,Beauty,Mobile App,3,68.53,False
103709,2025-07-24,2025-07,Apparel,Website,3,178.75,False
103710,2025-07-04,2025-07,Electronics,Website,2,290.58,False
103711,2025-07-02,2025-07,Home & Garden,Mobile App,1,52.51,False
103712,2025-07-29,2025-07,Home & Garden,Mobile App,3,317.91,False
103713,2025-07-08,2025-07,Home & Garden,Website,2,116.89,False
103714,2025-07-24,2025-07,Electronics,Website,2,227.69,False
103715,2025-07-02,2025-07,Sports & Outdoors,Mobile App,2,193.15,False
103716,2025-07-13,2025-07,Apparel,Mobile App,3,120.9,False
103717,2025-07-27,2025-07,Sports & Outdoors,Mobile App,2,185.89,False
103718,2025-07-21,2025-07,Apparel,Website,3,75.16,False
103719,2025-07-05,2025-07,Electronics,Website,1,141.71,False
103720,2025-07-16,2025-07,Beauty,Website,2,60.81,False
103721,2025-07-26,2025-07,Home & Garden,Mobile App,2,175.23,False
103722,2025-07-15,2025-07,Electronics,Website,1,224.94,False
103723,2025-07-23,2025-07,Electronics,Website,3,461.99,False
103724,2025-07-17,2025-07,Sports & Outdoors,Website,2,220.13,False
103725,2025-07-08,2025-07,Sports & Outdoors,Mobile App,1,106.28,False
103726,2025-07-09,2025-07,Beauty,Mobile App,1,18.09,False
103727,2025-07-05,2025-07,Sports & Outdoors,Website,2,186.46,False
103728,2025-07-26,2025-07,Apparel,Website,3,77.86,False
103729,2025-07-13,2025-07,Beauty,Website,1,46.17,False
103730,2025-07-27,2025-07,Sports & Outdoors,Website,2,261.45,False
103731,2025-07-09,2025-07,Electronics,Mobile App,2,259.04,True
103732,2025-07-29,2025-07,Home & Garden,Website,1,78.37,False
103733,2025-07-07,2025-07,Home & Garden,Website,1,47.01,False
103734,2025-07-30,2025-07,Home & Garden,Website,2,138.47,False
103735,2025-07-01,2025-07,Electronics,Website,3,721.09,False
103736,2025-07-18,2025-07,Electronics,Website,2,288.84,True
103737,2025-07-21,2025-07,Home & Garden,Marketplace,1,88.88,True
103738,2025-07-27,2025-07,Apparel,Mobile App,1,47.18,False
103739,2025-07-17,2025-07,Electronics,Marketplace,3,501.8,False
103740,2025-07-11,2025-07,Sports & Outdoors,Website,1,58.51,False
103741,2025-07-30,2025-07,Apparel,Website,2,107.2,False
103742,2025-07-12,2025-07,Home & Garden,Mobile App,2,150.96,False
103743,2025-07-29,2025-07,Beauty,Mobile App,2,78.22,False
103744,2025-07-21,2025-07,Sports & Outdoors,Mobile App,2,130.1,False
103745,2025-07-23,2025-07,Electronics,Mobile App,3,816.93,False
103746,2025-07-29,2025-07,Home & Garden,Mobile App,1,62.96,False
103747,2025-07-30,2025-07,Sports & Outdoors,Mobile App,2,115.63,False
103748,2025-07-03,2025-07,Beauty,Website,1,31.21,True
103749,2025-07-25,2025-07,Home & Garden,Website,2,110.69,False
103750,2025-07-03,2025-07,Electronics,Mobile App,1,185.38,False
103751,2025-07-05,2025-07,Electronics,Website,1,149.95,False
103752,2025-07-23,2025-07,Electronics,Mobile App,3,283.41,False
103753,2025-07-17,2025-07,Beauty,Website,3,132.49,False
103754,2025-07-09,2025-07,Apparel,Website,3,171.09,False
103755,2025-07-15,2025-07,Electronics,Website,1,73.01,False
103756,2025-07-09,2025-07,Home & Garden,Website,1,43.26,False
103757,2025-07-24,2025-07,Electronics,Mobile App,2,320.82,False
103758,2025-07-24,2025-07,Beauty,Mobile App,2,80.37,False
103759,2025-07-14,2025-07,Apparel,Mobile App,3,153.25,False
103760,2025-07-04,2025-07,Electronics,Mobile App,3,563.47,False
103761,2025-07-11,2025-07,Beauty,Website,2,59.42,False
103762,2025-07-01,2025-07,Beauty,Website,2,90.97,False
103763,2025-07-05,2025-07,Apparel,Website,2,20.9,False
103764,2025-07-04,2025-07,Apparel,Website,3,195.21,True
103765,2025-07-31,2025-07,Sports & Outdoors,Website,2,196.87,False
103766,2025-07-22,2025-07,Apparel,Marketplace,1,18.81,False
103767,2025-07-05,2025-07,Sports & Outdoors,Mobile App,2,118.78,False
103768,2025-07-02,2025-07,Home & Garden,Website,3,48.95,False
103769,2025-07-18,2025-07,Electronics,Website,3,709.15,False
103770,2025-07-07,2025-07,Beauty,Mobile App,2,89.79,False
103771,2025-07-13,2025-07,Sports & Outdoors,Website,3,339.9,True
103772,2025-07-27,2025-07,Beauty,Website,3,108.12,False
103773,2025-07-15,2025-07,Apparel,Website,2,103.18,False
103774,2025-07-18,2025-07,Sports & Outdoors,Mobile App,2,210.48,False
103775,2025-07-06,2025-07,Electronics,Website,1,259.96,False
103776,2025-07-07,2025-07,Apparel,Website,2,81.4,False
103777,2025-07-05,2025-07,Electronics,Mobile App,3,393.1,True
103778,2025-07-09,2025-07,Electronics,Website,3,319.58,False
103779,2025-07-28,2025-07,Home & Garden,Website,1,14.76,False
103780,2025-07-31,2025-07,Sports & Outdoors,Website,2,99.41,False
103781,2025-07-13,2025-07,Apparel,Marketplace,2,141.37,False
103782,2025-07-04,2025-07,Beauty,Marketplace,2,39.67,True
103783,2025-07-25,2025-07,Apparel,Mobile App,3,225.93,False
103784,2025-07-21,2025-07,Electronics,Mobile App,1,203.24,False
103785,2025-07-30,2025-07,Sports & Outdoors,Website,1,65.53,False
103786,2025-07-16,2025-07,Electronics,Website,3,257.08,True
103787,2025-07-18,2025-07,Home & Garden,Mobile App,3,165.49,False
103788,2025-07-02,2025-07,Home & Garden,Website,3,301.1,False
103789,2025-07-12,2025-07,Home & Garden,Website,3,122.12,False
103790,2025-07-14,2025-07,Beauty,Mobile App,1,40.39,False
103791,2025-07-27,2025-07,Electronics,Website,2,440.35,False
103792,2025-07-15,2025-07,Home & Garden,Mobile App,1,104.91,False
103793,2025-07-28,2025-07,Electronics,Mobile App,1,244.51,False
103794,2025-07-08,2025-07,Beauty,Website,2,71.54,False
103795,2025-07-27,2025-07,Electronics,Marketplace,2,248.98,False
103796,2025-07-24,2025-07,Apparel,Website,1,69.18,False
103797,2025-07-29,2025-07,Home & Garden,Website,2,190.91,False
103798,2025-07-01,2025-07,Electronics,Mobile App,3,558.34,False
103799,2025-07-27,2025-07,Beauty,Website,2,54.02,False
103800,2025-07-04,2025-07,Electronics,Website,1,66.56,True
103801,2025-07-25,2025-07,Apparel,Website,1,13.36,False
103802,2025-07-23,2025-07,Apparel,Mobile App,1,55.61,False
103803,2025-07-07,2025-07,Apparel,Website,1,45.63,False
103804,2025-07-16,2025-07,Apparel,Mobile App,1,41.87,False
103805,2025-07-29,2025-07,Electronics,Website,1,234.37,True
103806,2025-07-24,2025-07,Beauty,Website,1,36.74,False
103807,2025-07-19,2025-07,Electronics,Mobile App,3,701.7,False
103808,2025-07-30,2025-07,Beauty,Mobile App,1,47.99,True
103809,2025-07-26,2025-07,Beauty,Marketplace,3,107.11,False
103810,2025-07-31,2025-07,Sports & Outdoors,Mobile App,3,175.84,False
103811,2025-07-03,2025-07,Electronics,Mobile App,1,160.09,False
103812,2025-07-31,2025-07,Sports & Outdoors,Mobile App,3,231.36,False
103813,2025-07-05,2025-07,Home & Garden,Mobile App,2,164.62,False
103814,2025-07-25,2025-07,Electronics,Mobile App,3,360.69,False
103815,2025-07-18,2025-07,Beauty,Mobile App,2,69.89,False
103816,2025-07-29,2025-07,Apparel,Mobile App,3,153.48,False
103817,2025-07-15,2025-07,Home & Garden,Mobile App,1,90.95,False
103818,2025-07-11,2025-07,Home & Garden,Marketplace,3,181.9,False
103819,2025-07-19,2025-07,Sports & Outdoors,Website,2,190.04,False
103820,2025-07-16,2025-07,Electronics,Website,3,754.02,False
103821,2025-07-28,2025-07,Beauty,Website,2,87.81,False
103822,2025-07-24,2025-07,Beauty,Website,2,81.23,False
103823,2025-07-17,2025-07,Beauty,Website,3,160.7,False
103824,2025-07-18,2025-07,Sports & Outdoors,Marketplace,2,203.99,False
103825,2025-07-10,2025-07,Apparel,Website,1,67.88,False
103826,2025-07-09,2025-07,Home & Garden,Website,1,22.04,False
103827,2025-07-20,2025-07,Beauty,Mobile App,1,22.02,False
103828,2025-07-30,2025-07,Apparel,Mobile App,3,102.04,False
103829,2025-07-23,2025-07,Beauty,Mobile App,2,53.8,False
103830,2025-07-07,2025-07,Apparel,Website,2,79.63,False
103831,2025-07-01,2025-07,Electronics,Website,1,223.22,False
103832,2025-07-18,2025-07,Apparel,Website,1,44.91,False
103833,2025-07-18,2025-07,Home & Garden,Mobile App,1,80.46,False
103834,2025-07-08,2025-07,Sports & Outdoors,Marketplace,1,112.55,False
103835,2025-07-27,2025-07,Apparel,Website,1,82.54,False
103836,2025-07-16,2025-07,Apparel,Website,1,43.59,False
103837,2025-07-05,2025-07,Electronics,Website,2,333.39,False
103838,2025-07-01,2025-07,Sports & Outdoors,Mobile App,1,153.23,False
103839,2025-07-10,2025-07,Apparel,Mobile App,1,11.17,True
103840,2025-07-16,2025-07,Electronics,Website,1,149.62,False
103841,2025-07-10,2025-07,Beauty,Marketplace,3,127.56,False
103842,2025-07-22,2025-07,Electronics,Website,3,639.11,False
103843,2025-07-11,2025-07,Apparel,Mobile App,3,115.26,False
103844,2025-07-02,2025-07,Apparel,Website,2,76.96,False
103845,2025-07-21,2025-07,Apparel,Website,1,32.15,False
103846,2025-07-07,2025-07,Apparel,Marketplace,3,143.47,False
103847,2025-07-03,2025-07,Beauty,Mobile App,3,71.44,False
103848,2025-07-08,2025-07,Apparel,Mobile App,3,126.81,False
103849,2025-07-18,2025-07,Home & Garden,Website,3,184.07,False
103850,2025-07-20,2025-07,Electronics,Mobile App,2,434.65,False
103851,2025-07-23,2025-07,Apparel,Website,3,199.4,False
103852,2025-07-08,2025-07,Apparel,Website,3,155.66,False
103853,2025-07-08,2025-07,Beauty,Marketplace,2,106.54,False
103854,2025-07-07,2025-07,Sports & Outdoors,Website,1,95.99,False
103855,2025-07-26,2025-07,Home & Garden,Marketplace,2,138.36,False
103856,2025-07-15,2025-07,Electronics,Website,2,362.12,False
103857,2025-07-09,2025-07,Apparel,Mobile App,3,166.36,False
103858,2025-07-06,2025-07,Sports & Outdoors,Mobile App,1,104.86,False
103859,2025-07-03,2025-07,Electronics,Website,1,40.77,False
103860,2025-07-21,2025-07,Beauty,Website,2,83.42,False
103861,2025-07-10,2025-07,Home & Garden,Marketplace,2,128.55,False
103862,2025-07-06,2025-07,Beauty,Mobile App,2,87.44,False
103863,2025-07-20,2025-07,Beauty,Website,3,149.86,False
103864,2025-07-13,2025-07,Home & Garden,Website,1,88.03,False
103865,2025-07-09,2025-07,Sports & Outdoors,Mobile App,3,304.39,False
103866,2025-07-02,2025-07,Apparel,Mobile App,2,98.22,False
103867,2025-07-22,2025-07,Electronics,Marketplace,3,639.44,True
103868,2025-07-25,2025-07,Beauty,Mobile App,3,24.0,False
103869,2025-07-12,2025-07,Apparel,Website,1,34.83,False
103870,2025-07-16,2025-07,Home & Garden,Website,1,71.17,False
103871,2025-07-05,2025-07,Beauty,Website,3,79.16,False
103872,2025-07-20,2025-07,Sports & Outdoors,Website,2,164.92,False
103873,2025-07-03,2025-07,Apparel,Mobile App,1,21.9,False
103874,2025-07-12,2025-07,Sports & Outdoors,Website,1,140.02,False
103875,2025-07-03,2025-07,Electronics,Mobile App,1,123.46,False
103876,2025-07-21,2025-07,Sports & Outdoors,Mobile App,1,88.71,False
103877,2025-07-25,2025-07,Beauty,Website,2,31.59,False
103878,2025-07-18,2025-07,Sports & Outdoors,Mobile App,1,69.89,False
103879,2025-07-14,2025-07,Electronics,Mobile App,3,555.58,False
103880,2025-07-26,2025-07,Electronics,Website,3,323.01,False
103881,2025-07-18,2025-07,Sports & Outdoors,Website,3,342.92,False
103882,2025-07-04,2025-07,Home & Garden,Mobile App,3,419.33,False
103883,2025-07-30,2025-07,Electronics,Website,2,416.19,False
103884,2025-07-25,2025-07,Apparel,Website,1,54.38,False
103885,2025-07-21,2025-07,Apparel,Marketplace,2,103.19,False
103886,2025-07-26,2025-07,Beauty,Website,3,41.72,False
103887,2025-07-04,2025-07,Apparel,Mobile App,3,100.1,False
103888,2025-07-05,2025-07,Sports & Outdoors,Mobile App,3,304.94,True
103889,2025-07-12,2025-07,Apparel,Mobile App,2,135.7,False
103890,2025-07-04,2025-07,Sports & Outdoors,Mobile App,1,79.75,False
103891,2025-08-27,2025-08,Apparel,Mobile App,3,197.15,False
103892,2025-08-14,2025-08,Apparel,Marketplace,1,35.05,True
103893,2025-08-09,2025-08,Beauty,Website,1,16.28,False
103894,2025-08-10,2025-08,Sports & Outdoors,Website,2,131.88,False
103895,2025-08-25,2025-08,Beauty,Mobile App,3,135.47,False
103896,2025-08-04,2025-08,Beauty,Mobile App,1,39.13,False
103897,2025-08-02,2025-08,Electronics,Website,1,144.53,False
103898,2025-08-11,2025-08,Apparel,Website,2,126.86,False
103899,2025-08-11,2025-08,Sports & Outdoors,Website,1,75.28,False
103900,2025-08-29,2025-08,Electronics,Website,3,585.86,False
103901,2025-08-26,2025-08,Sports & Outdoors,Marketplace,2,243.57,False
103902,2025-08-22,2025-08,Sports & Outdoors,Marketplace,2,290.47,False
103903,2025-08-28,2025-08,Beauty,Website,1,41.24,False
103904,2025-08-12,2025-08,Sports & Outdoors,Website,1,133.94,False
103905,2025-08-30,2025-08,Beauty,Mobile App,2,33.76,True
103906,2025-08-02,2025-08,Beauty,Marketplace,1,59.64,False
103907,2025-08-29,2025-08,Sports & Outdoors,Website,3,206.74,False
103908,2025-08-10,2025-08,Beauty,Mobile App,3,24.0,False
103909,2025-08-10,2025-08,Electronics,Website,1,149.44,True
103910,2025-08-21,2025-08,Sports & Outdoors,Website,3,173.84,True
103911,2025-08-01,2025-08,Electronics,Mobile App,2,336.67,False
103912,2025-08-27,2025-08,Apparel,Website,3,102.49,False
103913,2025-08-23,2025-08,Electronics,Website,3,374.03,False
103914,2025-08-16,2025-08,Electronics,Mobile App,3,587.87,False
103915,2025-08-30,2025-08,Sports & Outdoors,Website,1,41.79,False
103916,2025-08-22,2025-08,Home & Garden,Mobile App,2,157.57,False
103917,2025-08-29,2025-08,Home & Garden,Website,3,170.1,False
103918,2025-08-04,2025-08,Electronics,Website,2,283.5,False
103919,2025-08-25,2025-08,Beauty,Website,3,109.72,False
103920,2025-08-16,2025-08,Apparel,Website,3,218.22,False
103921,2025-08-25,2025-08,Home & Garden,Website,3,243.19,False
103922,2025-08-30,2025-08,Beauty,Website,3,81.58,False
103923,2025-08-15,2025-08,Home & Garden,Website,1,111.18,False
103924,2025-08-21,2025-08,Sports & Outdoors,Marketplace,3,311.46,False
103925,2025-08-24,2025-08,Electronics,Website,3,161.2,False
103926,2025-08-25,2025-08,Electronics,Website,2,151.77,False
103927,2025-08-01,2025-08,Electronics,Marketplace,1,169.27,False
103928,2025-08-30,2025-08,Sports & Outdoors,Website,2,213.61,False
103929,2025-08-26,2025-08,Apparel,Website,3,66.15,False
103930,2025-08-14,2025-08,Electronics,Website,2,333.41,True
103931,2025-08-31,2025-08,Apparel,Marketplace,3,109.67,False
103932,2025-08-09,2025-08,Apparel,Mobile App,1,58.12,False
103933,2025-08-24,2025-08,Home & Garden,Mobile App,2,166.55,False
103934,2025-08-14,2025-08,Electronics,Mobile App,2,347.63,False
103935,2025-08-12,2025-08,Home & Garden,Mobile App,1,70.59,False
103936,2025-08-27,2025-08,Electronics,Website,1,125.39,False
103937,2025-08-14,2025-08,Electronics,Website,3,209.44,False
103938,2025-08-27,2025-08,Sports & Outdoors,Mobile App,2,271.4,False
103939,2025-08-12,2025-08,Sports & Outdoors,Website,2,79.35,False
103940,2025-08-06,2025-08,Apparel,Mobile App,3,199.32,False
103941,2025-08-13,2025-08,Home & Garden,Mobile App,2,233.75,False
103942,2025-08-20,2025-08,Home & Garden,Website,1,97.2,False
103943,2025-08-22,2025-08,Home & Garden,Website,3,145.22,False
103944,2025-08-19,2025-08,Electronics,Mobile App,1,83.01,False
103945,2025-08-17,2025-08,Apparel,Mobile App,1,41.36,False
103946,2025-08-05,2025-08,Apparel,Website,3,247.79,False
103947,2025-08-09,2025-08,Home & Garden,Website,3,140.27,False
103948,2025-08-27,2025-08,Electronics,Website,3,705.17,False
103949,2025-08-24,2025-08,Sports & Outdoors,Website,3,148.44,False
103950,2025-08-22,2025-08,Home & Garden,Mobile App,3,117.55,False
103951,2025-08-03,2025-08,Electronics,Mobile App,3,631.11,False
103952,2025-08-19,2025-08,Beauty,Marketplace,3,97.88,True
103953,2025-08-09,2025-08,Sports & Outdoors,Marketplace,2,214.96,False
103954,2025-08-28,2025-08,Apparel,Marketplace,3,219.22,False
103955,2025-08-13,2025-08,Beauty,Website,2,34.83,False
103956,2025-08-27,2025-08,Home & Garden,Website,3,196.99,False
103957,2025-08-24,2025-08,Apparel,Website,1,63.92,False
103958,2025-08-28,2025-08,Home & Garden,Website,1,76.59,False
103959,2025-08-20,2025-08,Beauty,Website,3,173.14,False
103960,2025-08-05,2025-08,Home & Garden,Website,3,162.45,False
103961,2025-08-10,2025-08,Sports & Outdoors,Website,2,185.77,False
103962,2025-08-16,2025-08,Apparel,Marketplace,2,153.84,True
103963,2025-08-31,2025-08,Apparel,Mobile App,2,155.33,False
103964,2025-08-03,2025-08,Sports & Outdoors,Website,1,129.06,False
103965,2025-08-01,2025-08,Beauty,Mobile App,3,92.74,False
103966,2025-08-13,2025-08,Home & Garden,Mobile App,2,174.57,False
103967,2025-08-08,2025-08,Apparel,Website,2,138.18,False
103968,2025-08-06,2025-08,Apparel,Website,2,97.81,False
103969,2025-08-12,2025-08,Apparel,Website,3,114.73,False
103970,2025-08-18,2025-08,Apparel,Website,3,149.47,False
103971,2025-08-10,2025-08,Electronics,Marketplace,2,40.41,False
103972,2025-08-17,2025-08,Apparel,Website,1,61.54,False
103973,2025-08-02,2025-08,Sports & Outdoors,Marketplace,1,126.1,False
103974,2025-08-23,2025-08,Apparel,Mobile App,3,80.62,False
103975,2025-08-25,2025-08,Sports & Outdoors,Mobile App,3,206.0,False
103976,2025-08-05,2025-08,Electronics,Mobile App,3,655.92,False
103977,2025-08-30,2025-08,Home & Garden,Website,2,151.25,False
103978,2025-08-14,2025-08,Home & Garden,Mobile App,3,245.35,False
103979,2025-08-14,2025-08,Home & Garden,Website,1,38.81,False
103980,2025-08-04,2025-08,Beauty,Mobile App,2,73.27,False
103981,2025-08-07,2025-08,Apparel,Website,3,246.89,False
103982,2025-08-15,2025-08,Home & Garden,Mobile App,2,193.3,False
103983,2025-08-17,2025-08,Electronics,Website,3,474.43,False
103984,2025-08-26,2025-08,Electronics,Mobile App,2,414.18,False
103985,2025-08-12,2025-08,Apparel,Website,3,253.98,False
103986,2025-08-10,2025-08,Apparel,Mobile App,2,83.74,False
103987,2025-08-31,2025-08,Beauty,Website,2,16.0,False
103988,2025-08-11,2025-08,Electronics,Website,2,492.18,False
103989,2025-08-11,2025-08,Sports & Outdoors,Website,1,136.74,False
103990,2025-08-23,2025-08,Apparel,Website,3,145.29,False
103991,2025-08-28,2025-08,Beauty,Website,2,100.51,True
103992,2025-08-19,2025-08,Sports & Outdoors,Mobile App,3,485.94,False
103993,2025-08-05,2025-08,Apparel,Website,1,71.23,False
103994,2025-08-14,2025-08,Home & Garden,Website,2,186.2,False
103995,2025-08-14,2025-08,Electronics,Website,3,557.85,False
103996,2025-08-10,2025-08,Home & Garden,Website,1,85.55,False
103997,2025-08-28,2025-08,Home & Garden,Website,2,124.61,False
103998,2025-08-25,2025-08,Apparel,Website,3,208.33,False
103999,2025-08-16,2025-08,Electronics,Website,3,411.7,True
104000,2025-08-05,2025-08,Electronics,Website,3,597.98,False
104001,2025-08-27,2025-08,Electronics,Marketplace,3,616.22,False
104002,2025-08-31,2025-08,Home & Garden,Mobile App,2,147.54,False
104003,2025-08-29,2025-08,Electronics,Website,2,434.62,False
104004,2025-08-07,2025-08,Apparel,Website,2,110.95,False
104005,2025-08-15,2025-08,Sports & Outdoors,Mobile App,2,181.45,False
104006,2025-08-02,2025-08,Home & Garden,Website,1,33.01,False
104007,2025-08-28,2025-08,Beauty,Website,3,35.73,False
104008,2025-08-08,2025-08,Apparel,Mobile App,1,82.2,False
104009,2025-08-18,2025-08,Home & Garden,Mobile App,1,54.6,False
104010,2025-08-11,2025-08,Electronics,Website,2,453.91,False
104011,2025-08-08,2025-08,Sports & Outdoors,Mobile App,2,213.71,False
104012,2025-08-25,2025-08,Beauty,Website,1,55.28,False
104013,2025-08-13,2025-08,Electronics,Mobile App,1,165.85,False
104014,2025-08-14,2025-08,Apparel,Mobile App,1,45.01,False
104015,2025-08-28,2025-08,Home & Garden,Website,3,287.51,False
104016,2025-08-31,2025-08,Beauty,Website,3,142.56,False
104017,2025-08-25,2025-08,Sports & Outdoors,Marketplace,3,332.29,False
104018,2025-08-29,2025-08,Electronics,Mobile App,1,263.18,False
104019,2025-08-24,2025-08,Home & Garden,Mobile App,3,265.76,False
104020,2025-08-19,2025-08,Apparel,Website,2,65.63,False
104021,2025-08-06,2025-08,Sports & Outdoors,Mobile App,1,52.64,False
104022,2025-08-05,2025-08,Home & Garden,Website,3,199.61,False
104023,2025-08-13,2025-08,Apparel,Marketplace,3,141.83,False
104024,2025-08-26,2025-08,Beauty,Mobile App,3,75.77,True
104025,2025-08-16,2025-08,Electronics,Mobile App,3,480.24,False
104026,2025-08-13,2025-08,Beauty,Website,3,84.17,False
104027,2025-08-23,2025-08,Home & Garden,Mobile App,3,96.01,False
104028,2025-08-31,2025-08,Sports & Outdoors,Mobile App,2,205.24,False
104029,2025-08-23,2025-08,Apparel,Mobile App,1,71.0,True
104030,2025-08-03,2025-08,Home & Garden,Website,1,54.28,False
104031,2025-08-21,2025-08,Electronics,Website,3,479.3,False
104032,2025-08-20,2025-08,Electronics,Website,3,639.71,False
104033,2025-08-06,2025-08,Apparel,Mobile App,1,55.47,False
104034,2025-08-27,2025-08,Beauty,Website,1,48.05,False
104035,2025-08-17,2025-08,Apparel,Website,3,122.55,False
104036,2025-08-07,2025-08,Apparel,Website,1,35.95,False
104037,2025-08-03,2025-08,Beauty,Website,2,72.78,False
104038,2025-08-27,2025-08,Beauty,Mobile App,3,128.43,False
104039,2025-08-10,2025-08,Electronics,Website,2,426.9,False
104040,2025-08-17,2025-08,Sports & Outdoors,Marketplace,1,97.2,False
104041,2025-08-16,2025-08,Electronics,Marketplace,3,263.11,False
104042,2025-08-04,2025-08,Apparel,Marketplace,1,11.96,True
104043,2025-08-23,2025-08,Electronics,Website,1,102.87,False
104044,2025-08-30,2025-08,Home & Garden,Website,3,248.54,False
104045,2025-08-20,2025-08,Beauty,Website,3,123.49,False
104046,2025-08-06,2025-08,Home & Garden,Mobile App,1,93.25,False
104047,2025-08-14,2025-08,Electronics,Website,1,245.37,False
104048,2025-08-30,2025-08,Apparel,Mobile App,2,74.32,False
104049,2025-08-28,2025-08,Sports & Outdoors,Website,3,364.43,False
104050,2025-08-25,2025-08,Sports & Outdoors,Website,2,149.31,False
104051,2025-08-27,2025-08,Electronics,Website,2,297.21,False
104052,2025-08-30,2025-08,Sports & Outdoors,Website,1,59.69,True
104053,2025-08-25,2025-08,Sports & Outdoors,Website,1,105.86,False
104054,2025-08-10,2025-08,Apparel,Marketplace,1,54.82,False
104055,2025-08-09,2025-08,Apparel,Website,1,36.28,False
104056,2025-08-21,2025-08,Beauty,Mobile App,3,139.58,False
104057,2025-08-18,2025-08,Apparel,Mobile App,3,286.23,False
104058,2025-08-08,2025-08,Apparel,Website,3,153.33,False
104059,2025-08-02,2025-08,Apparel,Mobile App,3,197.97,False
104060,2025-08-21,2025-08,Sports & Outdoors,Website,1,100.53,False
104061,2025-08-07,2025-08,Apparel,Website,2,114.77,False
104062,2025-08-22,2025-08,Beauty,Mobile App,2,59.85,True
104063,2025-08-07,2025-08,Electronics,Marketplace,1,209.75,False
104064,2025-08-02,2025-08,Electronics,Marketplace,3,787.41,False
104065,2025-08-09,2025-08,Apparel,Mobile App,3,160.14,False
104066,2025-08-07,2025-08,Home & Garden,Website,3,255.3,False
104067,2025-08-19,2025-08,Sports & Outdoors,Website,2,175.47,False
104068,2025-08-04,2025-08,Electronics,Website,3,481.57,False
104069,2025-08-18,2025-08,Home & Garden,Website,2,168.93,False
104070,2025-08-04,2025-08,Beauty,Website,1,37.27,False
104071,2025-08-25,2025-08,Electronics,Website,1,185.94,False
104072,2025-08-08,2025-08,Beauty,Mobile App,3,112.11,False
104073,2025-08-17,2025-08,Electronics,Website,3,839.38,False
104074,2025-08-09,2025-08,Sports & Outdoors,Website,1,167.06,False
104075,2025-08-25,2025-08,Sports & Outdoors,Mobile App,1,58.51,False
104076,2025-08-01,2025-08,Electronics,Mobile App,2,423.94,False
104077,2025-08-24,2025-08,Electronics,Mobile App,1,122.46,False
104078,2025-08-18,2025-08,Home & Garden,Mobile App,1,85.38,False
104079,2025-08-12,2025-08,Sports & Outdoors,Website,2,140.63,False
104080,2025-08-17,2025-08,Apparel,Website,3,86.59,False
104081,2025-08-09,2025-08,Sports & Outdoors,Mobile App,1,172.52,False
104082,2025-08-05,2025-08,Beauty,Website,2,86.94,True
104083,2025-08-27,2025-08,Electronics,Mobile App,2,275.45,False
104084,2025-08-19,2025-08,Sports & Outdoors,Mobile App,3,186.52,False
104085,2025-08-19,2025-08,Apparel,Website,2,83.7,False
104086,2025-08-06,2025-08,Electronics,Marketplace,1,93.84,False
104087,2025-08-07,2025-08,Electronics,Website,2,424.68,False
104088,2025-08-22,2025-08,Home & Garden,Website,2,195.01,False
104089,2025-08-10,2025-08,Beauty,Website,3,154.55,False
104090,2025-08-06,2025-08,Beauty,Marketplace,2,30.09,False
104091,2025-08-26,2025-08,Home & Garden,Website,2,157.43,True
104092,2025-08-21,2025-08,Home & Garden,Website,3,105.91,False
104093,2025-08-17,2025-08,Sports & Outdoors,Mobile App,2,186.93,False
104094,2025-08-06,2025-08,Home & Garden,Marketplace,2,78.2,False
104095,2025-08-13,2025-08,Beauty,Website,2,82.1,False
104096,2025-08-15,2025-08,Apparel,Website,3,136.1,False
104097,2025-08-04,2025-08,Apparel,Mobile App,1,43.7,False
104098,2025-08-28,2025-08,Apparel,Website,2,119.19,False
104099,2025-08-03,2025-08,Sports & Outdoors,Website,2,131.3,False
104100,2025-08-19,2025-08,Beauty,Website,2,63.16,False
104101,2025-08-29,2025-08,Sports & Outdoors,Website,1,53.86,False
104102,2025-08-31,2025-08,Apparel,Marketplace,1,23.45,False
104103,2025-08-04,2025-08,Electronics,Website,1,66.22,False
104104,2025-08-07,2025-08,Sports & Outdoors,Website,3,362.51,False
104105,2025-08-01,2025-08,Home & Garden,Website,2,164.89,False
104106,2025-08-31,2025-08,Beauty,Marketplace,3,135.42,False
104107,2025-08-12,2025-08,Sports & Outdoors,Website,1,56.51,False
104108,2025-08-08,2025-08,Apparel,Website,1,35.25,False
104109,2025-08-01,2025-08,Home & Garden,Mobile App,2,55.35,False
104110,2025-08-16,2025-08,Home & Garden,Website,3,281.73,False
104111,2025-08-20,2025-08,Home & Garden,Website,3,405.4,False
104112,2025-08-11,2025-08,Apparel,Mobile App,1,36.68,False
104113,2025-08-01,2025-08,Apparel,Marketplace,2,137.44,False
104114,2025-08-29,2025-08,Electronics,Website,3,732.39,True
104115,2025-08-19,2025-08,Apparel,Website,3,126.32,False
104116,2025-08-29,2025-08,Home & Garden,Website,2,81.85,False
104117,2025-08-07,2025-08,Beauty,Website,2,92.08,False
104118,2025-08-06,2025-08,Home & Garden,Website,1,38.05,False
104119,2025-08-07,2025-08,Sports & Outdoors,Mobile App,1,128.2,False
104120,2025-08-06,2025-08,Sports & Outdoors,Mobile App,2,145.34,False
104121,2025-08-27,2025-08,Home & Garden,Mobile App,2,78.76,False
104122,2025-08-27,2025-08,Sports & Outdoors,Mobile App,1,126.43,False
104123,2025-08-01,2025-08,Home & Garden,Mobile App,2,183.84,False
104124,2025-08-31,2025-08,Sports & Outdoors,Website,3,284.45,False
104125,2025-08-01,2025-08,Apparel,Website,1,58.32,False
104126,2025-08-24,2025-08,Sports & Outdoors,Website,2,130.35,False
104127,2025-08-15,2025-08,Beauty,Website,3,107.57,False
104128,2025-08-16,2025-08,Beauty,Website,2,99.66,False
104129,2025-08-11,2025-08,Apparel,Website,1,23.49,False
104130,2025-08-19,2025-08,Beauty,Mobile App,1,41.11,False
104131,2025-08-16,2025-08,Home & Garden,Mobile App,1,87.53,False
104132,2025-08-09,2025-08,Apparel,Website,2,16.0,False
104133,2025-08-05,2025-08,Sports & Outdoors,Website,1,145.83,False
104134,2025-08-01,2025-08,Apparel,Mobile App,1,32.17,False
104135,2025-08-23,2025-08,Sports & Outdoors,Mobile App,3,296.57,False
104136,2025-08-19,2025-08,Electronics,Mobile App,3,337.68,False
104137,2025-08-04,2025-08,Electronics,Mobile App,3,444.83,False
104138,2025-08-15,2025-08,Sports & Outdoors,Website,1,65.62,False
104139,2025-08-08,2025-08,Beauty,Website,3,163.57,False
104140,2025-08-13,2025-08,Electronics,Website,1,120.88,False
104141,2025-08-30,2025-08,Beauty,Website,3,182.85,False
104142,2025-08-04,2025-08,Apparel,Website,3,116.32,False
104143,2025-08-06,2025-08,Electronics,Mobile App,1,124.46,False
104144,2025-08-30,2025-08,Electronics,Website,3,659.2,False
104145,2025-08-16,2025-08,Electronics,Mobile App,2,136.22,False
104146,2025-08-25,2025-08,Electronics,Website,3,533.82,False
104147,2025-08-19,2025-08,Beauty,Mobile App,1,28.0,False
104148,2025-08-22,2025-08,Electronics,Website,3,150.66,False
104149,2025-08-14,2025-08,Home & Garden,Mobile App,2,216.95,False
104150,2025-08-31,2025-08,Electronics,Mobile App,1,193.18,False
104151,2025-08-30,2025-08,Electronics,Website,3,320.64,False
104152,2025-08-20,2025-08,Electronics,Mobile App,1,259.09,False
104153,2025-08-16,2025-08,Apparel,Website,1,44.94,False
104154,2025-08-28,2025-08,Electronics,Website,3,277.44,False
104155,2025-08-02,2025-08,Electronics,Marketplace,2,371.29,False
104156,2025-08-31,2025-08,Electronics,Website,1,139.25,True
104157,2025-08-03,2025-08,Electronics,Website,2,192.1,False
104158,2025-08-09,2025-08,Home & Garden,Website,3,271.78,False
104159,2025-08-06,2025-08,Home & Garden,Website,2,79.38,False
104160,2025-08-15,2025-08,Home & Garden,Website,1,111.49,False
104161,2025-08-21,2025-08,Apparel,Mobile App,1,29.91,False
104162,2025-08-26,2025-08,Apparel,Mobile App,3,49.44,False
104163,2025-08-26,2025-08,Electronics,Mobile App,2,302.44,False
104164,2025-08-19,2025-08,Home & Garden,Website,2,196.7,False
104165,2025-08-04,2025-08,Sports & Outdoors,Website,2,120.5,False
104166,2025-08-21,2025-08,Beauty,Marketplace,1,37.52,False
104167,2025-08-17,2025-08,Home & Garden,Website,2,270.58,False
104168,2025-08-27,2025-08,Beauty,Mobile App,1,17.57,False
104169,2025-08-20,2025-08,Home & Garden,Website,3,208.55,False
104170,2025-08-12,2025-08,Sports & Outdoors,Marketplace,1,31.57,False
104171,2025-08-29,2025-08,Sports & Outdoors,Website,1,124.01,False
104172,2025-08-17,2025-08,Home & Garden,Website,3,263.39,False
104173,2025-08-03,2025-08,Home & Garden,Mobile App,3,156.35,False
104174,2025-08-09,2025-08,Sports & Outdoors,Website,1,136.5,False
104175,2025-08-19,2025-08,Beauty,Website,3,176.49,False
104176,2025-08-15,2025-08,Sports & Outdoors,Mobile App,3,98.38,False
104177,2025-08-15,2025-08,Home & Garden,Mobile App,2,210.59,False
104178,2025-08-27,2025-08,Apparel,Marketplace,1,44.41,False
104179,2025-08-28,2025-08,Home & Garden,Marketplace,2,151.28,False
104180,2025-08-15,2025-08,Electronics,Mobile App,1,143.76,False
104181,2025-08-20,2025-08,Apparel,Website,3,182.78,False
104182,2025-08-30,2025-08,Home & Garden,Marketplace,3,140.53,False
104183,2025-08-16,2025-08,Electronics,Website,3,53.32,False
104184,2025-08-07,2025-08,Home & Garden,Marketplace,1,74.38,False
104185,2025-08-16,2025-08,Electronics,Mobile App,2,471.41,False
104186,2025-08-22,2025-08,Sports & Outdoors,Mobile App,3,197.03,False
104187,2025-08-28,2025-08,Apparel,Mobile App,2,95.7,False
104188,2025-08-22,2025-08,Home & Garden,Website,2,144.56,False
104189,2025-08-09,2025-08,Beauty,Website,3,110.82,False
104190,2025-08-26,2025-08,Home & Garden,Website,1,55.37,False
104191,2025-08-13,2025-08,Electronics,Mobile App,1,139.08,False
104192,2025-08-02,2025-08,Sports & Outdoors,Website,1,133.8,False
104193,2025-08-28,2025-08,Beauty,Website,2,62.69,False
104194,2025-08-26,2025-08,Sports & Outdoors,Website,2,74.08,False
104195,2025-08-01,2025-08,Apparel,Website,1,40.49,False
104196,2025-08-17,2025-08,Electronics,Mobile App,2,252.9,False
104197,2025-08-10,2025-08,Electronics,Website,2,328.12,False
104198,2025-08-22,2025-08,Sports & Outdoors,Website,3,410.05,False
104199,2025-08-06,2025-08,Sports & Outdoors,Website,1,95.78,False
104200,2025-08-26,2025-08,Electronics,Website,1,204.61,False
104201,2025-08-24,2025-08,Sports & Outdoors,Website,1,80.82,False
104202,2025-08-21,2025-08,Electronics,Mobile App,2,425.54,False
104203,2025-08-26,2025-08,Electronics,Website,2,305.71,True
104204,2025-08-08,2025-08,Home & Garden,Website,1,57.6,False
104205,2025-08-12,2025-08,Home & Garden,Website,3,185.16,False
104206,2025-08-11,2025-08,Electronics,Mobile App,2,336.73,False
104207,2025-08-22,2025-08,Sports & Outdoors,Website,1,138.1,False
104208,2025-08-26,2025-08,Sports & Outdoors,Website,3,316.64,False
104209,2025-08-25,2025-08,Electronics,Mobile App,1,174.06,False
104210,2025-08-02,2025-08,Sports & Outdoors,Website,3,234.21,False
104211,2025-08-09,2025-08,Sports & Outdoors,Marketplace,1,46.97,False
104212,2025-08-10,2025-08,Electronics,Website,2,296.93,False
104213,2025-08-21,2025-08,Beauty,Mobile App,1,29.25,False
104214,2025-08-06,2025-08,Apparel,Marketplace,3,123.06,False
104215,2025-08-09,2025-08,Beauty,Website,1,43.77,False
104216,2025-08-08,2025-08,Beauty,Website,1,30.51,False
104217,2025-08-14,2025-08,Sports & Outdoors,Website,3,258.41,False
104218,2025-08-26,2025-08,Electronics,Website,3,178.08,False
104219,2025-08-30,2025-08,Beauty,Mobile App,1,34.83,False
104220,2025-08-06,2025-08,Beauty,Website,1,22.56,False
104221,2025-08-03,2025-08,Beauty,Mobile App,1,29.19,False
104222,2025-08-07,2025-08,Apparel,Website,1,47.62,False
104223,2025-08-08,2025-08,Beauty,Mobile App,1,31.21,False
104224,2025-08-10,2025-08,Apparel,Marketplace,1,60.15,False
104225,2025-08-13,2025-08,Apparel,Website,2,151.53,False
104226,2025-08-28,2025-08,Electronics,Website,1,41.66,False
104227,2025-08-25,2025-08,Electronics,Website,2,399.79,False
104228,2025-08-09,2025-08,Apparel,Website,2,115.86,False
104229,2025-08-13,2025-08,Electronics,Website,3,544.22,False
104230,2025-08-24,2025-08,Beauty,Website,2,102.15,False
104231,2025-08-22,2025-08,Sports & Outdoors,Website,1,70.79,False
104232,2025-08-16,2025-08,Apparel,Website,2,171.34,False
104233,2025-08-28,2025-08,Electronics,Marketplace,3,607.6,False
104234,2025-08-25,2025-08,Beauty,Website,3,98.61,False
104235,2025-08-15,2025-08,Electronics,Website,1,114.17,False
104236,2025-08-07,2025-08,Sports & Outdoors,Website,2,150.22,False
104237,2025-08-05,2025-08,Home & Garden,Website,3,184.44,False
104238,2025-08-06,2025-08,Apparel,Website,2,100.64,False
104239,2025-08-10,2025-08,Apparel,Mobile App,2,82.37,False
104240,2025-08-09,2025-08,Home & Garden,Marketplace,2,63.43,False
104241,2025-08-15,2025-08,Electronics,Marketplace,3,348.05,False
104242,2025-08-01,2025-08,Sports & Outdoors,Website,3,473.14,False
104243,2025-08-08,2025-08,Electronics,Mobile App,2,255.53,False
104244,2025-08-15,2025-08,Home & Garden,Website,2,110.68,False
104245,2025-08-27,2025-08,Beauty,Website,2,69.19,False
104246,2025-08-01,2025-08,Sports & Outdoors,Marketplace,1,89.73,False
104247,2025-08-31,2025-08,Electronics,Mobile App,2,392.83,False
104248,2025-08-17,2025-08,Sports & Outdoors,Website,1,108.84,False
104249,2025-08-31,2025-08,Sports & Outdoors,Website,2,81.35,False
104250,2025-08-23,2025-08,Home & Garden,Mobile App,2,173.67,True
104251,2025-08-13,2025-08,Beauty,Website,3,64.13,False
104252,2025-08-28,2025-08,Beauty,Mobile App,3,98.19,False
104253,2025-08-26,2025-08,Electronics,Website,2,386.15,False
104254,2025-08-06,2025-08,Beauty,Website,2,76.93,False
104255,2025-08-09,2025-08,Apparel,Website,3,120.54,False
104256,2025-08-22,2025-08,Apparel,Website,2,64.73,False
104257,2025-08-16,2025-08,Beauty,Website,3,112.01,False
104258,2025-08-14,2025-08,Apparel,Website,1,62.0,False
104259,2025-08-31,2025-08,Sports & Outdoors,Website,1,107.18,False
104260,2025-08-31,2025-08,Electronics,Website,2,285.66,False
104261,2025-08-23,2025-08,Electronics,Website,3,597.06,False
104262,2025-08-22,2025-08,Electronics,Marketplace,3,693.18,False
104263,2025-08-14,2025-08,Electronics,Marketplace,3,674.71,False
104264,2025-08-06,2025-08,Beauty,Website,1,53.33,False
104265,2025-08-07,2025-08,Sports & Outdoors,Website,3,126.03,False
104266,2025-08-04,2025-08,Apparel,Website,1,29.78,False
104267,2025-08-06,2025-08,Apparel,Website,1,36.01,False
104268,2025-08-31,2025-08,Beauty,Mobile App,1,59.54,False
104269,2025-08-04,2025-08,Beauty,Website,2,66.73,False
104270,2025-08-27,2025-08,Electronics,Marketplace,2,508.0,False
104271,2025-08-08,2025-08,Beauty,Website,3,170.31,False
104272,2025-08-04,2025-08,Sports & Outdoors,Website,2,89.9,False
104273,2025-08-13,2025-08,Sports & Outdoors,Website,3,270.36,False
104274,2025-08-12,2025-08,Apparel,Mobile App,3,129.73,False
104275,2025-08-26,2025-08,Sports & Outdoors,Website,1,107.11,False
104276,2025-08-21,2025-08,Apparel,Mobile App,1,48.91,False
104277,2025-08-05,2025-08,Apparel,Marketplace,2,117.38,False
104278,2025-08-02,2025-08,Sports & Outdoors,Website,3,395.67,False
104279,2025-08-30,2025-08,Beauty,Website,2,62.27,False
104280,2025-08-06,2025-08,Beauty,Website,3,39.83,False
104281,2025-08-23,2025-08,Beauty,Mobile App,2,48.3,False
104282,2025-08-01,2025-08,Apparel,Mobile App,3,168.17,False
104283,2025-08-13,2025-08,Electronics,Marketplace,3,465.74,False
104284,2025-08-24,2025-08,Sports & Outdoors,Mobile App,2,138.79,False
104285,2025-08-16,2025-08,Beauty,Mobile App,3,171.08,False
104286,2025-08-05,2025-08,Electronics,Website,2,255.95,False
104287,2025-08-06,2025-08,Apparel,Website,2,42.09,False
104288,2025-08-22,2025-08,Apparel,Website,1,35.62,False
104289,2025-08-19,2025-08,Electronics,Website,2,94.44,False
104290,2025-08-08,2025-08,Apparel,Website,3,142.07,False
104291,2025-08-04,2025-08,Home & Garden,Mobile App,1,101.47,False
104292,2025-08-17,2025-08,Electronics,Mobile App,1,126.2,False
104293,2025-08-29,2025-08,Home & Garden,Mobile App,3,130.57,False
104294,2025-08-04,2025-08,Apparel,Mobile App,3,162.07,False
104295,2025-08-09,2025-08,Home & Garden,Website,3,332.01,False
104296,2025-08-05,2025-08,Electronics,Website,3,613.74,False
104297,2025-08-20,2025-08,Sports & Outdoors,Website,1,67.95,False
104298,2025-08-30,2025-08,Home & Garden,Website,1,94.32,False
104299,2025-08-19,2025-08,Home & Garden,Marketplace,2,211.1,False
104300,2025-08-03,2025-08,Electronics,Website,3,426.07,False
104301,2025-08-21,2025-08,Electronics,Website,3,618.96,False
104302,2025-08-10,2025-08,Apparel,Website,2,84.66,True
104303,2025-08-10,2025-08,Home & Garden,Website,2,156.04,False
104304,2025-08-02,2025-08,Sports & Outdoors,Marketplace,1,102.91,False
104305,2025-08-30,2025-08,Home & Garden,Website,3,141.41,False
104306,2025-08-15,2025-08,Home & Garden,Website,3,188.38,False
104307,2025-08-28,2025-08,Sports & Outdoors,Website,3,243.67,False
104308,2025-08-11,2025-08,Electronics,Website,2,503.8,False
104309,2025-08-18,2025-08,Electronics,Mobile App,1,147.03,False
104310,2025-08-31,2025-08,Beauty,Website,1,38.24,False
104311,2025-08-02,2025-08,Home & Garden,Mobile App,2,16.0,False
104312,2025-08-07,2025-08,Home & Garden,Website,2,165.11,False
104313,2025-08-16,2025-08,Apparel,Website,3,127.94,False
104314,2025-08-07,2025-08,Apparel,Website,1,62.97,False
104315,2025-08-25,2025-08,Apparel,Website,1,53.55,False
104316,2025-08-07,2025-08,Sports & Outdoors,Website,2,120.28,False
104317,2025-08-03,2025-08,Sports & Outdoors,Website,3,287.88,False
104318,2025-08-06,2025-08,Sports & Outdoors,Website,3,399.58,False
104319,2025-08-06,2025-08,Home & Garden,Website,1,84.86,False
104320,2025-08-20,2025-08,Home & Garden,Website,2,254.14,False
104321,2025-08-22,2025-08,Apparel,Mobile App,3,124.97,False
104322,2025-08-10,2025-08,Electronics,Mobile App,2,403.74,False
104323,2025-08-07,2025-08,Electronics,Website,2,289.98,False
104324,2025-08-23,2025-08,Sports & Outdoors,Website,1,83.28,False
104325,2025-08-08,2025-08,Home & Garden,Website,3,160.87,False
104326,2025-08-30,2025-08,Apparel,Mobile App,3,194.44,True
104327,2025-08-20,2025-08,Apparel,Marketplace,1,36.65,False
104328,2025-08-29,2025-08,Beauty,Website,1,28.66,False
104329,2025-08-31,2025-08,Home & Garden,Website,3,122.37,False
104330,2025-08-28,2025-08,Apparel,Mobile App,3,101.22,False
104331,2025-08-26,2025-08,Electronics,Mobile App,2,211.52,False
104332,2025-08-13,2025-08,Apparel,Mobile App,1,54.52,False
104333,2025-08-23,2025-08,Sports & Outdoors,Mobile App,1,48.76,False
104334,2025-08-19,2025-08,Apparel,Website,2,145.64,True
104335,2025-08-18,2025-08,Beauty,Website,2,70.17,False
104336,2025-08-21,2025-08,Beauty,Mobile App,2,34.19,False
104337,2025-08-21,2025-08,Beauty,Marketplace,2,55.99,False
104338,2025-08-24,2025-08,Sports & Outdoors,Website,3,342.29,False
104339,2025-08-21,2025-08,Apparel,Website,3,183.45,False
104340,2025-08-04,2025-08,Apparel,Website,3,185.03,False
104341,2025-08-11,2025-08,Home & Garden,Website,2,186.22,True
104342,2025-08-17,2025-08,Home & Garden,Website,3,293.76,False
104343,2025-08-11,2025-08,Apparel,Marketplace,3,126.55,False
104344,2025-08-09,2025-08,Electronics,Website,1,211.89,False
104345,2025-08-07,2025-08,Beauty,Website,1,29.05,False
104346,2025-08-21,2025-08,Apparel,Website,2,126.06,False
104347,2025-08-17,2025-08,Home & Garden,Marketplace,3,346.78,False
104348,2025-08-01,2025-08,Home & Garden,Mobile App,2,144.55,True
104349,2025-08-20,2025-08,Apparel,Website,1,58.84,False
104350,2025-08-12,2025-08,Electronics,Website,1,263.9,False
104351,2025-08-21,2025-08,Electronics,Marketplace,1,196.04,False
104352,2025-08-21,2025-08,Apparel,Mobile App,2,88.1,False
104353,2025-08-16,2025-08,Electronics,Website,3,560.02,False
104354,2025-08-25,2025-08,Beauty,Website,2,62.86,False
104355,2025-08-16,2025-08,Beauty,Mobile App,1,14.5,False
104356,2025-08-01,2025-08,Beauty,Website,3,45.94,False
104357,2025-08-29,2025-08,Electronics,Mobile App,2,319.55,False
104358,2025-08-04,2025-08,Apparel,Marketplace,2,109.07,False
104359,2025-08-18,2025-08,Sports & Outdoors,Mobile App,3,268.99,False
104360,2025-08-17,2025-08,Sports & Outdoors,Website,3,433.16,False
104361,2025-08-06,2025-08,Home & Garden,Website,2,154.18,False
104362,2025-08-16,2025-08,Sports & Outdoors,Website,2,129.55,False
104363,2025-08-13,2025-08,Apparel,Marketplace,2,94.51,False
104364,2025-08-30,2025-08,Sports & Outdoors,Website,3,245.9,False
104365,2025-08-06,2025-08,Home & Garden,Mobile App,1,77.21,False
104366,2025-08-29,2025-08,Apparel,Website,3,157.11,True
104367,2025-08-29,2025-08,Apparel,Mobile App,1,21.95,False
104368,2025-08-20,2025-08,Home & Garden,Website,2,107.63,False
104369,2025-08-14,2025-08,Electronics,Mobile App,2,243.14,False
104370,2025-08-23,2025-08,Apparel,Website,3,170.94,False
104371,2025-08-17,2025-08,Apparel,Mobile App,2,77.57,False
104372,2025-08-19,2025-08,Apparel,Mobile App,1,39.37,False
104373,2025-08-15,2025-08,Electronics,Website,1,187.84,False
104374,2025-08-27,2025-08,Apparel,Mobile App,2,62.42,False
104375,2025-08-25,2025-08,Apparel,Website,1,65.22,False
104376,2025-08-16,2025-08,Beauty,Website,3,126.17,True
104377,2025-08-26,2025-08,Home & Garden,Website,1,107.42,False
104378,2025-08-03,2025-08,Apparel,Marketplace,3,146.81,False
104379,2025-08-20,2025-08,Home & Garden,Website,2,94.13,False
104380,2025-08-03,2025-08,Apparel,Mobile App,1,66.08,False
104381,2025-08-30,2025-08,Electronics,Marketplace,3,380.61,False
104382,2025-08-16,2025-08,Apparel,Website,2,102.11,False
104383,2025-08-19,2025-08,Beauty,Website,1,31.06,False
104384,2025-08-05,2025-08,Sports & Outdoors,Mobile App,3,310.11,False
104385,2025-08-24,2025-08,Beauty,Website,1,36.24,False
104386,2025-08-05,2025-08,Electronics,Website,3,783.21,False
104387,2025-08-09,2025-08,Electronics,Marketplace,3,447.84,False
104388,2025-08-09,2025-08,Apparel,Mobile App,1,57.69,False
104389,2025-08-19,2025-08,Beauty,Marketplace,1,17.42,False
104390,2025-08-12,2025-08,Apparel,Marketplace,2,123.87,False
104391,2025-08-29,2025-08,Beauty,Mobile App,3,135.35,False
104392,2025-08-20,2025-08,Apparel,Mobile App,2,39.43,False
104393,2025-08-24,2025-08,Apparel,Website,3,156.95,False
104394,2025-08-25,2025-08,Beauty,Mobile App,3,73.22,False
104395,2025-08-21,2025-08,Sports & Outdoors,Mobile App,2,108.14,False
104396,2025-08-09,2025-08,Electronics,Website,3,297.39,False
104397,2025-08-06,2025-08,Apparel,Mobile App,1,51.68,False
104398,2025-08-23,2025-08,Electronics,Mobile App,3,667.84,False
104399,2025-08-15,2025-08,Sports & Outdoors,Website,3,335.67,False
104400,2025-08-05,2025-08,Home & Garden,Website,3,288.27,False
104401,2025-08-08,2025-08,Beauty,Mobile App,1,52.18,False
104402,2025-08-04,2025-08,Electronics,Mobile App,1,221.68,False
104403,2025-08-19,2025-08,Beauty,Mobile App,3,148.54,False
104404,2025-08-02,2025-08,Apparel,Website,3,92.58,False
104405,2025-08-09,2025-08,Home & Garden,Mobile App,1,61.82,False
104406,2025-08-07,2025-08,Apparel,Website,2,138.86,False
104407,2025-08-15,2025-08,Beauty,Website,1,39.22,False
104408,2025-08-21,2025-08,Apparel,Marketplace,3,145.84,False
104409,2025-08-27,2025-08,Home & Garden,Mobile App,1,105.1,False
104410,2025-08-12,2025-08,Sports & Outdoors,Website,1,135.74,True
104411,2025-08-30,2025-08,Apparel,Mobile App,1,50.88,False
104412,2025-08-01,2025-08,Beauty,Website,1,25.91,False
104413,2025-08-03,2025-08,Sports & Outdoors,Website,3,218.0,False
104414,2025-08-02,2025-08,Apparel,Website,3,86.79,False
104415,2025-08-05,2025-08,Apparel,Mobile App,1,57.98,False
104416,2025-08-29,2025-08,Apparel,Marketplace,3,211.11,False
104417,2025-08-06,2025-08,Apparel,Mobile App,2,110.85,False
104418,2025-08-08,2025-08,Apparel,Website,1,54.22,False
104419,2025-08-11,2025-08,Apparel,Mobile App,1,44.92,False
104420,2025-08-04,2025-08,Home & Garden,Website,1,80.12,False
104421,2025-08-07,2025-08,Apparel,Mobile App,3,102.42,False
104422,2025-08-04,2025-08,Beauty,Website,1,40.2,False
104423,2025-08-06,2025-08,Apparel,Website,2,115.65,False
104424,2025-08-07,2025-08,Apparel,Website,1,44.28,False
104425,2025-08-28,2025-08,Apparel,Marketplace,3,150.98,False
104426,2025-08-01,2025-08,Home & Garden,Mobile App,3,191.91,False
104427,2025-08-17,2025-08,Home & Garden,Website,1,89.42,False
104428,2025-08-21,2025-08,Apparel,Mobile App,1,49.44,False
104429,2025-08-31,2025-08,Sports & Outdoors,Mobile App,1,128.93,False
104430,2025-08-04,2025-08,Beauty,Mobile App,2,32.5,False
104431,2025-08-14,2025-08,Apparel,Website,1,46.6,False
104432,2025-08-28,2025-08,Beauty,Mobile App,3,114.27,False
104433,2025-08-06,2025-08,Electronics,Website,1,202.63,False
104434,2025-08-22,2025-08,Apparel,Website,1,42.89,False
104435,2025-08-21,2025-08,Apparel,Marketplace,3,133.36,False
104436,2025-08-17,2025-08,Home & Garden,Website,2,190.58,False
104437,2025-08-20,2025-08,Apparel,Mobile App,1,34.15,False
104438,2025-08-17,2025-08,Electronics,Website,1,8.0,False
104439,2025-08-23,2025-08,Apparel,Website,3,166.15,False
104440,2025-08-16,2025-08,Electronics,Mobile App,1,135.25,False
104441,2025-08-04,2025-08,Sports & Outdoors,Mobile App,3,303.73,False
104442,2025-08-12,2025-08,Beauty,Website,2,90.08,False
104443,2025-08-03,2025-08,Electronics,Mobile App,3,282.06,False
104444,2025-08-10,2025-08,Apparel,Mobile App,3,213.34,False
104445,2025-08-02,2025-08,Home & Garden,Website,3,280.27,False
104446,2025-08-15,2025-08,Home & Garden,Website,2,123.7,False
104447,2025-08-08,2025-08,Apparel,Website,1,20.24,False
104448,2025-08-26,2025-08,Beauty,Website,1,8.0,False
104449,2025-08-08,2025-08,Sports & Outdoors,Mobile App,3,292.8,False
104450,2025-08-19,2025-08,Sports & Outdoors,Mobile App,2,138.9,False
104451,2025-08-30,2025-08,Home & Garden,Mobile App,2,148.02,False
104452,2025-08-09,2025-08,Beauty,Mobile App,1,40.84,False
104453,2025-08-12,2025-08,Home & Garden,Marketplace,1,47.23,False
104454,2025-08-03,2025-08,Electronics,Website,2,318.62,False
104455,2025-08-03,2025-08,Electronics,Mobile App,3,548.11,False
104456,2025-08-25,2025-08,Beauty,Marketplace,2,85.85,False
104457,2025-08-26,2025-08,Apparel,Mobile App,2,106.05,False
104458,2025-08-09,2025-08,Apparel,Mobile App,2,112.85,False
104459,2025-08-30,2025-08,Home & Garden,Website,3,296.47,False
104460,2025-08-19,2025-08,Home & Garden,Website,2,147.33,False
104461,2025-08-08,2025-08,Electronics,Website,3,594.73,False
104462,2025-08-13,2025-08,Sports & Outdoors,Website,3,113.81,False
104463,2025-08-30,2025-08,Apparel,Website,1,63.0,False
104464,2025-08-04,2025-08,Home & Garden,Mobile App,1,23.26,False
104465,2025-08-29,2025-08,Home & Garden,Mobile App,3,167.66,False
104466,2025-08-10,2025-08,Home & Garden,Website,3,250.62,False
104467,2025-08-27,2025-08,Apparel,Website,1,38.48,False
104468,2025-08-09,2025-08,Beauty,Website,2,79.33,False
104469,2025-08-28,2025-08,Apparel,Mobile App,3,240.07,False
104470,2025-08-12,2025-08,Electronics,Website,1,242.78,False
104471,2025-08-28,2025-08,Apparel,Marketplace,1,42.64,False
104472,2025-08-22,2025-08,Sports & Outdoors,Website,2,217.26,False
104473,2025-08-31,2025-08,Apparel,Website,1,64.25,False
104474,2025-08-22,2025-08,Apparel,Mobile App,2,62.09,False
104475,2025-08-17,2025-08,Electronics,Website,2,348.9,False
104476,2025-08-24,2025-08,Beauty,Mobile App,2,88.95,False
104477,2025-08-25,2025-08,Beauty,Mobile App,2,95.56,True
104478,2025-08-22,2025-08,Home & Garden,Marketplace,3,243.77,False
104479,2025-08-26,2025-08,Home & Garden,Website,3,260.16,False
104480,2025-08-09,2025-08,Beauty,Website,1,33.59,False
104481,2025-08-06,2025-08,Beauty,Mobile App,3,120.79,False
104482,2025-08-01,2025-08,Beauty,Website,2,99.47,False
104483,2025-08-10,2025-08,Apparel,Website,2,113.41,False
104484,2025-08-03,2025-08,Apparel,Mobile App,2,85.73,False
104485,2025-08-24,2025-08,Apparel,Website,2,88.43,False
104486,2025-08-09,2025-08,Apparel,Mobile App,3,122.42,False
104487,2025-08-03,2025-08,Beauty,Marketplace,1,35.16,False
104488,2025-08-15,2025-08,Electronics,Website,2,477.29,False
104489,2025-08-01,2025-08,Sports & Outdoors,Mobile App,1,87.52,False
104490,2025-08-01,2025-08,Beauty,Website,2,84.35,False
104491,2025-08-16,2025-08,Electronics,Marketplace,3,514.45,False
104492,2025-08-06,2025-08,Apparel,Mobile App,2,79.45,False
104493,2025-08-28,2025-08,Sports & Outdoors,Website,1,149.77,False
104494,2025-08-21,2025-08,Electronics,Mobile App,1,264.05,False
104495,2025-08-15,2025-08,Apparel,Mobile App,3,109.56,False
104496,2025-08-28,2025-08,Beauty,Website,3,91.01,False
104497,2025-08-31,2025-08,Electronics,Website,2,433.97,False
104498,2025-08-05,2025-08,Home & Garden,Website,1,90.29,True
104499,2025-08-05,2025-08,Home & Garden,Mobile App,3,238.85,False
104500,2025-08-25,2025-08,Home & Garden,Website,2,104.67,False
104501,2025-08-21,2025-08,Electronics,Website,3,457.72,False
104502,2025-08-25,2025-08,Sports & Outdoors,Mobile App,2,254.38,False
104503,2025-08-20,2025-08,Apparel,Mobile App,2,124.45,True
104504,2025-08-22,2025-08,Apparel,Website,1,47.27,False
104505,2025-08-06,2025-08,Electronics,Website,2,287.47,False
104506,2025-08-09,2025-08,Electronics,Website,1,65.06,False
104507,2025-08-12,2025-08,Electronics,Mobile App,2,175.58,False
104508,2025-08-09,2025-08,Sports & Outdoors,Website,2,85.68,False
104509,2025-08-06,2025-08,Apparel,Website,1,55.87,False
104510,2025-08-09,2025-08,Home & Garden,Mobile App,3,215.07,False
104511,2025-08-15,2025-08,Home & Garden,Mobile App,2,100.78,False
104512,2025-08-14,2025-08,Electronics,Website,3,78.42,False
104513,2025-08-07,2025-08,Electronics,Mobile App,3,303.63,False
104514,2025-08-20,2025-08,Beauty,Website,1,28.68,False
104515,2025-08-21,2025-08,Home & Garden,Mobile App,2,196.93,False
104516,2025-08-16,2025-08,Apparel,Website,2,95.26,False
104517,2025-08-18,2025-08,Apparel,Mobile App,3,202.44,False
104518,2025-08-06,2025-08,Apparel,Mobile App,2,92.09,False
104519,2025-08-13,2025-08,Electronics,Website,3,705.56,False
104520,2025-08-22,2025-08,Sports & Outdoors,Mobile App,3,226.5,False
104521,2025-08-16,2025-08,Home & Garden,Marketplace,1,110.49,False
104522,2025-08-21,2025-08,Home & Garden,Mobile App,3,135.17,False
104523,2025-08-27,2025-08,Electronics,Mobile App,2,393.24,False
104524,2025-08-29,2025-08,Home & Garden,Website,3,143.13,False
104525,2025-08-03,2025-08,Apparel,Mobile App,3,182.81,False
104526,2025-08-15,2025-08,Home & Garden,Website,3,216.51,True
104527,2025-08-18,2025-08,Home & Garden,Website,1,58.25,False
104528,2025-08-25,2025-08,Home & Garden,Website,3,125.18,False
104529,2025-08-29,2025-08,Beauty,Mobile App,1,26.72,False
104530,2025-08-10,2025-08,Home & Garden,Website,1,71.9,False
104531,2025-08-22,2025-08,Beauty,Marketplace,2,89.49,False
104532,2025-08-14,2025-08,Home & Garden,Mobile App,2,115.81,False
104533,2025-08-01,2025-08,Electronics,Website,3,501.36,True
104534,2025-08-28,2025-08,Electronics,Mobile App,2,577.66,False
104535,2025-08-20,2025-08,Apparel,Website,3,41.12,True
104536,2025-08-28,2025-08,Home & Garden,Website,2,146.76,False
104537,2025-08-21,2025-08,Home & Garden,Marketplace,2,225.87,False
104538,2025-08-22,2025-08,Apparel,Marketplace,1,32.95,False
104539,2025-08-22,2025-08,Apparel,Mobile App,2,142.96,False
104540,2025-08-12,2025-08,Electronics,Marketplace,1,156.53,False
104541,2025-08-13,2025-08,Sports & Outdoors,Mobile App,2,155.64,False
104542,2025-08-23,2025-08,Home & Garden,Website,3,124.86,False
104543,2025-08-01,2025-08,Electronics,Mobile App,2,255.9,False
104544,2025-08-25,2025-08,Beauty,Mobile App,2,85.47,False
104545,2025-08-26,2025-08,Beauty,Mobile App,1,35.04,False
104546,2025-08-08,2025-08,Sports & Outdoors,Website,1,91.26,False
104547,2025-08-16,2025-08,Sports & Outdoors,Mobile App,1,121.13,False
104548,2025-08-24,2025-08,Beauty,Mobile App,3,82.4,False
104549,2025-09-19,2025-09,Electronics,Website,2,205.85,False
104550,2025-09-29,2025-09,Beauty,Mobile App,1,24.5,False
104551,2025-09-06,2025-09,Sports & Outdoors,Website,3,200.18,False
104552,2025-09-10,2025-09,Home & Garden,Mobile App,3,222.42,False
104553,2025-09-25,2025-09,Sports & Outdoors,Mobile App,2,83.53,False
104554,2025-09-14,2025-09,Apparel,Marketplace,1,30.25,False
104555,2025-09-29,2025-09,Electronics,Website,3,312.9,False
104556,2025-09-22,2025-09,Apparel,Mobile App,1,28.99,False
104557,2025-09-16,2025-09,Electronics,Mobile App,1,228.85,False
104558,2025-09-09,2025-09,Apparel,Website,1,19.18,False
104559,2025-09-16,2025-09,Apparel,Mobile App,1,30.39,False
104560,2025-09-27,2025-09,Electronics,Website,2,338.52,False
104561,2025-09-08,2025-09,Apparel,Marketplace,2,48.49,False
104562,2025-09-26,2025-09,Apparel,Website,3,156.29,False
104563,2025-09-08,2025-09,Beauty,Mobile App,1,31.76,False
104564,2025-09-16,2025-09,Beauty,Website,1,39.41,True
104565,2025-09-28,2025-09,Beauty,Website,3,79.11,False
104566,2025-09-24,2025-09,Apparel,Mobile App,2,68.06,True
104567,2025-09-15,2025-09,Apparel,Mobile App,1,60.74,False
104568,2025-09-10,2025-09,Home & Garden,Mobile App,2,72.99,False
104569,2025-09-02,2025-09,Beauty,Mobile App,3,51.06,False
104570,2025-09-25,2025-09,Apparel,Website,3,169.31,False
104571,2025-09-10,2025-09,Electronics,Website,1,231.17,False
104572,2025-09-17,2025-09,Electronics,Website,2,240.11,True
104573,2025-09-10,2025-09,Home & Garden,Website,2,169.52,False
104574,2025-09-16,2025-09,Electronics,Website,1,197.87,False
104575,2025-09-20,2025-09,Beauty,Mobile App,3,115.62,False
104576,2025-09-01,2025-09,Apparel,Website,1,22.37,False
104577,2025-09-22,2025-09,Beauty,Website,1,33.15,True
104578,2025-09-22,2025-09,Electronics,Mobile App,3,489.31,True
104579,2025-09-09,2025-09,Apparel,Website,1,39.19,False
104580,2025-09-08,2025-09,Home & Garden,Marketplace,2,167.83,True
104581,2025-09-26,2025-09,Beauty,Website,3,153.16,False
104582,2025-09-21,2025-09,Home & Garden,Website,2,132.25,False
104583,2025-09-09,2025-09,Home & Garden,Website,3,163.66,False
104584,2025-09-28,2025-09,Home & Garden,Website,3,89.44,False
104585,2025-09-21,2025-09,Apparel,Website,1,35.11,False
104586,2025-09-02,2025-09,Apparel,Website,2,144.33,False
104587,2025-09-22,2025-09,Beauty,Mobile App,1,29.69,False
104588,2025-09-17,2025-09,Beauty,Website,2,66.64,False
104589,2025-09-15,2025-09,Sports & Outdoors,Website,3,331.44,False
104590,2025-09-10,2025-09,Apparel,Mobile App,2,99.36,False
104591,2025-09-13,2025-09,Beauty,Website,3,93.91,True
104592,2025-09-08,2025-09,Beauty,Marketplace,2,80.63,False
104593,2025-09-23,2025-09,Sports & Outdoors,Mobile App,1,104.18,False
104594,2025-09-12,2025-09,Home & Garden,Website,1,34.78,False
104595,2025-09-27,2025-09,Electronics,Marketplace,1,240.81,False
104596,2025-09-04,2025-09,Beauty,Website,1,21.15,False
104597,2025-09-15,2025-09,Sports & Outdoors,Mobile App,1,96.51,False
104598,2025-09-29,2025-09,Apparel,Mobile App,2,93.17,False
104599,2025-09-10,2025-09,Home & Garden,Website,1,51.81,False
104600,2025-09-28,2025-09,Electronics,Website,1,231.97,False
104601,2025-09-14,2025-09,Sports & Outdoors,Mobile App,1,11.81,False
104602,2025-09-02,2025-09,Electronics,Website,3,863.55,False
104603,2025-09-17,2025-09,Electronics,Website,1,169.64,False
104604,2025-09-16,2025-09,Beauty,Mobile App,3,145.99,False
104605,2025-09-10,2025-09,Beauty,Website,2,60.62,False
104606,2025-09-14,2025-09,Home & Garden,Website,3,193.03,False
104607,2025-09-08,2025-09,Electronics,Mobile App,1,156.96,False
104608,2025-09-16,2025-09,Sports & Outdoors,Website,1,87.84,False
104609,2025-09-10,2025-09,Apparel,Website,3,151.3,False
104610,2025-09-16,2025-09,Electronics,Website,1,171.16,False
104611,2025-09-22,2025-09,Electronics,Mobile App,1,165.08,False
104612,2025-09-06,2025-09,Home & Garden,Mobile App,2,155.05,False
104613,2025-09-06,2025-09,Apparel,Website,3,123.02,False
104614,2025-09-05,2025-09,Apparel,Website,2,60.65,False
104615,2025-09-15,2025-09,Apparel,Mobile App,1,43.17,False
104616,2025-09-04,2025-09,Electronics,Website,1,213.05,False
104617,2025-09-03,2025-09,Beauty,Website,1,17.29,False
104618,2025-09-03,2025-09,Home & Garden,Mobile App,1,49.73,False
104619,2025-09-02,2025-09,Sports & Outdoors,Mobile App,3,220.49,False
104620,2025-09-26,2025-09,Electronics,Website,2,245.96,False
104621,2025-09-08,2025-09,Sports & Outdoors,Website,3,24.0,False
104622,2025-09-09,2025-09,Beauty,Website,1,17.05,False
104623,2025-09-27,2025-09,Sports & Outdoors,Website,1,119.9,False
104624,2025-09-30,2025-09,Electronics,Mobile App,3,438.77,False
104625,2025-09-11,2025-09,Sports & Outdoors,Mobile App,3,335.49,False
104626,2025-09-12,2025-09,Beauty,Website,3,126.45,False
104627,2025-09-03,2025-09,Electronics,Mobile App,3,584.62,False
104628,2025-09-16,2025-09,Home & Garden,Website,1,106.29,False
104629,2025-09-11,2025-09,Sports & Outdoors,Website,3,302.58,False
104630,2025-09-04,2025-09,Electronics,Website,2,202.81,False
104631,2025-09-08,2025-09,Electronics,Marketplace,2,341.05,False
104632,2025-09-29,2025-09,Beauty,Website,3,65.69,False
104633,2025-09-04,2025-09,Beauty,Website,3,76.99,False
104634,2025-09-17,2025-09,Beauty,Website,2,44.38,True
104635,2025-09-02,2025-09,Apparel,Website,1,26.29,False
104636,2025-09-30,2025-09,Electronics,Website,3,474.35,False
104637,2025-09-03,2025-09,Electronics,Marketplace,1,260.66,False
104638,2025-09-06,2025-09,Apparel,Website,1,52.8,False
104639,2025-09-07,2025-09,Sports & Outdoors,Website,2,220.31,False
104640,2025-09-04,2025-09,Home & Garden,Mobile App,1,17.81,False
104641,2025-09-12,2025-09,Apparel,Website,2,97.86,False
104642,2025-09-02,2025-09,Home & Garden,Website,1,75.13,False
104643,2025-09-06,2025-09,Apparel,Mobile App,1,48.2,False
104644,2025-09-13,2025-09,Home & Garden,Website,3,310.09,False
104645,2025-09-04,2025-09,Beauty,Mobile App,1,48.11,True
104646,2025-09-06,2025-09,Beauty,Website,3,93.34,False
104647,2025-09-13,2025-09,Apparel,Website,3,95.02,False
104648,2025-09-02,2025-09,Apparel,Mobile App,1,40.78,False
104649,2025-09-29,2025-09,Home & Garden,Website,2,176.05,False
104650,2025-09-15,2025-09,Sports & Outdoors,Mobile App,3,325.78,False
104651,2025-09-20,2025-09,Sports & Outdoors,Website,2,270.71,False
104652,2025-09-09,2025-09,Electronics,Website,2,307.59,False
104653,2025-09-22,2025-09,Electronics,Mobile App,2,290.3,False
104654,2025-09-18,2025-09,Apparel,Marketplace,1,53.02,False
104655,2025-09-16,2025-09,Electronics,Mobile App,1,194.41,False
104656,2025-09-23,2025-09,Apparel,Website,3,161.28,False
104657,2025-09-04,2025-09,Electronics,Website,2,568.01,False
104658,2025-09-15,2025-09,Sports & Outdoors,Website,1,63.73,False
104659,2025-09-19,2025-09,Home & Garden,Marketplace,2,82.06,False
104660,2025-09-30,2025-09,Electronics,Mobile App,3,619.57,True
104661,2025-09-29,2025-09,Apparel,Mobile App,2,54.92,True
104662,2025-09-29,2025-09,Electronics,Marketplace,3,321.96,False
104663,2025-09-08,2025-09,Electronics,Website,1,187.35,False
104664,2025-09-16,2025-09,Home & Garden,Mobile App,3,219.95,False
104665,2025-09-09,2025-09,Home & Garden,Mobile App,2,179.98,False
104666,2025-09-08,2025-09,Electronics,Website,3,417.71,False
104667,2025-09-27,2025-09,Home & Garden,Mobile App,2,61.53,False
104668,2025-09-24,2025-09,Beauty,Website,1,27.68,False
104669,2025-09-29,2025-09,Apparel,Marketplace,3,84.2,False
104670,2025-09-28,2025-09,Beauty,Website,1,15.37,False
104671,2025-09-09,2025-09,Beauty,Mobile App,3,78.29,False
104672,2025-09-06,2025-09,Apparel,Website,1,64.31,False
104673,2025-09-07,2025-09,Apparel,Marketplace,3,83.46,False
104674,2025-09-24,2025-09,Home & Garden,Website,2,49.94,False
104675,2025-09-04,2025-09,Sports & Outdoors,Website,1,100.17,False
104676,2025-09-19,2025-09,Apparel,Website,1,29.4,False
104677,2025-09-23,2025-09,Electronics,Mobile App,3,508.95,False
104678,2025-09-21,2025-09,Beauty,Mobile App,3,114.84,False
104679,2025-09-01,2025-09,Sports & Outdoors,Mobile App,3,209.39,False
104680,2025-09-28,2025-09,Apparel,Website,1,50.53,False
104681,2025-09-22,2025-09,Home & Garden,Mobile App,2,208.3,False
104682,2025-09-18,2025-09,Electronics,Mobile App,3,481.49,False
104683,2025-09-21,2025-09,Home & Garden,Marketplace,2,170.01,False
104684,2025-09-19,2025-09,Beauty,Website,3,101.94,False
104685,2025-09-18,2025-09,Sports & Outdoors,Website,3,286.52,False
104686,2025-09-14,2025-09,Beauty,Website,3,124.17,False
104687,2025-09-29,2025-09,Apparel,Marketplace,2,111.71,False
104688,2025-09-01,2025-09,Sports & Outdoors,Mobile App,2,134.13,False
104689,2025-09-14,2025-09,Electronics,Mobile App,1,166.54,False
104690,2025-09-16,2025-09,Apparel,Website,3,263.8,False
104691,2025-09-15,2025-09,Sports & Outdoors,Mobile App,1,92.73,False
104692,2025-09-24,2025-09,Beauty,Website,1,18.92,False
104693,2025-09-04,2025-09,Apparel,Website,2,142.57,False
104694,2025-09-04,2025-09,Home & Garden,Website,1,47.44,False
104695,2025-09-03,2025-09,Home & Garden,Mobile App,2,164.39,False
104696,2025-09-10,2025-09,Apparel,Website,3,92.21,False
104697,2025-09-09,2025-09,Sports & Outdoors,Mobile App,2,226.43,False
104698,2025-09-13,2025-09,Apparel,Website,2,68.84,False
104699,2025-09-29,2025-09,Sports & Outdoors,Website,3,257.77,False
104700,2025-09-14,2025-09,Beauty,Website,3,100.43,False
104701,2025-09-02,2025-09,Apparel,Website,3,115.24,False
104702,2025-09-16,2025-09,Sports & Outdoors,Website,2,237.64,False
104703,2025-09-26,2025-09,Electronics,Mobile App,1,256.58,False
104704,2025-09-03,2025-09,Beauty,Website,1,43.18,False
104705,2025-09-01,2025-09,Apparel,Marketplace,3,197.31,True
104706,2025-09-05,2025-09,Electronics,Website,2,510.0,False
104707,2025-09-05,2025-09,Apparel,Mobile App,1,41.48,False
104708,2025-09-15,2025-09,Apparel,Mobile App,2,71.02,False
104709,2025-09-08,2025-09,Sports & Outdoors,Mobile App,2,232.45,False
104710,2025-09-25,2025-09,Home & Garden,Mobile App,1,58.06,False
104711,2025-09-19,2025-09,Apparel,Website,1,27.56,False
104712,2025-09-01,2025-09,Home & Garden,Mobile App,2,167.26,False
104713,2025-09-07,2025-09,Sports & Outdoors,Website,1,70.38,False
104714,2025-09-13,2025-09,Apparel,Marketplace,2,121.21,False
104715,2025-09-30,2025-09,Electronics,Mobile App,2,199.76,False
104716,2025-09-29,2025-09,Home & Garden,Mobile App,3,149.59,False
104717,2025-09-16,2025-09,Electronics,Website,2,389.31,False
104718,2025-09-04,2025-09,Beauty,Website,1,27.75,False
104719,2025-09-25,2025-09,Beauty,Website,3,58.84,False
104720,2025-09-27,2025-09,Apparel,Website,1,50.55,False
104721,2025-09-21,2025-09,Home & Garden,Marketplace,2,168.11,False
104722,2025-09-21,2025-09,Apparel,Mobile App,3,127.05,False
104723,2025-09-28,2025-09,Electronics,Website,1,203.41,False
104724,2025-09-29,2025-09,Beauty,Marketplace,2,46.18,False
104725,2025-09-04,2025-09,Sports & Outdoors,Mobile App,1,28.7,False
104726,2025-09-05,2025-09,Home & Garden,Website,2,195.53,False
104727,2025-09-02,2025-09,Sports & Outdoors,Website,3,307.64,False
104728,2025-09-28,2025-09,Sports & Outdoors,Mobile App,2,139.63,False
104729,2025-09-01,2025-09,Home & Garden,Website,3,273.08,False
104730,2025-09-24,2025-09,Beauty,Website,1,32.37,False
104731,2025-09-15,2025-09,Apparel,Website,3,34.76,False
104732,2025-09-17,2025-09,Apparel,Website,1,52.67,False
104733,2025-09-08,2025-09,Beauty,Website,2,91.28,False
104734,2025-09-06,2025-09,Home & Garden,Website,2,241.35,False
104735,2025-09-03,2025-09,Beauty,Website,1,42.52,True
104736,2025-09-07,2025-09,Home & Garden,Website,2,177.66,False
104737,2025-09-18,2025-09,Beauty,Website,1,46.71,False
104738,2025-09-08,2025-09,Electronics,Mobile App,2,335.88,False
104739,2025-09-24,2025-09,Apparel,Mobile App,3,158.93,False
104740,2025-09-12,2025-09,Apparel,Mobile App,2,86.83,False
104741,2025-09-24,2025-09,Home & Garden,Website,3,142.33,True
104742,2025-09-14,2025-09,Home & Garden,Mobile App,3,267.25,False
104743,2025-09-29,2025-09,Apparel,Website,1,80.68,True
104744,2025-09-22,2025-09,Electronics,Website,2,299.04,False
104745,2025-09-24,2025-09,Beauty,Website,1,36.24,False
104746,2025-09-11,2025-09,Home & Garden,Website,1,81.47,False
104747,2025-09-21,2025-09,Apparel,Website,1,56.63,False
104748,2025-09-10,2025-09,Electronics,Website,1,271.39,False
104749,2025-09-21,2025-09,Apparel,Website,3,83.43,False
104750,2025-09-20,2025-09,Beauty,Mobile App,3,79.0,False
104751,2025-09-27,2025-09,Home & Garden,Mobile App,2,257.21,False
104752,2025-09-19,2025-09,Sports & Outdoors,Mobile App,2,203.84,False
104753,2025-09-06,2025-09,Electronics,Website,3,511.8,False
104754,2025-09-19,2025-09,Electronics,Mobile App,3,728.94,False
104755,2025-09-19,2025-09,Home & Garden,Website,1,22.32,False
104756,2025-09-26,2025-09,Electronics,Marketplace,2,341.91,False
104757,2025-09-15,2025-09,Apparel,Website,1,22.39,False
104758,2025-09-29,2025-09,Apparel,Mobile App,3,182.67,False
104759,2025-09-18,2025-09,Sports & Outdoors,Marketplace,3,473.81,False
104760,2025-09-14,2025-09,Sports & Outdoors,Website,1,53.11,False
104761,2025-09-16,2025-09,Apparel,Mobile App,2,96.46,False
104762,2025-09-29,2025-09,Home & Garden,Mobile App,2,152.45,False
104763,2025-09-13,2025-09,Beauty,Website,2,69.42,False
104764,2025-09-02,2025-09,Electronics,Mobile App,2,284.28,False
104765,2025-09-19,2025-09,Home & Garden,Mobile App,2,133.2,False
104766,2025-09-01,2025-09,Apparel,Website,2,136.86,True
104767,2025-09-06,2025-09,Apparel,Website,2,104.09,False
104768,2025-09-23,2025-09,Electronics,Website,2,222.72,False
104769,2025-09-25,2025-09,Apparel,Website,1,41.9,False
104770,2025-09-17,2025-09,Beauty,Website,2,46.19,False
104771,2025-09-13,2025-09,Sports & Outdoors,Website,1,45.33,False
104772,2025-09-02,2025-09,Apparel,Marketplace,3,142.37,False
104773,2025-09-12,2025-09,Apparel,Mobile App,3,211.98,False
104774,2025-09-16,2025-09,Electronics,Mobile App,3,430.23,False
104775,2025-09-23,2025-09,Beauty,Mobile App,3,48.28,False
104776,2025-09-19,2025-09,Apparel,Website,3,160.94,False
104777,2025-09-17,2025-09,Beauty,Website,2,50.74,False
104778,2025-09-14,2025-09,Electronics,Website,1,228.0,False
104779,2025-09-30,2025-09,Sports & Outdoors,Website,3,107.86,False
104780,2025-09-07,2025-09,Sports & Outdoors,Mobile App,2,291.06,False
104781,2025-09-04,2025-09,Sports & Outdoors,Website,1,84.32,False
104782,2025-09-05,2025-09,Electronics,Website,2,524.22,False
104783,2025-09-05,2025-09,Electronics,Website,2,326.05,False
104784,2025-09-16,2025-09,Apparel,Website,2,112.86,False
104785,2025-09-27,2025-09,Electronics,Website,1,153.03,False
104786,2025-09-12,2025-09,Apparel,Marketplace,3,104.96,False
104787,2025-09-29,2025-09,Apparel,Marketplace,1,63.25,False
104788,2025-09-02,2025-09,Apparel,Website,3,110.37,False
104789,2025-09-09,2025-09,Apparel,Mobile App,3,135.75,False
104790,2025-09-13,2025-09,Beauty,Mobile App,3,121.68,True
104791,2025-09-28,2025-09,Home & Garden,Website,3,105.95,False
104792,2025-09-26,2025-09,Home & Garden,Mobile App,1,41.86,False
104793,2025-09-30,2025-09,Home & Garden,Marketplace,2,179.0,False
104794,2025-09-23,2025-09,Home & Garden,Website,2,153.36,False
104795,2025-09-18,2025-09,Apparel,Mobile App,1,75.47,False
104796,2025-09-06,2025-09,Sports & Outdoors,Marketplace,1,80.44,False
104797,2025-09-05,2025-09,Electronics,Website,3,410.73,False
104798,2025-09-07,2025-09,Home & Garden,Website,3,418.54,False
104799,2025-09-21,2025-09,Electronics,Website,1,107.57,False
104800,2025-09-05,2025-09,Beauty,Website,1,43.17,False
104801,2025-09-06,2025-09,Apparel,Website,3,178.38,False
104802,2025-09-06,2025-09,Electronics,Website,3,533.12,False
104803,2025-09-08,2025-09,Sports & Outdoors,Website,1,88.52,True
104804,2025-09-08,2025-09,Electronics,Website,3,402.11,False
104805,2025-09-30,2025-09,Beauty,Marketplace,3,125.65,False
104806,2025-09-18,2025-09,Beauty,Website,2,54.65,False
104807,2025-09-07,2025-09,Electronics,Website,2,98.04,False
104808,2025-09-19,2025-09,Apparel,Mobile App,1,68.09,False
104809,2025-09-07,2025-09,Electronics,Website,3,555.9,False
104810,2025-09-01,2025-09,Apparel,Marketplace,2,130.58,False
104811,2025-09-28,2025-09,Electronics,Website,2,377.35,False
104812,2025-09-13,2025-09,Apparel,Website,1,54.54,False
104813,2025-09-13,2025-09,Sports & Outdoors,Mobile App,2,189.63,False
104814,2025-09-12,2025-09,Apparel,Marketplace,1,43.78,False
104815,2025-09-29,2025-09,Beauty,Website,1,21.01,False
104816,2025-09-14,2025-09,Home & Garden,Marketplace,2,22.47,True
104817,2025-09-23,2025-09,Sports & Outdoors,Mobile App,1,96.5,True
104818,2025-09-01,2025-09,Electronics,Mobile App,3,866.69,False
104819,2025-09-16,2025-09,Sports & Outdoors,Website,2,24.41,False
104820,2025-09-13,2025-09,Electronics,Mobile App,1,167.44,False
104821,2025-09-17,2025-09,Beauty,Mobile App,1,21.02,False
104822,2025-09-02,2025-09,Electronics,Website,2,185.27,False
104823,2025-09-13,2025-09,Electronics,Website,1,146.25,False
104824,2025-09-10,2025-09,Home & Garden,Marketplace,2,184.63,False
104825,2025-09-17,2025-09,Apparel,Website,3,214.24,False
104826,2025-09-07,2025-09,Home & Garden,Mobile App,2,71.72,False
104827,2025-09-18,2025-09,Beauty,Website,2,54.9,False
104828,2025-09-18,2025-09,Electronics,Mobile App,2,119.07,True
104829,2025-09-11,2025-09,Beauty,Mobile App,3,89.56,False
104830,2025-09-23,2025-09,Electronics,Mobile App,2,430.51,False
104831,2025-09-25,2025-09,Apparel,Website,3,201.44,False
104832,2025-09-16,2025-09,Sports & Outdoors,Mobile App,3,63.49,False
104833,2025-09-11,2025-09,Electronics,Mobile App,1,216.57,False
104834,2025-09-13,2025-09,Electronics,Mobile App,2,358.13,False
104835,2025-09-06,2025-09,Apparel,Website,2,66.03,False
104836,2025-09-29,2025-09,Home & Garden,Mobile App,2,160.58,False
104837,2025-09-07,2025-09,Apparel,Website,3,165.63,False
104838,2025-09-09,2025-09,Apparel,Marketplace,1,44.21,False
104839,2025-09-21,2025-09,Sports & Outdoors,Website,3,275.54,False
104840,2025-09-13,2025-09,Beauty,Website,3,62.92,False
104841,2025-09-11,2025-09,Home & Garden,Mobile App,1,62.15,False
104842,2025-09-07,2025-09,Apparel,Mobile App,3,211.12,False
104843,2025-09-21,2025-09,Sports & Outdoors,Marketplace,1,119.73,False
104844,2025-09-11,2025-09,Apparel,Mobile App,3,54.88,False
104845,2025-09-16,2025-09,Apparel,Marketplace,3,106.13,False
104846,2025-09-20,2025-09,Home & Garden,Marketplace,2,109.77,False
104847,2025-09-23,2025-09,Electronics,Mobile App,3,577.09,False
104848,2025-09-03,2025-09,Sports & Outdoors,Mobile App,1,96.52,False
104849,2025-09-27,2025-09,Beauty,Mobile App,2,65.8,False
104850,2025-09-26,2025-09,Apparel,Mobile App,1,57.15,False
104851,2025-09-01,2025-09,Apparel,Website,1,47.91,False
104852,2025-09-26,2025-09,Apparel,Mobile App,1,48.46,False
104853,2025-09-22,2025-09,Apparel,Mobile App,2,57.72,False
104854,2025-09-09,2025-09,Electronics,Mobile App,1,139.08,False
104855,2025-09-07,2025-09,Apparel,Website,1,73.83,False
104856,2025-09-10,2025-09,Apparel,Website,2,96.34,False
104857,2025-09-23,2025-09,Apparel,Website,3,57.0,False
104858,2025-09-07,2025-09,Electronics,Website,1,73.54,False
104859,2025-09-03,2025-09,Electronics,Mobile App,2,321.1,False
104860,2025-09-18,2025-09,Sports & Outdoors,Website,2,318.51,False
104861,2025-09-27,2025-09,Sports & Outdoors,Website,3,396.18,False
104862,2025-09-28,2025-09,Apparel,Website,2,77.0,False
104863,2025-09-20,2025-09,Apparel,Website,2,87.55,False
104864,2025-09-11,2025-09,Electronics,Website,3,757.21,False
104865,2025-09-14,2025-09,Apparel,Website,2,70.54,False
104866,2025-09-25,2025-09,Beauty,Marketplace,2,76.87,False
104867,2025-09-11,2025-09,Beauty,Website,3,126.19,False
104868,2025-09-01,2025-09,Beauty,Mobile App,3,55.15,False
104869,2025-09-06,2025-09,Apparel,Website,2,74.73,False
104870,2025-09-06,2025-09,Apparel,Marketplace,2,114.06,False
104871,2025-09-06,2025-09,Beauty,Website,1,37.07,False
104872,2025-09-09,2025-09,Home & Garden,Mobile App,2,174.53,False
104873,2025-09-17,2025-09,Electronics,Website,3,356.08,False
104874,2025-09-02,2025-09,Beauty,Mobile App,1,68.49,False
104875,2025-09-29,2025-09,Apparel,Website,2,99.26,False
104876,2025-09-01,2025-09,Apparel,Website,3,137.97,False
104877,2025-09-09,2025-09,Home & Garden,Mobile App,3,55.73,False
104878,2025-09-19,2025-09,Beauty,Website,3,75.28,False
104879,2025-09-13,2025-09,Beauty,Marketplace,3,100.6,False
104880,2025-09-15,2025-09,Sports & Outdoors,Mobile App,1,83.96,False
104881,2025-09-05,2025-09,Electronics,Mobile App,1,182.9,False
104882,2025-09-18,2025-09,Apparel,Website,2,84.69,False
104883,2025-09-13,2025-09,Electronics,Website,2,389.32,False
104884,2025-09-29,2025-09,Electronics,Website,1,110.23,False
104885,2025-09-26,2025-09,Electronics,Website,1,71.13,False
104886,2025-09-05,2025-09,Apparel,Website,3,160.01,False
104887,2025-09-18,2025-09,Apparel,Marketplace,1,53.82,False
104888,2025-09-27,2025-09,Apparel,Website,3,100.99,False
104889,2025-09-17,2025-09,Apparel,Mobile App,2,29.87,False
104890,2025-09-19,2025-09,Home & Garden,Mobile App,1,80.95,False
104891,2025-09-20,2025-09,Apparel,Marketplace,2,54.68,False
104892,2025-09-16,2025-09,Electronics,Website,1,122.66,False
104893,2025-09-21,2025-09,Apparel,Mobile App,2,46.28,False
104894,2025-09-12,2025-09,Electronics,Website,3,476.49,False
104895,2025-09-06,2025-09,Apparel,Mobile App,2,84.36,False
104896,2025-09-20,2025-09,Home & Garden,Mobile App,3,321.35,False
104897,2025-09-01,2025-09,Apparel,Mobile App,1,15.98,False
104898,2025-09-17,2025-09,Beauty,Website,1,39.57,False
104899,2025-09-26,2025-09,Beauty,Website,1,39.14,False
104900,2025-09-17,2025-09,Home & Garden,Mobile App,2,123.54,False
104901,2025-09-15,2025-09,Apparel,Website,2,45.14,False
104902,2025-09-05,2025-09,Home & Garden,Website,1,45.46,True
104903,2025-09-03,2025-09,Beauty,Website,3,142.01,False
104904,2025-09-15,2025-09,Electronics,Website,1,114.55,False
104905,2025-09-22,2025-09,Sports & Outdoors,Website,1,83.89,False
104906,2025-09-24,2025-09,Apparel,Mobile App,3,108.14,False
104907,2025-09-22,2025-09,Beauty,Website,3,75.06,False
104908,2025-09-09,2025-09,Sports & Outdoors,Mobile App,2,208.97,False
104909,2025-09-17,2025-09,Beauty,Website,1,27.59,False
104910,2025-09-20,2025-09,Electronics,Website,1,163.94,False
104911,2025-09-30,2025-09,Beauty,Mobile App,3,79.17,False
104912,2025-09-22,2025-09,Apparel,Mobile App,1,41.79,False
104913,2025-09-07,2025-09,Beauty,Website,2,92.45,False
104914,2025-09-25,2025-09,Beauty,Website,2,70.39,False
104915,2025-09-08,2025-09,Apparel,Website,3,153.86,False
104916,2025-09-27,2025-09,Sports & Outdoors,Marketplace,1,95.42,False
104917,2025-09-13,2025-09,Electronics,Website,1,223.91,False
104918,2025-09-30,2025-09,Electronics,Website,1,179.73,False
104919,2025-09-18,2025-09,Sports & Outdoors,Website,3,123.98,False
104920,2025-09-07,2025-09,Beauty,Website,2,61.3,False
104921,2025-09-22,2025-09,Apparel,Website,3,289.92,False
104922,2025-09-29,2025-09,Apparel,Mobile App,1,34.43,False
104923,2025-09-13,2025-09,Beauty,Website,3,71.05,False
104924,2025-09-11,2025-09,Beauty,Website,2,65.17,False
104925,2025-09-27,2025-09,Apparel,Mobile App,2,82.2,False
104926,2025-09-03,2025-09,Apparel,Mobile App,3,142.55,True
104927,2025-09-05,2025-09,Apparel,Mobile App,1,24.11,False
104928,2025-09-18,2025-09,Sports & Outdoors,Website,1,94.85,False
104929,2025-09-04,2025-09,Sports & Outdoors,Website,1,19.26,False
104930,2025-09-15,2025-09,Electronics,Marketplace,1,147.77,True
104931,2025-09-14,2025-09,Apparel,Website,3,120.31,False
104932,2025-09-30,2025-09,Apparel,Marketplace,1,40.36,False
104933,2025-09-11,2025-09,Apparel,Website,2,115.65,False
104934,2025-09-14,2025-09,Electronics,Website,3,423.56,False
104935,2025-09-16,2025-09,Beauty,Marketplace,3,80.4,False
104936,2025-09-10,2025-09,Apparel,Mobile App,2,79.47,False
104937,2025-09-22,2025-09,Electronics,Mobile App,1,296.21,True
104938,2025-09-22,2025-09,Home & Garden,Website,3,213.0,False
104939,2025-09-28,2025-09,Apparel,Marketplace,3,157.49,False
104940,2025-09-25,2025-09,Electronics,Website,1,125.48,False
104941,2025-09-04,2025-09,Apparel,Mobile App,3,141.44,False
104942,2025-09-13,2025-09,Apparel,Website,2,77.38,False
104943,2025-09-27,2025-09,Apparel,Mobile App,1,33.55,False
104944,2025-09-11,2025-09,Apparel,Mobile App,3,186.51,False
104945,2025-09-27,2025-09,Apparel,Website,2,141.85,False
104946,2025-09-10,2025-09,Beauty,Website,2,60.72,False
104947,2025-09-06,2025-09,Electronics,Website,3,693.93,False
104948,2025-09-29,2025-09,Beauty,Website,3,143.73,False
104949,2025-09-17,2025-09,Apparel,Mobile App,2,135.79,False
104950,2025-09-08,2025-09,Electronics,Website,2,467.88,False
104951,2025-09-15,2025-09,Home & Garden,Mobile App,1,93.53,False
104952,2025-09-23,2025-09,Apparel,Website,3,164.27,False
104953,2025-09-18,2025-09,Sports & Outdoors,Mobile App,2,125.76,False
104954,2025-09-27,2025-09,Beauty,Mobile App,1,52.79,True
104955,2025-09-12,2025-09,Beauty,Mobile App,1,37.27,False
104956,2025-09-15,2025-09,Apparel,Marketplace,2,112.27,False
104957,2025-09-16,2025-09,Apparel,Website,1,41.39,False
104958,2025-09-23,2025-09,Apparel,Website,3,133.99,True
104959,2025-09-27,2025-09,Electronics,Website,2,469.64,False
104960,2025-09-27,2025-09,Home & Garden,Website,2,85.02,False
104961,2025-09-06,2025-09,Apparel,Mobile App,1,34.52,False
104962,2025-09-12,2025-09,Apparel,Mobile App,3,152.87,False
104963,2025-09-30,2025-09,Electronics,Website,3,682.36,False
104964,2025-09-20,2025-09,Beauty,Mobile App,2,16.99,False
104965,2025-09-17,2025-09,Home & Garden,Website,3,219.58,False
104966,2025-09-29,2025-09,Apparel,Website,1,23.7,False
104967,2025-09-08,2025-09,Beauty,Website,1,34.97,False
104968,2025-09-22,2025-09,Apparel,Website,2,53.22,True
104969,2025-09-24,2025-09,Electronics,Mobile App,1,154.82,False
104970,2025-09-18,2025-09,Apparel,Marketplace,3,199.48,False
104971,2025-09-11,2025-09,Electronics,Marketplace,2,319.93,False
104972,2025-09-25,2025-09,Home & Garden,Website,3,215.42,False
104973,2025-09-08,2025-09,Home & Garden,Mobile App,2,139.62,False
104974,2025-09-01,2025-09,Home & Garden,Mobile App,2,135.38,True
104975,2025-09-22,2025-09,Beauty,Website,3,93.73,False
104976,2025-09-24,2025-09,Electronics,Mobile App,1,135.04,False
104977,2025-09-03,2025-09,Sports & Outdoors,Mobile App,3,210.55,False
104978,2025-09-07,2025-09,Apparel,Mobile App,2,61.96,False
104979,2025-09-09,2025-09,Apparel,Mobile App,1,59.88,False
104980,2025-09-02,2025-09,Beauty,Website,2,41.01,False
104981,2025-09-22,2025-09,Electronics,Mobile App,3,712.35,False
104982,2025-09-27,2025-09,Beauty,Mobile App,2,54.89,False
104983,2025-09-18,2025-09,Apparel,Mobile App,3,192.71,False
104984,2025-09-16,2025-09,Electronics,Mobile App,3,633.77,True
104985,2025-09-09,2025-09,Apparel,Mobile App,1,11.26,False
104986,2025-09-29,2025-09,Apparel,Website,3,143.61,False
104987,2025-09-21,2025-09,Sports & Outdoors,Website,1,91.48,True
104988,2025-09-25,2025-09,Electronics,Mobile App,3,565.57,False
104989,2025-09-20,2025-09,Sports & Outdoors,Website,3,289.73,False
104990,2025-09-12,2025-09,Electronics,Website,2,207.76,False
104991,2025-09-13,2025-09,Electronics,Website,1,153.06,False
104992,2025-09-23,2025-09,Electronics,Website,2,469.56,False
104993,2025-09-21,2025-09,Apparel,Mobile App,1,45.87,False
104994,2025-09-20,2025-09,Apparel,Marketplace,3,62.13,False
104995,2025-09-24,2025-09,Apparel,Website,2,78.03,False
104996,2025-09-15,2025-09,Home & Garden,Website,3,194.1,False
104997,2025-09-16,2025-09,Electronics,Website,2,121.96,False
104998,2025-09-15,2025-09,Beauty,Marketplace,3,120.76,False
104999,2025-09-27,2025-09,Electronics,Website,3,268.05,False
105000,2025-09-28,2025-09,Electronics,Mobile App,1,185.86,False
105001,2025-09-07,2025-09,Beauty,Marketplace,1,41.52,False
105002,2025-09-20,2025-09,Apparel,Website,1,54.4,False
105003,2025-09-26,2025-09,Sports & Outdoors,Website,1,119.7,False
105004,2025-09-04,2025-09,Beauty,Mobile App,2,50.87,False
105005,2025-09-19,2025-09,Electronics,Mobile App,2,373.06,False
105006,2025-09-25,2025-09,Apparel,Website,2,41.15,False
105007,2025-09-29,2025-09,Apparel,Website,1,59.0,False
105008,2025-09-05,2025-09,Apparel,Website,1,41.45,False
105009,2025-09-16,2025-09,Beauty,Mobile App,3,62.51,False
105010,2025-09-09,2025-09,Beauty,Mobile App,2,51.76,False
105011,2025-09-22,2025-09,Electronics,Website,1,104.85,True
105012,2025-09-15,2025-09,Home & Garden,Website,2,223.61,False
105013,2025-09-03,2025-09,Apparel,Website,2,113.38,False
105014,2025-09-14,2025-09,Apparel,Mobile App,3,200.04,False
105015,2025-09-29,2025-09,Apparel,Website,1,61.49,False
105016,2025-09-27,2025-09,Electronics,Mobile App,2,374.49,False
105017,2025-09-15,2025-09,Sports & Outdoors,Mobile App,1,140.09,False
105018,2025-09-19,2025-09,Beauty,Marketplace,2,63.36,False
105019,2025-09-09,2025-09,Electronics,Website,3,812.84,True
105020,2025-09-04,2025-09,Home & Garden,Website,2,170.61,False
105021,2025-09-28,2025-09,Electronics,Website,2,641.43,False
105022,2025-09-20,2025-09,Beauty,Mobile App,2,60.81,False
105023,2025-09-07,2025-09,Home & Garden,Website,2,93.32,False
105024,2025-09-20,2025-09,Apparel,Mobile App,3,83.73,False
105025,2025-09-11,2025-09,Apparel,Website,2,89.05,False
105026,2025-09-20,2025-09,Sports & Outdoors,Website,3,315.66,False
105027,2025-09-13,2025-09,Sports & Outdoors,Website,3,291.15,False
105028,2025-09-16,2025-09,Apparel,Mobile App,1,57.94,True
105029,2025-09-07,2025-09,Home & Garden,Marketplace,1,87.28,False
105030,2025-09-13,2025-09,Beauty,Mobile App,3,122.92,False
105031,2025-09-22,2025-09,Beauty,Website,1,36.36,False
105032,2025-09-28,2025-09,Sports & Outdoors,Marketplace,3,429.68,False
105033,2025-09-09,2025-09,Apparel,Website,3,195.31,False
105034,2025-09-02,2025-09,Beauty,Website,3,89.9,False
105035,2025-09-06,2025-09,Electronics,Mobile App,3,518.01,False
105036,2025-09-25,2025-09,Apparel,Website,1,70.47,False
105037,2025-09-11,2025-09,Beauty,Website,2,71.76,False
105038,2025-09-25,2025-09,Beauty,Mobile App,3,80.92,False
105039,2025-09-14,2025-09,Electronics,Website,2,341.72,False
105040,2025-09-03,2025-09,Apparel,Marketplace,1,29.0,False
105041,2025-09-20,2025-09,Home & Garden,Website,3,374.42,False
105042,2025-09-22,2025-09,Home & Garden,Website,1,61.72,False
105043,2025-09-15,2025-09,Sports & Outdoors,Website,2,63.57,False
105044,2025-09-04,2025-09,Sports & Outdoors,Marketplace,1,150.33,False
105045,2025-09-21,2025-09,Apparel,Website,1,34.03,True
105046,2025-09-19,2025-09,Sports & Outdoors,Website,1,115.74,False
105047,2025-09-25,2025-09,Beauty,Website,1,24.0,False
105048,2025-09-24,2025-09,Electronics,Mobile App,1,236.26,False
105049,2025-09-21,2025-09,Apparel,Website,2,121.75,False
105050,2025-09-11,2025-09,Beauty,Website,3,152.55,False
105051,2025-09-29,2025-09,Apparel,Website,1,37.2,False
105052,2025-09-12,2025-09,Sports & Outdoors,Website,2,254.84,False
105053,2025-09-06,2025-09,Apparel,Website,2,74.6,False
105054,2025-09-07,2025-09,Beauty,Mobile App,2,120.7,False
105055,2025-09-17,2025-09,Apparel,Website,3,104.29,False
105056,2025-09-15,2025-09,Home & Garden,Website,2,161.93,False
105057,2025-09-04,2025-09,Electronics,Mobile App,3,148.16,False
105058,2025-09-07,2025-09,Sports & Outdoors,Mobile App,3,152.93,False
105059,2025-09-11,2025-09,Sports & Outdoors,Mobile App,3,136.77,False
105060,2025-09-30,2025-09,Home & Garden,Website,2,125.71,False
105061,2025-09-27,2025-09,Electronics,Website,3,458.99,False
105062,2025-09-21,2025-09,Electronics,Website,2,425.31,False
105063,2025-09-10,2025-09,Electronics,Mobile App,1,264.53,False
105064,2025-09-08,2025-09,Electronics,Website,1,64.52,True
105065,2025-09-03,2025-09,Home & Garden,Website,1,80.45,False
105066,2025-09-23,2025-09,Electronics,Website,3,615.87,False
105067,2025-09-30,2025-09,Electronics,Website,1,165.95,False
105068,2025-09-24,2025-09,Apparel,Mobile App,3,49.74,False
105069,2025-09-27,2025-09,Apparel,Marketplace,3,143.65,False
105070,2025-09-12,2025-09,Home & Garden,Website,3,189.14,False
105071,2025-09-19,2025-09,Apparel,Website,2,138.31,False
105072,2025-09-04,2025-09,Apparel,Website,1,44.21,False
105073,2025-09-09,2025-09,Apparel,Website,1,42.56,False
105074,2025-09-11,2025-09,Apparel,Website,3,198.42,False
105075,2025-09-08,2025-09,Sports & Outdoors,Website,3,266.74,True
105076,2025-09-01,2025-09,Sports & Outdoors,Mobile App,1,109.33,False
105077,2025-09-20,2025-09,Electronics,Mobile App,3,403.94,False
105078,2025-09-11,2025-09,Sports & Outdoors,Mobile App,2,168.77,False
105079,2025-09-16,2025-09,Home & Garden,Website,2,221.61,False
105080,2025-09-25,2025-09,Sports & Outdoors,Website,3,337.55,False
105081,2025-09-04,2025-09,Home & Garden,Mobile App,3,250.06,False
105082,2025-09-21,2025-09,Home & Garden,Website,3,159.14,False
105083,2025-09-16,2025-09,Apparel,Mobile App,1,52.22,False
105084,2025-09-23,2025-09,Electronics,Website,2,109.65,False
105085,2025-09-22,2025-09,Apparel,Website,3,66.18,False
105086,2025-09-14,2025-09,Beauty,Website,2,79.16,True
105087,2025-09-01,2025-09,Home & Garden,Website,1,73.14,False
105088,2025-09-07,2025-09,Beauty,Website,3,45.47,False
105089,2025-09-21,2025-09,Electronics,Website,1,174.42,False
105090,2025-09-03,2025-09,Electronics,Website,1,233.21,False
105091,2025-09-06,2025-09,Apparel,Mobile App,1,49.31,False
105092,2025-09-17,2025-09,Home & Garden,Marketplace,3,212.62,False
105093,2025-09-03,2025-09,Electronics,Website,1,101.31,False
105094,2025-09-18,2025-09,Sports & Outdoors,Website,1,78.28,False
105095,2025-09-12,2025-09,Electronics,Website,2,313.6,False
105096,2025-09-25,2025-09,Sports & Outdoors,Mobile App,2,129.08,False
105097,2025-09-18,2025-09,Beauty,Mobile App,1,13.98,False
105098,2025-09-02,2025-09,Sports & Outdoors,Marketplace,3,62.98,False
105099,2025-09-24,2025-09,Sports & Outdoors,Mobile App,2,254.07,False
105100,2025-09-22,2025-09,Sports & Outdoors,Mobile App,1,39.78,True
105101,2025-09-13,2025-09,Apparel,Website,3,102.9,True
105102,2025-09-04,2025-09,Beauty,Website,2,40.75,False
105103,2025-09-21,2025-09,Electronics,Mobile App,3,614.61,False
105104,2025-09-05,2025-09,Electronics,Website,2,287.48,False
105105,2025-09-16,2025-09,Apparel,Website,2,31.68,False
105106,2025-09-06,2025-09,Electronics,Website,2,351.04,False
105107,2025-09-18,2025-09,Electronics,Website,3,321.18,False
105108,2025-09-30,2025-09,Electronics,Website,1,162.82,False
105109,2025-09-19,2025-09,Home & Garden,Mobile App,3,255.54,False
105110,2025-09-09,2025-09,Beauty,Mobile App,3,109.43,False
105111,2025-09-01,2025-09,Apparel,Marketplace,3,148.26,False
105112,2025-09-05,2025-09,Home & Garden,Mobile App,3,150.16,False
105113,2025-09-10,2025-09,Home & Garden,Website,1,110.6,False
105114,2025-09-10,2025-09,Beauty,Website,3,56.18,False
105115,2025-09-18,2025-09,Electronics,Mobile App,2,353.86,False
105116,2025-09-15,2025-09,Beauty,Mobile App,3,191.98,False
105117,2025-09-17,2025-09,Beauty,Website,1,32.43,False
105118,2025-09-15,2025-09,Apparel,Website,1,59.17,False
105119,2025-09-14,2025-09,Electronics,Mobile App,1,173.71,False
105120,2025-09-09,2025-09,Home & Garden,Website,1,70.49,False
105121,2025-09-13,2025-09,Home & Garden,Mobile App,3,186.36,False
105122,2025-09-11,2025-09,Home & Garden,Mobile App,1,118.15,False
105123,2025-09-02,2025-09,Apparel,Website,3,203.72,False
105124,2025-09-08,2025-09,Electronics,Mobile App,2,338.89,False
105125,2025-09-23,2025-09,Apparel,Website,1,42.33,False
105126,2025-09-25,2025-09,Sports & Outdoors,Website,3,262.52,True
105127,2025-09-15,2025-09,Home & Garden,Website,1,89.85,False
105128,2025-09-19,2025-09,Sports & Outdoors,Website,1,104.08,False
105129,2025-09-23,2025-09,Electronics,Website,1,213.87,False
105130,2025-09-25,2025-09,Electronics,Marketplace,3,439.49,False
105131,2025-09-29,2025-09,Apparel,Website,3,102.71,False
105132,2025-09-22,2025-09,Electronics,Mobile App,3,608.41,False
105133,2025-09-13,2025-09,Apparel,Marketplace,1,74.23,False
105134,2025-09-21,2025-09,Apparel,Mobile App,3,113.5,False
105135,2025-09-27,2025-09,Electronics,Website,3,411.72,False
105136,2025-09-16,2025-09,Sports & Outdoors,Website,2,377.5,False
105137,2025-09-02,2025-09,Sports & Outdoors,Marketplace,3,317.74,False
105138,2025-09-13,2025-09,Electronics,Mobile App,3,574.95,True
105139,2025-09-16,2025-09,Home & Garden,Mobile App,1,91.21,False
105140,2025-09-01,2025-09,Beauty,Website,2,50.94,False
105141,2025-09-10,2025-09,Home & Garden,Marketplace,2,214.43,False
105142,2025-09-18,2025-09,Beauty,Marketplace,1,17.15,False
105143,2025-09-19,2025-09,Electronics,Website,3,420.68,False
105144,2025-09-17,2025-09,Home & Garden,Website,2,62.39,False
105145,2025-09-21,2025-09,Beauty,Website,3,77.92,False
105146,2025-09-06,2025-09,Beauty,Marketplace,1,39.93,False
105147,2025-09-10,2025-09,Beauty,Mobile App,1,34.41,True
105148,2025-09-30,2025-09,Apparel,Website,2,107.6,False
105149,2025-09-30,2025-09,Home & Garden,Website,3,111.5,False
105150,2025-09-01,2025-09,Sports & Outdoors,Website,2,314.51,False
105151,2025-09-08,2025-09,Apparel,Marketplace,1,57.87,False
105152,2025-09-06,2025-09,Apparel,Mobile App,3,131.66,False
105153,2025-10-07,2025-10,Beauty,Mobile App,1,8.0,False
105154,2025-10-10,2025-10,Apparel,Mobile App,2,80.75,False
105155,2025-10-05,2025-10,Beauty,Mobile App,3,139.32,False
105156,2025-10-23,2025-10,Apparel,Website,3,119.49,False
105157,2025-10-20,2025-10,Electronics,Website,3,544.39,False
105158,2025-10-28,2025-10,Apparel,Marketplace,1,53.63,False
105159,2025-10-14,2025-10,Home & Garden,Website,2,123.01,False
105160,2025-10-02,2025-10,Sports & Outdoors,Website,1,132.23,False
105161,2025-10-29,2025-10,Sports & Outdoors,Website,3,317.46,False
105162,2025-10-28,2025-10,Apparel,Mobile App,1,82.7,False
105163,2025-10-01,2025-10,Electronics,Marketplace,2,386.13,False
105164,2025-10-14,2025-10,Beauty,Website,3,103.04,False
105165,2025-10-16,2025-10,Apparel,Mobile App,1,50.29,False
105166,2025-10-28,2025-10,Apparel,Website,2,123.54,False
105167,2025-10-18,2025-10,Electronics,Website,3,624.95,False
105168,2025-10-19,2025-10,Apparel,Website,3,185.91,False
105169,2025-10-07,2025-10,Apparel,Mobile App,3,73.87,False
105170,2025-10-07,2025-10,Apparel,Marketplace,2,90.49,False
105171,2025-10-17,2025-10,Home & Garden,Website,1,33.06,False
105172,2025-10-28,2025-10,Sports & Outdoors,Marketplace,2,203.53,False
105173,2025-10-22,2025-10,Home & Garden,Website,3,255.05,False
105174,2025-10-19,2025-10,Electronics,Website,3,542.31,False
105175,2025-10-30,2025-10,Sports & Outdoors,Website,2,162.63,False
105176,2025-10-06,2025-10,Electronics,Website,1,137.47,False
105177,2025-10-29,2025-10,Beauty,Mobile App,1,42.81,False
105178,2025-10-19,2025-10,Home & Garden,Mobile App,1,77.52,False
105179,2025-10-05,2025-10,Sports & Outdoors,Website,3,240.86,False
105180,2025-10-12,2025-10,Electronics,Website,2,429.61,False
105181,2025-10-20,2025-10,Electronics,Website,1,211.26,False
105182,2025-10-20,2025-10,Apparel,Website,1,69.23,False
105183,2025-10-24,2025-10,Home & Garden,Website,3,237.81,False
105184,2025-10-25,2025-10,Electronics,Marketplace,1,141.73,False
105185,2025-10-07,2025-10,Sports & Outdoors,Website,3,208.24,True
105186,2025-10-26,2025-10,Home & Garden,Website,3,149.75,False
105187,2025-10-09,2025-10,Apparel,Website,3,126.31,False
105188,2025-10-25,2025-10,Sports & Outdoors,Website,1,48.77,False
105189,2025-10-16,2025-10,Electronics,Website,2,141.17,False
105190,2025-10-09,2025-10,Apparel,Mobile App,3,229.78,False
105191,2025-10-17,2025-10,Home & Garden,Mobile App,1,51.84,False
105192,2025-10-01,2025-10,Electronics,Website,1,79.33,False
105193,2025-10-07,2025-10,Apparel,Marketplace,2,109.96,False
105194,2025-10-12,2025-10,Electronics,Website,1,263.8,False
105195,2025-10-17,2025-10,Electronics,Mobile App,3,694.14,False
105196,2025-10-13,2025-10,Home & Garden,Website,1,68.03,False
105197,2025-10-23,2025-10,Electronics,Website,1,164.26,False
105198,2025-10-10,2025-10,Home & Garden,Website,1,72.94,False
105199,2025-10-24,2025-10,Beauty,Website,3,138.36,False
105200,2025-10-17,2025-10,Beauty,Website,1,35.81,False
105201,2025-10-07,2025-10,Electronics,Mobile App,3,414.78,False
105202,2025-10-04,2025-10,Apparel,Website,1,64.15,False
105203,2025-10-20,2025-10,Beauty,Website,3,104.73,False
105204,2025-10-23,2025-10,Home & Garden,Mobile App,1,51.73,True
105205,2025-10-10,2025-10,Electronics,Website,1,142.09,False
105206,2025-10-24,2025-10,Beauty,Marketplace,1,21.02,False
105207,2025-10-12,2025-10,Beauty,Website,1,41.38,False
105208,2025-10-09,2025-10,Apparel,Website,3,147.98,False
105209,2025-10-23,2025-10,Sports & Outdoors,Mobile App,1,75.77,False
105210,2025-10-25,2025-10,Sports & Outdoors,Mobile App,2,16.0,False
105211,2025-10-24,2025-10,Beauty,Mobile App,3,161.05,False
105212,2025-10-12,2025-10,Home & Garden,Mobile App,2,138.19,False
105213,2025-10-07,2025-10,Apparel,Website,3,145.62,False
105214,2025-10-13,2025-10,Electronics,Marketplace,1,221.11,False
105215,2025-10-23,2025-10,Apparel,Mobile App,2,106.43,False
105216,2025-10-20,2025-10,Beauty,Website,1,25.49,False
105217,2025-10-16,2025-10,Apparel,Mobile App,2,22.85,False
105218,2025-10-06,2025-10,Electronics,Mobile App,2,230.62,False
105219,2025-10-30,2025-10,Electronics,Mobile App,3,300.13,False
105220,2025-10-09,2025-10,Sports & Outdoors,Marketplace,3,197.84,False
105221,2025-10-08,2025-10,Apparel,Mobile App,2,117.4,False
105222,2025-10-31,2025-10,Apparel,Mobile App,1,58.25,True
105223,2025-10-26,2025-10,Sports & Outdoors,Website,2,145.02,False
105224,2025-10-21,2025-10,Electronics,Mobile App,2,235.27,False
105225,2025-10-24,2025-10,Home & Garden,Website,3,238.92,False
105226,2025-10-23,2025-10,Apparel,Website,2,146.72,False
105227,2025-10-08,2025-10,Home & Garden,Mobile App,1,48.49,False
105228,2025-10-27,2025-10,Sports & Outdoors,Website,1,79.57,False
105229,2025-10-15,2025-10,Electronics,Website,2,501.69,False
105230,2025-10-25,2025-10,Beauty,Website,2,62.33,False
105231,2025-10-31,2025-10,Sports & Outdoors,Mobile App,1,73.17,False
105232,2025-10-23,2025-10,Beauty,Website,2,37.33,True
105233,2025-10-04,2025-10,Beauty,Website,3,89.73,False
105234,2025-10-28,2025-10,Sports & Outdoors,Website,1,104.04,False
105235,2025-10-24,2025-10,Apparel,Mobile App,1,65.45,False
105236,2025-10-06,2025-10,Apparel,Website,2,41.7,True
105237,2025-10-07,2025-10,Home & Garden,Website,1,84.38,False
105238,2025-10-29,2025-10,Electronics,Mobile App,3,864.31,False
105239,2025-10-19,2025-10,Apparel,Website,1,81.24,False
105240,2025-10-10,2025-10,Apparel,Website,1,70.24,False
105241,2025-10-11,2025-10,Apparel,Mobile App,2,116.91,False
105242,2025-10-29,2025-10,Beauty,Website,2,82.88,False
105243,2025-10-14,2025-10,Sports & Outdoors,Mobile App,2,113.83,False
105244,2025-10-05,2025-10,Home & Garden,Website,2,185.55,False
105245,2025-10-03,2025-10,Home & Garden,Mobile App,1,78.37,False
105246,2025-10-20,2025-10,Apparel,Website,1,66.97,False
105247,2025-10-30,2025-10,Sports & Outdoors,Website,1,42.47,False
105248,2025-10-05,2025-10,Beauty,Mobile App,1,44.27,False
105249,2025-10-21,2025-10,Electronics,Mobile App,1,105.45,False
105250,2025-10-06,2025-10,Apparel,Website,2,89.14,True
105251,2025-10-18,2025-10,Sports & Outdoors,Mobile App,3,354.4,False
105252,2025-10-03,2025-10,Home & Garden,Marketplace,2,229.59,False
105253,2025-10-21,2025-10,Sports & Outdoors,Mobile App,2,228.78,False
105254,2025-10-29,2025-10,Electronics,Marketplace,3,472.64,False
105255,2025-10-03,2025-10,Home & Garden,Mobile App,3,166.42,False
105256,2025-10-10,2025-10,Beauty,Website,3,82.95,False
105257,2025-10-18,2025-10,Electronics,Mobile App,2,274.97,False
105258,2025-10-21,2025-10,Home & Garden,Mobile App,2,109.68,False
105259,2025-10-29,2025-10,Sports & Outdoors,Website,3,205.76,False
105260,2025-10-07,2025-10,Beauty,Website,1,68.14,False
105261,2025-10-08,2025-10,Apparel,Website,2,58.67,False
105262,2025-10-02,2025-10,Electronics,Website,2,327.44,False
105263,2025-10-09,2025-10,Sports & Outdoors,Marketplace,2,235.98,True
105264,2025-10-18,2025-10,Sports & Outdoors,Website,2,259.26,False
105265,2025-10-26,2025-10,Apparel,Website,3,236.05,False
105266,2025-10-28,2025-10,Electronics,Mobile App,3,371.48,False
105267,2025-10-08,2025-10,Apparel,Website,1,67.59,False
105268,2025-10-21,2025-10,Electronics,Mobile App,2,291.01,False
105269,2025-10-28,2025-10,Sports & Outdoors,Mobile App,1,166.81,False
105270,2025-10-13,2025-10,Apparel,Mobile App,2,41.89,False
105271,2025-10-26,2025-10,Electronics,Mobile App,1,166.82,False
105272,2025-10-13,2025-10,Beauty,Marketplace,3,65.29,False
105273,2025-10-30,2025-10,Electronics,Website,3,468.9,False
105274,2025-10-06,2025-10,Electronics,Website,3,612.79,False
105275,2025-10-18,2025-10,Beauty,Marketplace,1,28.77,False
105276,2025-10-15,2025-10,Beauty,Mobile App,3,121.29,False
105277,2025-10-06,2025-10,Apparel,Mobile App,2,88.58,False
105278,2025-10-29,2025-10,Home & Garden,Mobile App,2,135.76,False
105279,2025-10-12,2025-10,Electronics,Marketplace,2,293.81,False
105280,2025-10-13,2025-10,Sports & Outdoors,Website,1,49.7,False
105281,2025-10-31,2025-10,Beauty,Website,3,108.41,False
105282,2025-10-31,2025-10,Home & Garden,Website,3,252.72,False
105283,2025-10-21,2025-10,Electronics,Mobile App,2,339.08,False
105284,2025-10-30,2025-10,Home & Garden,Website,3,181.7,False
105285,2025-10-07,2025-10,Electronics,Website,2,369.45,False
105286,2025-10-20,2025-10,Electronics,Mobile App,3,581.13,False
105287,2025-10-27,2025-10,Electronics,Website,3,400.83,False
105288,2025-10-27,2025-10,Sports & Outdoors,Mobile App,3,368.51,False
105289,2025-10-30,2025-10,Electronics,Mobile App,1,144.71,False
105290,2025-10-04,2025-10,Electronics,Website,3,232.86,False
105291,2025-10-23,2025-10,Electronics,Website,1,118.01,False
105292,2025-10-18,2025-10,Beauty,Mobile App,3,116.61,False
105293,2025-10-25,2025-10,Apparel,Website,1,63.84,False
105294,2025-10-29,2025-10,Apparel,Marketplace,1,44.5,False
105295,2025-10-20,2025-10,Beauty,Website,3,132.79,False
105296,2025-10-11,2025-10,Sports & Outdoors,Mobile App,2,201.02,False
105297,2025-10-07,2025-10,Apparel,Website,3,131.67,False
105298,2025-10-08,2025-10,Electronics,Website,3,237.58,False
105299,2025-10-01,2025-10,Apparel,Website,1,35.63,False
105300,2025-10-25,2025-10,Beauty,Mobile App,3,95.32,False
105301,2025-10-27,2025-10,Beauty,Website,3,38.22,False
105302,2025-10-11,2025-10,Apparel,Marketplace,1,58.47,False
105303,2025-10-19,2025-10,Sports & Outdoors,Website,3,286.31,False
105304,2025-10-18,2025-10,Home & Garden,Website,3,157.67,False
105305,2025-10-01,2025-10,Electronics,Mobile App,1,239.24,False
105306,2025-10-08,2025-10,Home & Garden,Website,3,160.83,False
105307,2025-10-17,2025-10,Apparel,Mobile App,3,126.03,False
105308,2025-10-03,2025-10,Sports & Outdoors,Mobile App,3,309.72,False
105309,2025-10-24,2025-10,Home & Garden,Website,1,56.71,False
105310,2025-10-03,2025-10,Apparel,Website,3,71.8,False
105311,2025-10-21,2025-10,Home & Garden,Mobile App,3,122.45,False
105312,2025-10-09,2025-10,Apparel,Mobile App,3,232.43,False
105313,2025-10-02,2025-10,Electronics,Website,3,594.07,False
105314,2025-10-21,2025-10,Electronics,Mobile App,3,670.84,False
105315,2025-10-03,2025-10,Beauty,Mobile App,2,55.09,False
105316,2025-10-10,2025-10,Electronics,Mobile App,2,173.38,False
105317,2025-10-09,2025-10,Electronics,Mobile App,3,775.49,False
105318,2025-10-21,2025-10,Sports & Outdoors,Mobile App,2,71.47,False
105319,2025-10-17,2025-10,Beauty,Mobile App,2,98.58,False
105320,2025-10-03,2025-10,Sports & Outdoors,Mobile App,1,62.31,True
105321,2025-10-15,2025-10,Apparel,Website,2,105.91,False
105322,2025-10-04,2025-10,Electronics,Website,3,666.09,False
105323,2025-10-21,2025-10,Beauty,Mobile App,3,61.63,False
105324,2025-10-18,2025-10,Apparel,Website,3,109.56,True
105325,2025-10-15,2025-10,Home & Garden,Website,2,159.98,False
105326,2025-10-03,2025-10,Apparel,Mobile App,1,59.57,False
105327,2025-10-10,2025-10,Apparel,Mobile App,2,136.38,False
105328,2025-10-14,2025-10,Apparel,Mobile App,3,161.23,False
105329,2025-10-05,2025-10,Apparel,Mobile App,2,119.04,False
105330,2025-10-13,2025-10,Sports & Outdoors,Website,1,105.37,False
105331,2025-10-08,2025-10,Electronics,Website,1,190.33,False
105332,2025-10-26,2025-10,Apparel,Website,1,49.4,False
105333,2025-10-28,2025-10,Electronics,Mobile App,3,380.46,False
105334,2025-10-17,2025-10,Electronics,Mobile App,1,125.98,False
105335,2025-10-30,2025-10,Apparel,Marketplace,2,131.29,True
105336,2025-10-13,2025-10,Sports & Outdoors,Marketplace,1,102.51,True
105337,2025-10-22,2025-10,Electronics,Website,3,607.56,False
105338,2025-10-22,2025-10,Home & Garden,Mobile App,2,170.16,True
105339,2025-10-02,2025-10,Sports & Outdoors,Website,1,102.68,False
105340,2025-10-27,2025-10,Electronics,Website,1,187.27,False
105341,2025-10-05,2025-10,Home & Garden,Website,3,289.56,False
105342,2025-10-11,2025-10,Home & Garden,Mobile App,1,59.91,True
105343,2025-10-27,2025-10,Electronics,Website,1,233.64,False
105344,2025-10-11,2025-10,Electronics,Website,2,283.77,False
105345,2025-10-28,2025-10,Electronics,Website,3,328.25,False
105346,2025-10-12,2025-10,Electronics,Website,1,121.3,False
105347,2025-10-14,2025-10,Apparel,Website,3,187.18,False
105348,2025-10-15,2025-10,Beauty,Marketplace,3,148.98,False
105349,2025-10-26,2025-10,Electronics,Mobile App,2,430.88,False
105350,2025-10-17,2025-10,Home & Garden,Website,2,185.71,False
105351,2025-10-03,2025-10,Home & Garden,Mobile App,2,149.41,False
105352,2025-10-26,2025-10,Apparel,Website,2,103.61,False
105353,2025-10-22,2025-10,Apparel,Mobile App,3,143.76,False
105354,2025-10-05,2025-10,Beauty,Website,2,53.07,False
105355,2025-10-16,2025-10,Sports & Outdoors,Mobile App,3,290.92,True
105356,2025-10-27,2025-10,Beauty,Website,3,39.05,True
105357,2025-10-19,2025-10,Apparel,Mobile App,1,40.81,False
105358,2025-10-31,2025-10,Beauty,Mobile App,3,65.05,False
105359,2025-10-07,2025-10,Sports & Outdoors,Website,1,75.02,False
105360,2025-10-22,2025-10,Sports & Outdoors,Website,3,359.7,False
105361,2025-10-22,2025-10,Apparel,Mobile App,3,223.43,True
105362,2025-10-12,2025-10,Sports & Outdoors,Website,3,362.28,False
105363,2025-10-05,2025-10,Apparel,Mobile App,1,37.06,False
105364,2025-10-03,2025-10,Beauty,Website,2,49.74,False
105365,2025-10-01,2025-10,Beauty,Mobile App,2,72.32,False
105366,2025-10-15,2025-10,Electronics,Marketplace,1,176.47,False
105367,2025-10-16,2025-10,Electronics,Mobile App,1,145.48,False
105368,2025-10-15,2025-10,Beauty,Mobile App,3,122.66,False
105369,2025-10-19,2025-10,Home & Garden,Website,2,164.29,False
105370,2025-10-30,2025-10,Electronics,Mobile App,1,175.71,False
105371,2025-10-03,2025-10,Apparel,Mobile App,3,202.16,False
105372,2025-10-07,2025-10,Home & Garden,Website,2,138.29,False
105373,2025-10-31,2025-10,Sports & Outdoors,Website,2,216.78,False
105374,2025-10-11,2025-10,Home & Garden,Website,3,142.1,False
105375,2025-10-08,2025-10,Apparel,Marketplace,3,121.09,False
105376,2025-10-29,2025-10,Sports & Outdoors,Website,1,119.83,False
105377,2025-10-03,2025-10,Apparel,Website,1,44.81,False
105378,2025-10-25,2025-10,Beauty,Mobile App,3,179.5,False
105379,2025-10-19,2025-10,Beauty,Website,3,42.31,False
105380,2025-10-29,2025-10,Home & Garden,Website,3,259.34,False
105381,2025-10-12,2025-10,Sports & Outdoors,Marketplace,3,426.13,False
105382,2025-10-08,2025-10,Home & Garden,Mobile App,2,59.75,False
105383,2025-10-17,2025-10,Electronics,Website,3,259.41,False
105384,2025-10-31,2025-10,Home & Garden,Marketplace,1,41.07,False
105385,2025-10-27,2025-10,Home & Garden,Website,2,177.81,False
105386,2025-10-04,2025-10,Electronics,Mobile App,3,627.68,False
105387,2025-10-13,2025-10,Electronics,Website,3,433.16,True
105388,2025-10-14,2025-10,Home & Garden,Mobile App,3,214.85,False
105389,2025-10-08,2025-10,Sports & Outdoors,Website,3,211.7,False
105390,2025-10-10,2025-10,Apparel,Website,2,124.91,False
105391,2025-10-30,2025-10,Sports & Outdoors,Website,3,194.18,False
105392,2025-10-12,2025-10,Electronics,Website,3,649.83,False
105393,2025-10-23,2025-10,Electronics,Mobile App,1,143.69,True
105394,2025-10-22,2025-10,Home & Garden,Mobile App,1,27.59,False
105395,2025-10-21,2025-10,Electronics,Marketplace,1,236.32,False
105396,2025-10-11,2025-10,Electronics,Website,3,507.46,False
105397,2025-10-14,2025-10,Apparel,Website,3,82.7,False
105398,2025-10-17,2025-10,Electronics,Mobile App,3,477.51,False
105399,2025-10-09,2025-10,Beauty,Website,3,101.29,False
105400,2025-10-22,2025-10,Beauty,Website,3,29.52,False
105401,2025-10-15,2025-10,Electronics,Website,1,301.5,False
105402,2025-10-01,2025-10,Apparel,Mobile App,3,141.33,False
105403,2025-10-17,2025-10,Sports & Outdoors,Website,2,156.36,False
105404,2025-10-06,2025-10,Beauty,Website,2,56.55,False
105405,2025-10-02,2025-10,Electronics,Marketplace,3,690.34,False
105406,2025-10-30,2025-10,Electronics,Mobile App,2,260.22,False
105407,2025-10-20,2025-10,Sports & Outdoors,Mobile App,2,235.87,False
105408,2025-10-17,2025-10,Apparel,Website,2,123.79,False
105409,2025-10-23,2025-10,Apparel,Website,1,23.65,False
105410,2025-10-09,2025-10,Beauty,Website,2,69.87,False
105411,2025-10-16,2025-10,Electronics,Website,1,153.31,False
105412,2025-10-04,2025-10,Apparel,Mobile App,2,81.41,False
105413,2025-10-04,2025-10,Sports & Outdoors,Mobile App,1,71.39,False
105414,2025-10-25,2025-10,Apparel,Mobile App,2,127.86,False
105415,2025-10-21,2025-10,Sports & Outdoors,Website,1,113.78,False
105416,2025-10-11,2025-10,Home & Garden,Mobile App,1,33.75,False
105417,2025-10-30,2025-10,Apparel,Website,3,151.39,False
105418,2025-10-12,2025-10,Electronics,Website,2,257.67,False
105419,2025-10-16,2025-10,Electronics,Mobile App,3,367.51,False
105420,2025-10-05,2025-10,Apparel,Mobile App,2,43.95,False
105421,2025-10-08,2025-10,Apparel,Website,1,68.35,False
105422,2025-10-14,2025-10,Apparel,Website,1,73.69,False
105423,2025-10-26,2025-10,Beauty,Website,2,62.06,False
105424,2025-10-16,2025-10,Home & Garden,Website,1,31.1,False
105425,2025-10-20,2025-10,Home & Garden,Website,1,83.05,False
105426,2025-10-15,2025-10,Home & Garden,Mobile App,3,234.72,False
105427,2025-10-24,2025-10,Beauty,Website,1,33.83,False
105428,2025-10-28,2025-10,Beauty,Website,3,109.5,False
105429,2025-10-10,2025-10,Electronics,Website,2,366.29,False
105430,2025-10-31,2025-10,Electronics,Website,1,65.55,False
105431,2025-10-10,2025-10,Apparel,Website,3,176.0,False
105432,2025-10-15,2025-10,Apparel,Mobile App,2,75.12,False
105433,2025-10-10,2025-10,Home & Garden,Website,1,75.88,False
105434,2025-10-25,2025-10,Electronics,Website,1,164.06,False
105435,2025-10-09,2025-10,Home & Garden,Mobile App,2,119.12,False
105436,2025-10-16,2025-10,Electronics,Mobile App,3,321.87,False
105437,2025-10-17,2025-10,Home & Garden,Website,1,69.79,False
105438,2025-10-28,2025-10,Home & Garden,Website,1,56.08,False
105439,2025-10-23,2025-10,Apparel,Website,3,152.17,False
105440,2025-10-19,2025-10,Beauty,Mobile App,1,51.91,False
105441,2025-10-18,2025-10,Electronics,Website,3,908.21,False
105442,2025-10-27,2025-10,Electronics,Mobile App,2,291.91,False
105443,2025-10-17,2025-10,Electronics,Mobile App,3,339.78,False
105444,2025-10-26,2025-10,Beauty,Mobile App,1,25.98,False
105445,2025-10-22,2025-10,Beauty,Marketplace,3,77.21,False
105446,2025-10-27,2025-10,Home & Garden,Website,3,240.47,False
105447,2025-10-24,2025-10,Electronics,Mobile App,3,451.39,False
105448,2025-10-06,2025-10,Beauty,Website,1,44.68,False
105449,2025-10-04,2025-10,Home & Garden,Mobile App,2,206.3,False
105450,2025-10-23,2025-10,Home & Garden,Website,3,318.6,False
105451,2025-10-26,2025-10,Apparel,Website,3,249.78,False
105452,2025-10-02,2025-10,Apparel,Mobile App,3,82.12,False
105453,2025-10-21,2025-10,Apparel,Marketplace,3,63.11,False
105454,2025-10-11,2025-10,Beauty,Website,1,41.58,False
105455,2025-10-15,2025-10,Apparel,Mobile App,1,66.13,False
105456,2025-10-24,2025-10,Electronics,Website,3,673.43,False
105457,2025-10-13,2025-10,Home & Garden,Website,1,92.77,False
105458,2025-10-10,2025-10,Electronics,Website,3,649.23,False
105459,2025-10-25,2025-10,Sports & Outdoors,Website,3,247.22,False
105460,2025-10-31,2025-10,Apparel,Website,1,8.0,False
105461,2025-10-23,2025-10,Apparel,Website,2,91.88,False
105462,2025-10-01,2025-10,Home & Garden,Website,2,147.97,False
105463,2025-10-05,2025-10,Apparel,Website,3,131.3,False
105464,2025-10-16,2025-10,Home & Garden,Website,2,268.32,False
105465,2025-10-06,2025-10,Electronics,Website,3,632.99,False
105466,2025-10-30,2025-10,Home & Garden,Website,3,185.55,False
105467,2025-10-16,2025-10,Electronics,Mobile App,3,539.48,False
105468,2025-10-14,2025-10,Apparel,Website,2,19.7,False
105469,2025-10-03,2025-10,Apparel,Website,2,16.0,False
105470,2025-10-10,2025-10,Apparel,Mobile App,1,43.89,False
105471,2025-10-07,2025-10,Apparel,Website,3,81.64,False
105472,2025-10-24,2025-10,Home & Garden,Website,3,222.45,False
105473,2025-10-06,2025-10,Beauty,Mobile App,3,95.75,False
105474,2025-10-20,2025-10,Apparel,Website,3,200.2,False
105475,2025-10-12,2025-10,Apparel,Mobile App,2,58.8,False
105476,2025-10-19,2025-10,Apparel,Website,2,113.25,False
105477,2025-10-27,2025-10,Beauty,Mobile App,3,90.39,False
105478,2025-10-31,2025-10,Home & Garden,Marketplace,3,248.95,False
105479,2025-10-03,2025-10,Electronics,Mobile App,1,148.72,False
105480,2025-10-29,2025-10,Electronics,Website,2,247.48,False
105481,2025-10-27,2025-10,Home & Garden,Mobile App,3,176.16,False
105482,2025-10-17,2025-10,Apparel,Mobile App,3,275.08,False
105483,2025-10-07,2025-10,Apparel,Mobile App,1,56.7,False
105484,2025-10-21,2025-10,Apparel,Mobile App,3,240.52,True
105485,2025-10-01,2025-10,Electronics,Website,3,342.32,False
105486,2025-10-07,2025-10,Electronics,Website,1,122.83,False
105487,2025-10-22,2025-10,Apparel,Website,2,84.26,False
105488,2025-10-30,2025-10,Electronics,Mobile App,1,119.35,False
105489,2025-10-22,2025-10,Home & Garden,Website,2,101.01,False
105490,2025-10-14,2025-10,Electronics,Website,3,632.91,False
105491,2025-10-02,2025-10,Electronics,Website,3,128.53,False
105492,2025-10-03,2025-10,Home & Garden,Website,3,211.6,False
105493,2025-10-03,2025-10,Apparel,Website,3,178.72,False
105494,2025-10-20,2025-10,Home & Garden,Website,3,63.29,False
105495,2025-10-09,2025-10,Electronics,Marketplace,1,136.37,False
105496,2025-10-19,2025-10,Beauty,Mobile App,1,44.1,False
105497,2025-10-19,2025-10,Apparel,Website,1,22.57,True
105498,2025-10-22,2025-10,Apparel,Website,2,121.14,False
105499,2025-10-15,2025-10,Beauty,Website,1,40.31,False
105500,2025-10-28,2025-10,Home & Garden,Mobile App,2,171.84,False
105501,2025-10-13,2025-10,Apparel,Mobile App,3,252.35,False
105502,2025-10-13,2025-10,Electronics,Mobile App,1,49.2,False
105503,2025-10-30,2025-10,Apparel,Website,3,138.0,False
105504,2025-10-26,2025-10,Beauty,Website,2,47.85,False
105505,2025-10-16,2025-10,Home & Garden,Website,3,232.6,False
105506,2025-10-13,2025-10,Sports & Outdoors,Mobile App,2,152.96,False
105507,2025-10-10,2025-10,Electronics,Website,2,419.17,False
105508,2025-10-26,2025-10,Electronics,Marketplace,3,660.08,False
105509,2025-10-24,2025-10,Home & Garden,Marketplace,3,341.73,False
105510,2025-10-19,2025-10,Sports & Outdoors,Website,2,207.33,False
105511,2025-10-24,2025-10,Beauty,Marketplace,2,84.13,False
105512,2025-10-12,2025-10,Apparel,Mobile App,1,75.23,False
105513,2025-10-16,2025-10,Beauty,Website,3,84.39,False
105514,2025-10-24,2025-10,Sports & Outdoors,Website,1,125.71,False
105515,2025-10-03,2025-10,Apparel,Website,3,77.7,False
105516,2025-10-17,2025-10,Electronics,Mobile App,3,522.67,False
105517,2025-10-25,2025-10,Beauty,Website,2,118.09,False
105518,2025-10-22,2025-10,Electronics,Mobile App,3,650.76,False
105519,2025-10-15,2025-10,Sports & Outdoors,Mobile App,3,283.28,False
105520,2025-10-06,2025-10,Home & Garden,Website,3,359.27,False
105521,2025-10-31,2025-10,Sports & Outdoors,Website,2,249.74,True
105522,2025-10-26,2025-10,Sports & Outdoors,Website,3,361.41,False
105523,2025-10-30,2025-10,Home & Garden,Website,3,193.68,False
105524,2025-10-10,2025-10,Electronics,Website,2,451.0,False
105525,2025-10-30,2025-10,Electronics,Website,2,421.55,False
105526,2025-10-14,2025-10,Electronics,Website,3,535.16,False
105527,2025-10-06,2025-10,Electronics,Marketplace,1,90.04,False
105528,2025-10-31,2025-10,Electronics,Marketplace,1,140.87,False
105529,2025-10-30,2025-10,Apparel,Mobile App,2,119.93,False
105530,2025-10-28,2025-10,Apparel,Website,2,87.49,False
105531,2025-10-23,2025-10,Sports & Outdoors,Website,3,406.09,False
105532,2025-10-02,2025-10,Beauty,Website,1,30.88,False
105533,2025-10-02,2025-10,Home & Garden,Website,3,246.4,False
105534,2025-10-20,2025-10,Electronics,Website,3,688.67,False
105535,2025-10-14,2025-10,Beauty,Website,3,135.67,False
105536,2025-10-02,2025-10,Home & Garden,Website,1,49.15,False
105537,2025-10-09,2025-10,Beauty,Website,2,88.93,False
105538,2025-10-22,2025-10,Apparel,Website,2,24.58,False
105539,2025-10-30,2025-10,Home & Garden,Website,1,71.0,False
105540,2025-10-21,2025-10,Sports & Outdoors,Mobile App,2,96.96,False
105541,2025-10-03,2025-10,Electronics,Website,1,206.33,False
105542,2025-10-01,2025-10,Home & Garden,Marketplace,3,138.1,False
105543,2025-10-14,2025-10,Sports & Outdoors,Mobile App,1,59.21,False
105544,2025-10-28,2025-10,Beauty,Website,3,148.48,False
105545,2025-10-21,2025-10,Sports & Outdoors,Mobile App,3,236.63,False
105546,2025-10-16,2025-10,Apparel,Mobile App,2,87.71,False
105547,2025-10-27,2025-10,Beauty,Website,1,33.89,False
105548,2025-10-22,2025-10,Electronics,Website,1,169.68,False
105549,2025-10-02,2025-10,Apparel,Mobile App,2,79.51,False
105550,2025-10-17,2025-10,Home & Garden,Website,2,155.9,False
105551,2025-10-09,2025-10,Sports & Outdoors,Website,2,156.91,False
105552,2025-10-18,2025-10,Home & Garden,Website,3,314.19,False
105553,2025-10-17,2025-10,Electronics,Website,2,335.16,False
105554,2025-10-31,2025-10,Home & Garden,Mobile App,2,94.26,False
105555,2025-10-19,2025-10,Beauty,Website,1,44.66,False
105556,2025-10-05,2025-10,Apparel,Marketplace,2,75.58,False
105557,2025-10-22,2025-10,Electronics,Website,1,248.48,False
105558,2025-10-30,2025-10,Beauty,Mobile App,2,55.86,False
105559,2025-10-14,2025-10,Electronics,Mobile App,1,114.33,False
105560,2025-10-29,2025-10,Apparel,Website,2,164.79,False
105561,2025-10-11,2025-10,Home & Garden,Website,2,97.99,False
105562,2025-10-31,2025-10,Electronics,Website,3,358.53,False
105563,2025-10-12,2025-10,Beauty,Website,2,76.29,False
105564,2025-10-01,2025-10,Sports & Outdoors,Mobile App,1,36.25,False
105565,2025-10-25,2025-10,Electronics,Website,1,217.41,False
105566,2025-10-29,2025-10,Beauty,Website,1,15.17,False
105567,2025-10-15,2025-10,Apparel,Marketplace,1,29.04,False
105568,2025-10-06,2025-10,Apparel,Website,1,45.59,False
105569,2025-10-17,2025-10,Apparel,Mobile App,1,62.78,True
105570,2025-10-22,2025-10,Home & Garden,Mobile App,3,271.39,False
105571,2025-10-04,2025-10,Apparel,Website,3,119.63,False
105572,2025-10-20,2025-10,Sports & Outdoors,Mobile App,2,227.34,False
105573,2025-10-28,2025-10,Home & Garden,Mobile App,3,194.14,False
105574,2025-10-25,2025-10,Home & Garden,Website,3,173.55,False
105575,2025-10-11,2025-10,Home & Garden,Mobile App,1,85.99,False
105576,2025-10-13,2025-10,Sports & Outdoors,Mobile App,3,239.01,False
105577,2025-10-16,2025-10,Apparel,Mobile App,2,63.11,False
105578,2025-10-13,2025-10,Sports & Outdoors,Mobile App,3,323.1,True
105579,2025-10-24,2025-10,Beauty,Website,2,63.62,False
105580,2025-10-02,2025-10,Home & Garden,Website,1,95.79,False
105581,2025-10-14,2025-10,Electronics,Website,3,243.7,False
105582,2025-10-11,2025-10,Apparel,Mobile App,1,62.65,False
105583,2025-10-29,2025-10,Apparel,Mobile App,3,134.75,False
105584,2025-10-06,2025-10,Home & Garden,Marketplace,1,82.71,False
105585,2025-10-02,2025-10,Electronics,Website,3,601.92,False
105586,2025-10-11,2025-10,Apparel,Website,3,111.92,False
105587,2025-10-13,2025-10,Electronics,Mobile App,1,140.52,False
105588,2025-10-07,2025-10,Sports & Outdoors,Website,3,205.2,False
105589,2025-10-05,2025-10,Sports & Outdoors,Mobile App,3,174.87,False
105590,2025-10-14,2025-10,Electronics,Mobile App,2,534.75,False
105591,2025-10-31,2025-10,Apparel,Mobile App,3,169.94,False
105592,2025-10-18,2025-10,Home & Garden,Website,3,339.49,False
105593,2025-10-22,2025-10,Beauty,Mobile App,1,14.24,False
105594,2025-10-07,2025-10,Electronics,Website,2,426.22,False
105595,2025-10-06,2025-10,Home & Garden,Mobile App,3,258.08,False
105596,2025-10-09,2025-10,Apparel,Website,1,59.03,False
105597,2025-10-27,2025-10,Apparel,Website,2,106.15,False
105598,2025-10-09,2025-10,Apparel,Website,1,43.96,False
105599,2025-10-12,2025-10,Beauty,Website,2,67.37,False
105600,2025-10-14,2025-10,Beauty,Mobile App,1,30.23,False
105601,2025-10-20,2025-10,Home & Garden,Website,3,223.64,False
105602,2025-10-08,2025-10,Beauty,Website,3,104.65,False
105603,2025-10-11,2025-10,Apparel,Website,3,133.09,True
105604,2025-10-26,2025-10,Beauty,Website,1,30.79,False
105605,2025-10-09,2025-10,Home & Garden,Website,2,96.63,True
105606,2025-10-09,2025-10,Sports & Outdoors,Website,2,249.19,False
105607,2025-10-22,2025-10,Apparel,Website,1,33.12,False
105608,2025-10-01,2025-10,Apparel,Website,2,134.16,False
105609,2025-10-15,2025-10,Electronics,Website,1,307.7,False
105610,2025-10-13,2025-10,Apparel,Mobile App,1,55.78,False
105611,2025-10-24,2025-10,Home & Garden,Website,3,170.55,False
105612,2025-10-02,2025-10,Apparel,Website,2,122.22,False
105613,2025-10-17,2025-10,Beauty,Mobile App,3,109.4,False
105614,2025-10-16,2025-10,Apparel,Website,3,112.64,False
105615,2025-10-23,2025-10,Electronics,Website,2,290.11,True
105616,2025-10-03,2025-10,Electronics,Marketplace,1,226.07,False
105617,2025-10-29,2025-10,Electronics,Website,3,437.87,False
105618,2025-10-13,2025-10,Electronics,Marketplace,2,239.07,False
105619,2025-10-04,2025-10,Apparel,Mobile App,2,72.73,False
105620,2025-10-07,2025-10,Sports & Outdoors,Website,2,130.7,False
105621,2025-10-25,2025-10,Sports & Outdoors,Website,2,161.14,False
105622,2025-10-08,2025-10,Beauty,Marketplace,1,56.78,False
105623,2025-10-17,2025-10,Apparel,Website,1,38.12,False
105624,2025-10-29,2025-10,Beauty,Website,3,95.14,False
105625,2025-10-08,2025-10,Beauty,Website,1,23.16,False
105626,2025-10-20,2025-10,Beauty,Website,3,98.57,False
105627,2025-10-05,2025-10,Sports & Outdoors,Website,1,130.48,True
105628,2025-10-05,2025-10,Apparel,Website,2,109.79,False
105629,2025-10-07,2025-10,Home & Garden,Website,2,195.44,False
105630,2025-10-06,2025-10,Home & Garden,Mobile App,2,87.59,False
105631,2025-10-25,2025-10,Apparel,Website,2,113.92,False
105632,2025-10-27,2025-10,Home & Garden,Website,2,123.31,False
105633,2025-10-22,2025-10,Apparel,Mobile App,1,61.27,False
105634,2025-10-20,2025-10,Apparel,Mobile App,3,153.37,False
105635,2025-10-30,2025-10,Apparel,Website,2,113.62,False
105636,2025-10-17,2025-10,Sports & Outdoors,Mobile App,2,173.94,False
105637,2025-10-03,2025-10,Beauty,Website,1,35.38,False
105638,2025-10-15,2025-10,Home & Garden,Website,1,56.84,False
105639,2025-10-16,2025-10,Electronics,Website,3,536.19,False
105640,2025-10-16,2025-10,Sports & Outdoors,Marketplace,1,79.26,False
105641,2025-10-11,2025-10,Apparel,Marketplace,1,45.5,False
105642,2025-10-27,2025-10,Electronics,Mobile App,2,354.85,False
105643,2025-10-30,2025-10,Beauty,Website,3,149.16,False
105644,2025-10-25,2025-10,Apparel,Website,1,35.61,False
105645,2025-10-25,2025-10,Electronics,Website,2,333.6,False
105646,2025-10-31,2025-10,Apparel,Website,2,200.53,False
105647,2025-10-30,2025-10,Electronics,Website,1,182.38,False
105648,2025-10-12,2025-10,Beauty,Marketplace,2,52.68,False
105649,2025-10-17,2025-10,Beauty,Website,3,197.32,False
105650,2025-10-10,2025-10,Home & Garden,Website,1,18.13,False
105651,2025-10-27,2025-10,Sports & Outdoors,Mobile App,2,161.09,False
105652,2025-10-25,2025-10,Apparel,Website,2,60.34,False
105653,2025-10-10,2025-10,Electronics,Mobile App,3,832.89,False
105654,2025-10-26,2025-10,Apparel,Marketplace,2,86.1,False
105655,2025-10-31,2025-10,Apparel,Mobile App,3,128.54,False
105656,2025-10-23,2025-10,Beauty,Marketplace,1,11.11,False
105657,2025-10-06,2025-10,Home & Garden,Website,3,188.88,False
105658,2025-10-14,2025-10,Beauty,Website,1,47.56,False
105659,2025-10-28,2025-10,Apparel,Website,3,157.63,False
105660,2025-10-26,2025-10,Home & Garden,Marketplace,1,39.91,False
105661,2025-10-06,2025-10,Home & Garden,Mobile App,1,37.79,False
105662,2025-10-29,2025-10,Sports & Outdoors,Website,2,80.83,False
105663,2025-10-04,2025-10,Electronics,Mobile App,3,596.69,False
105664,2025-10-04,2025-10,Apparel,Website,3,193.64,False
105665,2025-10-27,2025-10,Electronics,Website,2,180.07,False
105666,2025-10-17,2025-10,Beauty,Website,1,40.45,False
105667,2025-10-22,2025-10,Apparel,Website,2,96.28,False
105668,2025-10-31,2025-10,Electronics,Mobile App,2,351.8,False
105669,2025-10-14,2025-10,Home & Garden,Marketplace,1,73.7,False
105670,2025-10-23,2025-10,Sports & Outdoors,Website,2,226.31,False
105671,2025-10-11,2025-10,Beauty,Mobile App,1,26.39,False
105672,2025-10-05,2025-10,Electronics,Mobile App,1,175.55,False
105673,2025-10-03,2025-10,Electronics,Website,2,285.65,False
105674,2025-10-06,2025-10,Home & Garden,Mobile App,1,39.9,False
105675,2025-10-23,2025-10,Beauty,Mobile App,1,8.0,False
105676,2025-10-18,2025-10,Apparel,Website,2,48.36,False
105677,2025-10-08,2025-10,Apparel,Website,2,107.43,False
105678,2025-10-22,2025-10,Sports & Outdoors,Mobile App,2,204.31,False
105679,2025-10-06,2025-10,Electronics,Website,3,331.36,False
105680,2025-10-03,2025-10,Apparel,Website,3,171.63,False
105681,2025-10-31,2025-10,Home & Garden,Website,3,143.1,False
105682,2025-10-04,2025-10,Apparel,Marketplace,2,55.35,False
105683,2025-10-23,2025-10,Apparel,Marketplace,1,38.49,False
105684,2025-10-02,2025-10,Beauty,Mobile App,3,127.47,False
105685,2025-10-16,2025-10,Apparel,Mobile App,1,25.07,False
105686,2025-10-02,2025-10,Home & Garden,Website,1,80.56,False
105687,2025-10-02,2025-10,Home & Garden,Mobile App,2,119.47,False
105688,2025-10-08,2025-10,Sports & Outdoors,Marketplace,2,146.73,False
105689,2025-10-14,2025-10,Apparel,Website,2,91.81,False
105690,2025-10-13,2025-10,Home & Garden,Mobile App,3,177.54,False
105691,2025-10-31,2025-10,Electronics,Website,3,536.82,False
105692,2025-10-05,2025-10,Beauty,Website,2,88.7,False
105693,2025-10-14,2025-10,Home & Garden,Mobile App,2,271.66,False
105694,2025-10-18,2025-10,Electronics,Website,2,489.66,False
105695,2025-10-08,2025-10,Beauty,Mobile App,1,32.29,False
105696,2025-10-26,2025-10,Home & Garden,Mobile App,2,51.97,False
105697,2025-10-16,2025-10,Home & Garden,Website,1,53.86,False
105698,2025-10-28,2025-10,Apparel,Website,3,35.37,False
105699,2025-10-06,2025-10,Electronics,Website,3,359.91,False
105700,2025-10-31,2025-10,Electronics,Marketplace,1,164.18,False
105701,2025-10-28,2025-10,Home & Garden,Website,1,109.86,False
105702,2025-10-16,2025-10,Sports & Outdoors,Website,3,270.14,True
105703,2025-10-04,2025-10,Apparel,Mobile App,3,173.49,False
105704,2025-10-13,2025-10,Home & Garden,Website,1,56.79,False
105705,2025-10-25,2025-10,Home & Garden,Website,3,220.31,False
105706,2025-10-21,2025-10,Sports & Outdoors,Website,1,113.28,False
105707,2025-10-17,2025-10,Beauty,Mobile App,3,82.03,False
105708,2025-10-13,2025-10,Electronics,Mobile App,2,503.09,False
105709,2025-10-26,2025-10,Electronics,Website,1,212.06,False
105710,2025-10-26,2025-10,Sports & Outdoors,Website,3,150.53,False
105711,2025-10-30,2025-10,Electronics,Website,3,697.67,False
105712,2025-10-14,2025-10,Electronics,Mobile App,1,192.71,False
105713,2025-10-19,2025-10,Electronics,Website,3,287.59,False
105714,2025-10-27,2025-10,Electronics,Mobile App,3,276.07,False
105715,2025-10-11,2025-10,Beauty,Website,1,36.96,False
105716,2025-10-15,2025-10,Beauty,Website,3,34.82,False
105717,2025-10-09,2025-10,Apparel,Mobile App,1,50.73,False
105718,2025-10-22,2025-10,Apparel,Mobile App,1,10.65,False
105719,2025-10-09,2025-10,Apparel,Website,2,145.78,False
105720,2025-10-06,2025-10,Apparel,Website,2,91.46,False
105721,2025-10-22,2025-10,Electronics,Website,1,234.52,False
105722,2025-10-14,2025-10,Electronics,Website,1,264.88,False
105723,2025-10-23,2025-10,Apparel,Website,2,171.5,False
105724,2025-10-16,2025-10,Sports & Outdoors,Website,1,79.33,False
105725,2025-10-14,2025-10,Beauty,Website,2,69.2,False
105726,2025-10-21,2025-10,Beauty,Website,2,39.45,False
105727,2025-10-04,2025-10,Home & Garden,Mobile App,2,99.14,False
105728,2025-10-30,2025-10,Apparel,Website,1,53.04,False
105729,2025-10-09,2025-10,Sports & Outdoors,Marketplace,2,229.49,False
105730,2025-10-25,2025-10,Electronics,Website,1,170.83,False
105731,2025-10-31,2025-10,Apparel,Mobile App,2,42.62,False
105732,2025-10-19,2025-10,Apparel,Website,1,48.07,True
105733,2025-10-17,2025-10,Beauty,Website,3,132.22,False
105734,2025-10-03,2025-10,Home & Garden,Website,1,30.19,False
105735,2025-10-02,2025-10,Apparel,Website,2,90.75,True
105736,2025-10-20,2025-10,Apparel,Mobile App,3,112.47,False
105737,2025-10-28,2025-10,Apparel,Website,1,56.0,False
105738,2025-10-22,2025-10,Electronics,Mobile App,2,289.46,False
105739,2025-10-29,2025-10,Electronics,Marketplace,2,387.56,False
105740,2025-10-29,2025-10,Home & Garden,Marketplace,2,100.26,False
105741,2025-10-21,2025-10,Beauty,Website,3,199.25,False
105742,2025-10-11,2025-10,Beauty,Website,1,36.92,False
105743,2025-10-31,2025-10,Electronics,Website,3,168.36,False
105744,2025-10-03,2025-10,Electronics,Marketplace,3,764.82,False
105745,2025-10-22,2025-10,Sports & Outdoors,Website,1,116.99,False
105746,2025-10-11,2025-10,Electronics,Website,1,230.52,False
105747,2025-10-12,2025-10,Home & Garden,Website,1,59.79,False
105748,2025-10-29,2025-10,Sports & Outdoors,Website,2,108.59,True
105749,2025-10-23,2025-10,Electronics,Mobile App,3,718.76,True
105750,2025-10-01,2025-10,Home & Garden,Website,2,113.0,False
105751,2025-10-20,2025-10,Beauty,Website,2,40.84,False
105752,2025-10-14,2025-10,Electronics,Website,2,327.39,False
105753,2025-10-16,2025-10,Home & Garden,Website,2,190.47,False
105754,2025-10-08,2025-10,Electronics,Website,2,259.36,False
105755,2025-10-07,2025-10,Home & Garden,Website,3,129.83,False
105756,2025-10-30,2025-10,Apparel,Mobile App,3,235.99,True
105757,2025-10-03,2025-10,Apparel,Website,1,47.76,False
105758,2025-10-27,2025-10,Apparel,Website,1,25.76,False
105759,2025-10-10,2025-10,Electronics,Website,1,147.62,False
105760,2025-10-31,2025-10,Electronics,Mobile App,2,460.58,False
105761,2025-10-19,2025-10,Sports & Outdoors,Mobile App,1,110.5,False
105762,2025-10-03,2025-10,Apparel,Mobile App,2,74.82,False
105763,2025-10-21,2025-10,Apparel,Website,2,101.87,False
105764,2025-10-22,2025-10,Apparel,Website,1,66.29,False
105765,2025-10-12,2025-10,Electronics,Website,3,841.43,False
105766,2025-10-13,2025-10,Sports & Outdoors,Website,1,87.62,False
105767,2025-10-11,2025-10,Electronics,Mobile App,1,57.06,False
105768,2025-10-18,2025-10,Apparel,Mobile App,3,149.49,False
105769,2025-10-31,2025-10,Sports & Outdoors,Mobile App,3,317.84,False
105770,2025-10-04,2025-10,Sports & Outdoors,Website,3,350.39,False
105771,2025-10-31,2025-10,Beauty,Website,2,55.27,False
105772,2025-10-08,2025-10,Home & Garden,Website,2,164.44,False
105773,2025-10-04,2025-10,Electronics,Website,2,358.72,False
105774,2025-10-13,2025-10,Apparel,Mobile App,2,55.57,False
105775,2025-10-17,2025-10,Beauty,Website,3,107.98,False
105776,2025-10-06,2025-10,Sports & Outdoors,Marketplace,3,231.96,False
105777,2025-10-18,2025-10,Apparel,Mobile App,3,187.63,False
105778,2025-10-30,2025-10,Home & Garden,Marketplace,2,168.86,False
105779,2025-10-06,2025-10,Beauty,Mobile App,3,203.46,False
105780,2025-10-20,2025-10,Sports & Outdoors,Website,2,179.7,False
105781,2025-10-05,2025-10,Electronics,Mobile App,2,399.91,False
105782,2025-10-28,2025-10,Sports & Outdoors,Website,2,105.1,False
105783,2025-10-07,2025-10,Beauty,Mobile App,3,107.06,False
105784,2025-10-08,2025-10,Electronics,Mobile App,3,390.07,False
105785,2025-10-12,2025-10,Electronics,Website,1,192.56,False
105786,2025-10-11,2025-10,Sports & Outdoors,Website,2,223.17,False
105787,2025-10-24,2025-10,Apparel,Website,3,201.42,False
105788,2025-10-11,2025-10,Apparel,Mobile App,2,64.05,False
105789,2025-10-14,2025-10,Beauty,Marketplace,3,168.68,False
105790,2025-10-17,2025-10,Apparel,Mobile App,2,37.83,False
105791,2025-10-03,2025-10,Electronics,Website,2,337.45,False
105792,2025-10-29,2025-10,Home & Garden,Website,3,188.59,False
105793,2025-10-22,2025-10,Apparel,Website,3,175.55,False
105794,2025-10-29,2025-10,Apparel,Website,1,61.44,False
105795,2025-10-15,2025-10,Apparel,Mobile App,3,208.8,False
105796,2025-10-28,2025-10,Apparel,Website,3,144.4,False
105797,2025-10-18,2025-10,Electronics,Mobile App,3,544.16,False
105798,2025-10-27,2025-10,Home & Garden,Website,3,216.18,False
105799,2025-10-06,2025-10,Sports & Outdoors,Marketplace,1,41.31,False
105800,2025-10-25,2025-10,Electronics,Marketplace,2,91.76,False
105801,2025-10-13,2025-10,Home & Garden,Website,2,109.82,False
105802,2025-10-23,2025-10,Electronics,Marketplace,1,87.98,False
105803,2025-10-20,2025-10,Sports & Outdoors,Mobile App,3,227.47,False
105804,2025-10-14,2025-10,Electronics,Website,2,509.47,False
105805,2025-10-29,2025-10,Beauty,Website,3,120.19,False
105806,2025-10-05,2025-10,Apparel,Marketplace,2,83.48,False
105807,2025-10-04,2025-10,Beauty,Mobile App,2,62.34,False
105808,2025-10-14,2025-10,Apparel,Marketplace,1,37.06,False
105809,2025-10-16,2025-10,Apparel,Marketplace,2,70.62,False
105810,2025-10-03,2025-10,Beauty,Website,2,55.72,False
105811,2025-10-21,2025-10,Home & Garden,Mobile App,1,104.32,False
105812,2025-10-28,2025-10,Electronics,Mobile App,1,190.43,True
105813,2025-10-03,2025-10,Beauty,Mobile App,3,102.22,False
105814,2025-10-30,2025-10,Home & Garden,Mobile App,2,74.83,False
105815,2025-10-18,2025-10,Electronics,Mobile App,2,365.59,False
105816,2025-10-18,2025-10,Home & Garden,Mobile App,2,198.68,False
105817,2025-10-09,2025-10,Electronics,Website,1,229.15,False
105818,2025-10-01,2025-10,Beauty,Marketplace,1,52.02,False
105819,2025-10-17,2025-10,Beauty,Mobile App,1,37.63,False
105820,2025-10-29,2025-10,Beauty,Mobile App,2,43.11,False
105821,2025-10-13,2025-10,Apparel,Website,3,102.31,False
105822,2025-10-29,2025-10,Electronics,Website,3,201.81,False
105823,2025-10-07,2025-10,Apparel,Mobile App,1,49.72,False
105824,2025-10-13,2025-10,Beauty,Website,2,83.5,False
105825,2025-10-10,2025-10,Beauty,Website,2,80.22,False
105826,2025-10-02,2025-10,Sports & Outdoors,Website,3,433.62,False
105827,2025-10-12,2025-10,Home & Garden,Website,3,197.51,False
105828,2025-10-26,2025-10,Beauty,Marketplace,3,71.95,False
105829,2025-10-18,2025-10,Sports & Outdoors,Website,1,29.75,False
105830,2025-10-07,2025-10,Electronics,Website,1,180.98,False
105831,2025-10-29,2025-10,Home & Garden,Mobile App,2,185.62,False
105832,2025-10-08,2025-10,Apparel,Website,3,65.96,False
105833,2025-10-21,2025-10,Apparel,Marketplace,3,170.67,False
105834,2025-10-20,2025-10,Sports & Outdoors,Mobile App,1,79.22,True
105835,2025-10-18,2025-10,Apparel,Website,2,72.22,False
105836,2025-10-12,2025-10,Electronics,Website,1,136.49,True
105837,2025-10-15,2025-10,Apparel,Marketplace,2,131.3,False
105838,2025-10-09,2025-10,Beauty,Website,2,45.43,False
105839,2025-10-24,2025-10,Apparel,Marketplace,1,30.95,False
105840,2025-10-13,2025-10,Electronics,Website,3,693.98,False
105841,2025-10-14,2025-10,Beauty,Website,2,86.23,False
105842,2025-10-03,2025-10,Apparel,Website,2,85.84,False
105843,2025-10-06,2025-10,Electronics,Mobile App,2,259.03,False
105844,2025-10-10,2025-10,Electronics,Website,1,269.41,False
105845,2025-10-29,2025-10,Sports & Outdoors,Website,2,205.09,False
105846,2025-10-23,2025-10,Beauty,Marketplace,2,52.14,False
105847,2025-10-15,2025-10,Sports & Outdoors,Mobile App,2,132.75,False
105848,2025-11-21,2025-11,Apparel,Mobile App,2,116.1,False
105849,2025-11-18,2025-11,Apparel,Website,2,164.52,False
105850,2025-11-20,2025-11,Electronics,Mobile App,3,413.36,False
105851,2025-11-25,2025-11,Electronics,Mobile App,1,94.26,False
105852,2025-11-21,2025-11,Apparel,Mobile App,2,51.5,False
105853,2025-11-30,2025-11,Sports & Outdoors,Mobile App,2,137.23,False
105854,2025-11-12,2025-11,Apparel,Website,3,126.07,False
105855,2025-11-23,2025-11,Sports & Outdoors,Mobile App,3,341.61,False
105856,2025-11-28,2025-11,Home & Garden,Website,2,172.91,False
105857,2025-11-03,2025-11,Home & Garden,Mobile App,1,46.56,False
105858,2025-11-07,2025-11,Beauty,Website,1,32.82,False
105859,2025-11-27,2025-11,Sports & Outdoors,Website,3,187.7,False
105860,2025-11-28,2025-11,Apparel,Website,3,100.46,False
105861,2025-11-12,2025-11,Electronics,Mobile App,3,198.07,False
105862,2025-11-22,2025-11,Electronics,Mobile App,1,139.31,False
105863,2025-11-28,2025-11,Home & Garden,Mobile App,1,79.31,False
105864,2025-11-06,2025-11,Beauty,Mobile App,3,105.53,False
105865,2025-11-11,2025-11,Home & Garden,Marketplace,1,103.58,False
105866,2025-11-18,2025-11,Sports & Outdoors,Mobile App,3,287.86,False
105867,2025-11-15,2025-11,Home & Garden,Mobile App,2,168.18,False
105868,2025-11-06,2025-11,Apparel,Website,3,73.29,False
105869,2025-11-05,2025-11,Electronics,Website,2,444.05,False
105870,2025-11-19,2025-11,Sports & Outdoors,Mobile App,1,102.94,False
105871,2025-11-23,2025-11,Electronics,Marketplace,3,574.86,False
105872,2025-11-08,2025-11,Apparel,Mobile App,2,16.59,False
105873,2025-11-17,2025-11,Apparel,Website,1,51.72,False
105874,2025-11-01,2025-11,Home & Garden,Mobile App,3,162.93,False
105875,2025-11-04,2025-11,Electronics,Website,2,290.32,False
105876,2025-11-08,2025-11,Electronics,Website,1,255.57,True
105877,2025-11-27,2025-11,Electronics,Website,3,508.3,False
105878,2025-11-05,2025-11,Beauty,Marketplace,2,96.16,False
105879,2025-11-03,2025-11,Beauty,Website,2,81.17,False
105880,2025-11-28,2025-11,Apparel,Website,3,174.75,False
105881,2025-11-18,2025-11,Beauty,Website,1,49.12,False
105882,2025-11-06,2025-11,Apparel,Mobile App,3,163.18,False
105883,2025-11-22,2025-11,Home & Garden,Mobile App,3,314.21,False
105884,2025-11-02,2025-11,Apparel,Website,3,93.77,False
105885,2025-11-10,2025-11,Sports & Outdoors,Website,1,76.62,False
105886,2025-11-05,2025-11,Home & Garden,Marketplace,2,135.84,False
105887,2025-11-04,2025-11,Home & Garden,Marketplace,3,329.73,False
105888,2025-11-12,2025-11,Electronics,Website,2,154.98,False
105889,2025-11-26,2025-11,Sports & Outdoors,Marketplace,3,282.58,False
105890,2025-11-13,2025-11,Home & Garden,Marketplace,1,72.25,False
105891,2025-11-26,2025-11,Electronics,Website,2,189.53,False
105892,2025-11-05,2025-11,Electronics,Mobile App,3,278.54,False
105893,2025-11-20,2025-11,Beauty,Marketplace,2,63.76,False
105894,2025-11-22,2025-11,Electronics,Website,2,395.84,False
105895,2025-11-17,2025-11,Electronics,Website,3,456.04,False
105896,2025-11-24,2025-11,Apparel,Website,1,34.64,False
105897,2025-11-30,2025-11,Apparel,Website,2,61.02,False
105898,2025-11-01,2025-11,Apparel,Mobile App,1,82.84,False
105899,2025-11-16,2025-11,Beauty,Website,1,22.16,False
105900,2025-11-02,2025-11,Electronics,Mobile App,1,214.47,False
105901,2025-11-22,2025-11,Electronics,Website,2,215.09,False
105902,2025-11-11,2025-11,Electronics,Website,1,242.55,False
105903,2025-11-13,2025-11,Home & Garden,Mobile App,3,327.84,False
105904,2025-11-13,2025-11,Sports & Outdoors,Marketplace,2,112.58,False
105905,2025-11-02,2025-11,Beauty,Website,3,55.44,False
105906,2025-11-14,2025-11,Home & Garden,Website,1,72.53,False
105907,2025-11-13,2025-11,Sports & Outdoors,Mobile App,3,201.77,False
105908,2025-11-09,2025-11,Home & Garden,Mobile App,2,150.95,False
105909,2025-11-16,2025-11,Home & Garden,Mobile App,2,77.67,False
105910,2025-11-10,2025-11,Apparel,Website,1,27.24,False
105911,2025-11-28,2025-11,Apparel,Mobile App,1,57.42,False
105912,2025-11-28,2025-11,Electronics,Website,1,168.95,True
105913,2025-11-08,2025-11,Apparel,Mobile App,2,106.0,False
105914,2025-11-01,2025-11,Electronics,Website,3,317.35,False
105915,2025-11-28,2025-11,Sports & Outdoors,Website,2,201.12,False
105916,2025-11-24,2025-11,Sports & Outdoors,Mobile App,2,167.53,False
105917,2025-11-30,2025-11,Apparel,Website,2,106.6,False
105918,2025-11-21,2025-11,Sports & Outdoors,Website,3,238.74,False
105919,2025-11-18,2025-11,Apparel,Website,2,106.18,False
105920,2025-11-26,2025-11,Apparel,Website,2,107.34,True
105921,2025-11-08,2025-11,Sports & Outdoors,Website,1,94.03,False
105922,2025-11-18,2025-11,Home & Garden,Mobile App,2,209.31,False
105923,2025-11-14,2025-11,Sports & Outdoors,Website,2,128.59,False
105924,2025-11-30,2025-11,Apparel,Mobile App,3,203.76,False
105925,2025-11-28,2025-11,Apparel,Website,2,163.6,False
105926,2025-11-28,2025-11,Apparel,Mobile App,1,27.74,False
105927,2025-11-11,2025-11,Electronics,Mobile App,3,756.39,False
105928,2025-11-06,2025-11,Apparel,Website,3,174.88,False
105929,2025-11-03,2025-11,Beauty,Website,2,98.25,True
105930,2025-11-29,2025-11,Electronics,Mobile App,3,415.62,False
105931,2025-11-11,2025-11,Beauty,Mobile App,3,61.65,False
105932,2025-11-01,2025-11,Apparel,Website,2,77.91,False
105933,2025-11-30,2025-11,Beauty,Website,3,117.95,False
105934,2025-11-15,2025-11,Apparel,Website,2,120.09,False
105935,2025-11-18,2025-11,Apparel,Website,1,71.12,False
105936,2025-11-17,2025-11,Electronics,Marketplace,2,358.94,False
105937,2025-11-29,2025-11,Beauty,Website,3,38.96,False
105938,2025-11-11,2025-11,Electronics,Mobile App,1,219.92,False
105939,2025-11-09,2025-11,Electronics,Mobile App,1,250.84,False
105940,2025-11-25,2025-11,Sports & Outdoors,Website,1,47.84,False
105941,2025-11-29,2025-11,Home & Garden,Mobile App,2,70.23,False
105942,2025-11-19,2025-11,Home & Garden,Mobile App,1,48.62,False
105943,2025-11-11,2025-11,Electronics,Website,3,473.79,False
105944,2025-11-14,2025-11,Apparel,Website,1,22.97,False
105945,2025-11-20,2025-11,Sports & Outdoors,Website,3,104.98,False
105946,2025-11-22,2025-11,Beauty,Mobile App,1,22.54,False
105947,2025-11-22,2025-11,Electronics,Website,3,497.15,False
105948,2025-11-16,2025-11,Beauty,Website,2,83.92,False
105949,2025-11-19,2025-11,Home & Garden,Mobile App,3,194.63,True
105950,2025-11-14,2025-11,Apparel,Website,2,102.33,False
105951,2025-11-17,2025-11,Apparel,Website,3,136.12,False
105952,2025-11-06,2025-11,Sports & Outdoors,Mobile App,3,393.09,False
105953,2025-11-04,2025-11,Electronics,Mobile App,1,195.22,False
105954,2025-11-21,2025-11,Beauty,Website,2,24.75,False
105955,2025-11-27,2025-11,Sports & Outdoors,Website,1,53.93,False
105956,2025-11-07,2025-11,Home & Garden,Website,1,65.36,False
105957,2025-11-17,2025-11,Home & Garden,Website,2,194.95,False
105958,2025-11-08,2025-11,Beauty,Mobile App,1,21.3,False
105959,2025-11-22,2025-11,Apparel,Mobile App,2,91.05,False
105960,2025-11-17,2025-11,Apparel,Mobile App,2,133.84,False
105961,2025-11-03,2025-11,Home & Garden,Mobile App,3,205.85,False
105962,2025-11-06,2025-11,Apparel,Marketplace,1,69.35,False
105963,2025-11-13,2025-11,Beauty,Website,3,105.87,False
105964,2025-11-05,2025-11,Apparel,Website,2,119.54,False
105965,2025-11-18,2025-11,Electronics,Mobile App,2,298.8,False
105966,2025-11-15,2025-11,Apparel,Website,1,62.58,False
105967,2025-11-22,2025-11,Electronics,Mobile App,3,282.83,False
105968,2025-11-21,2025-11,Home & Garden,Website,2,102.16,False
105969,2025-11-28,2025-11,Apparel,Mobile App,1,41.01,True
105970,2025-11-28,2025-11,Electronics,Website,2,246.15,False
105971,2025-11-30,2025-11,Apparel,Website,1,65.29,False
105972,2025-11-29,2025-11,Sports & Outdoors,Website,2,175.31,False
105973,2025-11-02,2025-11,Home & Garden,Mobile App,3,133.91,False
105974,2025-11-03,2025-11,Electronics,Marketplace,2,252.58,False
105975,2025-11-18,2025-11,Apparel,Mobile App,2,69.47,False
105976,2025-11-19,2025-11,Electronics,Mobile App,3,701.06,False
105977,2025-11-06,2025-11,Apparel,Website,2,85.01,False
105978,2025-11-21,2025-11,Apparel,Website,2,45.37,False
105979,2025-11-10,2025-11,Beauty,Mobile App,3,158.13,False
105980,2025-11-04,2025-11,Beauty,Mobile App,3,137.19,False
105981,2025-11-28,2025-11,Apparel,Website,3,52.94,False
105982,2025-11-18,2025-11,Home & Garden,Website,3,166.12,False
105983,2025-11-04,2025-11,Apparel,Marketplace,3,93.51,False
105984,2025-11-29,2025-11,Beauty,Mobile App,2,65.08,False
105985,2025-11-18,2025-11,Sports & Outdoors,Mobile App,1,152.78,False
105986,2025-11-29,2025-11,Sports & Outdoors,Mobile App,2,151.77,False
105987,2025-11-30,2025-11,Electronics,Mobile App,1,141.35,False
105988,2025-11-21,2025-11,Apparel,Website,1,12.55,False
105989,2025-11-19,2025-11,Apparel,Mobile App,3,102.57,False
105990,2025-11-02,2025-11,Apparel,Mobile App,1,32.56,False
105991,2025-11-20,2025-11,Apparel,Mobile App,1,61.31,False
105992,2025-11-02,2025-11,Home & Garden,Website,2,221.17,False
105993,2025-11-27,2025-11,Electronics,Website,3,699.85,False
105994,2025-11-24,2025-11,Beauty,Mobile App,2,68.06,False
105995,2025-11-09,2025-11,Apparel,Marketplace,1,18.28,False
105996,2025-11-16,2025-11,Sports & Outdoors,Website,2,228.7,False
105997,2025-11-09,2025-11,Apparel,Website,1,57.32,False
105998,2025-11-07,2025-11,Sports & Outdoors,Marketplace,3,170.7,False
105999,2025-11-01,2025-11,Apparel,Mobile App,1,26.16,False
106000,2025-11-10,2025-11,Electronics,Website,2,441.4,False
106001,2025-11-28,2025-11,Home & Garden,Website,2,203.23,False
106002,2025-11-06,2025-11,Sports & Outdoors,Website,2,259.63,False
106003,2025-11-04,2025-11,Beauty,Mobile App,3,111.8,False
106004,2025-11-13,2025-11,Apparel,Website,1,94.3,False
106005,2025-11-14,2025-11,Apparel,Website,2,106.94,False
106006,2025-11-21,2025-11,Sports & Outdoors,Website,2,229.56,False
106007,2025-11-17,2025-11,Apparel,Website,1,67.34,False
106008,2025-11-30,2025-11,Sports & Outdoors,Mobile App,1,22.78,False
106009,2025-11-03,2025-11,Beauty,Website,1,35.05,False
106010,2025-11-27,2025-11,Electronics,Mobile App,1,57.45,False
106011,2025-11-19,2025-11,Apparel,Website,1,58.65,False
106012,2025-11-09,2025-11,Apparel,Marketplace,3,75.06,False
106013,2025-11-23,2025-11,Beauty,Mobile App,3,166.41,False
106014,2025-11-16,2025-11,Electronics,Marketplace,3,475.86,False
106015,2025-11-09,2025-11,Home & Garden,Website,3,145.49,False
106016,2025-11-17,2025-11,Electronics,Mobile App,2,268.63,False
106017,2025-11-26,2025-11,Electronics,Website,2,370.41,False
106018,2025-11-14,2025-11,Beauty,Marketplace,2,101.61,False
106019,2025-11-22,2025-11,Electronics,Mobile App,2,293.42,False
106020,2025-11-18,2025-11,Home & Garden,Website,3,232.07,False
106021,2025-11-12,2025-11,Sports & Outdoors,Marketplace,1,66.59,False
106022,2025-11-23,2025-11,Apparel,Website,1,55.86,False
106023,2025-11-19,2025-11,Electronics,Website,1,162.48,False
106024,2025-11-21,2025-11,Electronics,Website,3,570.92,True
106025,2025-11-14,2025-11,Sports & Outdoors,Website,3,232.04,False
106026,2025-11-29,2025-11,Electronics,Marketplace,2,435.4,False
106027,2025-11-18,2025-11,Electronics,Mobile App,1,225.89,False
106028,2025-11-26,2025-11,Sports & Outdoors,Website,1,82.37,False
106029,2025-11-26,2025-11,Home & Garden,Website,2,139.53,False
106030,2025-11-26,2025-11,Home & Garden,Mobile App,3,156.28,True
106031,2025-11-16,2025-11,Apparel,Website,1,57.63,True
106032,2025-11-06,2025-11,Electronics,Mobile App,1,128.51,False
106033,2025-11-17,2025-11,Home & Garden,Website,1,97.27,False
106034,2025-11-22,2025-11,Beauty,Mobile App,3,111.12,False
106035,2025-11-24,2025-11,Sports & Outdoors,Mobile App,1,91.34,False
106036,2025-11-14,2025-11,Beauty,Website,1,32.05,True
106037,2025-11-18,2025-11,Apparel,Website,3,193.11,False
106038,2025-11-01,2025-11,Sports & Outdoors,Website,2,209.73,False
106039,2025-11-28,2025-11,Beauty,Website,1,40.84,False
106040,2025-11-17,2025-11,Apparel,Website,1,51.22,False
106041,2025-11-13,2025-11,Sports & Outdoors,Mobile App,3,228.26,False
106042,2025-11-11,2025-11,Home & Garden,Website,3,303.67,False
106043,2025-11-11,2025-11,Beauty,Marketplace,2,51.51,False
106044,2025-11-10,2025-11,Electronics,Mobile App,1,186.04,False
106045,2025-11-05,2025-11,Electronics,Website,2,563.7,False
106046,2025-11-01,2025-11,Apparel,Website,1,67.0,False
106047,2025-11-08,2025-11,Home & Garden,Mobile App,2,149.07,False
106048,2025-11-24,2025-11,Apparel,Website,3,160.76,False
106049,2025-11-26,2025-11,Home & Garden,Marketplace,1,93.79,False
106050,2025-11-21,2025-11,Sports & Outdoors,Marketplace,1,101.57,False
106051,2025-11-07,2025-11,Sports & Outdoors,Website,3,456.41,False
106052,2025-11-20,2025-11,Home & Garden,Website,1,102.69,False
106053,2025-11-03,2025-11,Apparel,Website,1,39.1,False
106054,2025-11-29,2025-11,Beauty,Website,1,54.55,False
106055,2025-11-20,2025-11,Apparel,Mobile App,1,69.24,False
106056,2025-11-07,2025-11,Electronics,Website,3,283.88,False
106057,2025-11-02,2025-11,Home & Garden,Website,2,58.16,False
106058,2025-11-20,2025-11,Beauty,Mobile App,2,54.72,False
106059,2025-11-20,2025-11,Sports & Outdoors,Website,1,108.77,False
106060,2025-11-17,2025-11,Home & Garden,Mobile App,2,212.74,False
106061,2025-11-21,2025-11,Sports & Outdoors,Website,2,63.68,False
106062,2025-11-07,2025-11,Electronics,Website,2,325.81,False
106063,2025-11-23,2025-11,Apparel,Marketplace,3,60.02,False
106064,2025-11-10,2025-11,Apparel,Mobile App,1,25.64,False
106065,2025-11-25,2025-11,Sports & Outdoors,Website,1,93.74,False
106066,2025-11-07,2025-11,Beauty,Website,3,117.84,False
106067,2025-11-15,2025-11,Home & Garden,Mobile App,2,131.99,False
106068,2025-11-28,2025-11,Sports & Outdoors,Website,1,103.47,False
106069,2025-11-22,2025-11,Electronics,Website,2,290.2,False
106070,2025-11-01,2025-11,Apparel,Website,1,34.21,False
106071,2025-11-23,2025-11,Electronics,Marketplace,1,219.56,False
106072,2025-11-11,2025-11,Beauty,Marketplace,2,36.22,False
106073,2025-11-13,2025-11,Electronics,Mobile App,2,277.15,False
106074,2025-11-03,2025-11,Apparel,Mobile App,2,97.1,False
106075,2025-11-10,2025-11,Apparel,Website,1,36.9,False
106076,2025-11-18,2025-11,Electronics,Marketplace,2,344.97,False
106077,2025-11-26,2025-11,Beauty,Mobile App,2,85.14,False
106078,2025-11-04,2025-11,Beauty,Mobile App,1,23.44,False
106079,2025-11-25,2025-11,Beauty,Mobile App,2,16.0,False
106080,2025-11-22,2025-11,Sports & Outdoors,Marketplace,3,182.47,False
106081,2025-11-15,2025-11,Apparel,Website,1,48.68,False
106082,2025-11-24,2025-11,Electronics,Mobile App,2,239.93,False
106083,2025-11-28,2025-11,Home & Garden,Mobile App,2,181.86,False
106084,2025-11-11,2025-11,Home & Garden,Marketplace,2,87.23,False
106085,2025-11-14,2025-11,Apparel,Website,2,122.71,False
106086,2025-11-21,2025-11,Beauty,Mobile App,1,39.36,False
106087,2025-11-11,2025-11,Sports & Outdoors,Marketplace,2,158.89,False
106088,2025-11-02,2025-11,Beauty,Website,3,128.27,False
106089,2025-11-21,2025-11,Home & Garden,Website,3,128.49,False
106090,2025-11-11,2025-11,Electronics,Website,2,66.05,False
106091,2025-11-26,2025-11,Home & Garden,Website,1,38.4,False
106092,2025-11-10,2025-11,Electronics,Website,3,344.53,False
106093,2025-11-23,2025-11,Electronics,Website,1,146.98,False
106094,2025-11-07,2025-11,Beauty,Mobile App,1,29.31,False
106095,2025-11-21,2025-11,Home & Garden,Mobile App,2,106.21,True
106096,2025-11-21,2025-11,Beauty,Marketplace,2,75.08,False
106097,2025-11-17,2025-11,Sports & Outdoors,Website,1,108.0,False
106098,2025-11-22,2025-11,Apparel,Website,1,18.81,False
106099,2025-11-25,2025-11,Apparel,Mobile App,2,89.94,False
106100,2025-11-19,2025-11,Sports & Outdoors,Mobile App,3,191.61,False
106101,2025-11-30,2025-11,Electronics,Website,2,207.8,False
106102,2025-11-07,2025-11,Apparel,Marketplace,3,195.22,True
106103,2025-11-22,2025-11,Sports & Outdoors,Mobile App,3,197.0,False
106104,2025-11-05,2025-11,Beauty,Mobile App,2,50.6,False
106105,2025-11-23,2025-11,Beauty,Website,3,154.96,True
106106,2025-11-26,2025-11,Apparel,Marketplace,2,37.07,False
106107,2025-11-06,2025-11,Apparel,Website,3,98.66,False
106108,2025-11-04,2025-11,Apparel,Mobile App,3,153.59,False
106109,2025-11-13,2025-11,Beauty,Marketplace,2,66.87,False
106110,2025-11-20,2025-11,Electronics,Marketplace,1,206.98,False
106111,2025-11-21,2025-11,Apparel,Mobile App,1,38.14,False
106112,2025-11-05,2025-11,Beauty,Website,2,73.55,False
106113,2025-11-04,2025-11,Sports & Outdoors,Mobile App,1,27.41,False
106114,2025-11-06,2025-11,Home & Garden,Website,2,244.23,False
106115,2025-11-03,2025-11,Electronics,Mobile App,3,335.48,False
106116,2025-11-09,2025-11,Electronics,Mobile App,1,25.99,False
106117,2025-11-21,2025-11,Beauty,Website,3,91.09,False
106118,2025-11-18,2025-11,Electronics,Mobile App,1,184.83,False
106119,2025-11-23,2025-11,Electronics,Website,1,171.13,False
106120,2025-11-08,2025-11,Apparel,Website,2,96.79,False
106121,2025-11-22,2025-11,Home & Garden,Website,2,37.2,False
106122,2025-11-06,2025-11,Beauty,Website,1,44.3,False
106123,2025-11-01,2025-11,Sports & Outdoors,Marketplace,1,112.71,False
106124,2025-11-12,2025-11,Electronics,Website,2,315.71,False
106125,2025-11-01,2025-11,Electronics,Mobile App,1,166.41,False
106126,2025-11-30,2025-11,Apparel,Website,3,119.18,False
106127,2025-11-13,2025-11,Sports & Outdoors,Website,3,385.43,False
106128,2025-11-10,2025-11,Apparel,Mobile App,3,128.75,False
106129,2025-11-26,2025-11,Beauty,Mobile App,1,37.47,False
106130,2025-11-03,2025-11,Home & Garden,Mobile App,2,153.51,False
106131,2025-11-23,2025-11,Sports & Outdoors,Marketplace,1,89.79,False
106132,2025-11-21,2025-11,Beauty,Website,2,66.08,False
106133,2025-11-04,2025-11,Sports & Outdoors,Mobile App,3,234.68,False
106134,2025-11-28,2025-11,Apparel,Website,3,75.43,False
106135,2025-11-20,2025-11,Beauty,Marketplace,2,60.84,False
106136,2025-11-04,2025-11,Home & Garden,Website,2,57.05,False
106137,2025-11-10,2025-11,Electronics,Website,3,627.15,False
106138,2025-11-01,2025-11,Beauty,Mobile App,3,143.71,False
106139,2025-11-06,2025-11,Sports & Outdoors,Website,2,202.99,False
106140,2025-11-22,2025-11,Home & Garden,Mobile App,1,61.6,False
106141,2025-11-22,2025-11,Apparel,Mobile App,2,99.81,False
106142,2025-11-03,2025-11,Sports & Outdoors,Website,1,41.33,False
106143,2025-11-08,2025-11,Home & Garden,Mobile App,3,328.57,False
106144,2025-11-30,2025-11,Apparel,Mobile App,2,113.47,False
106145,2025-11-20,2025-11,Beauty,Website,2,42.94,False
106146,2025-11-04,2025-11,Apparel,Website,3,84.2,False
106147,2025-11-19,2025-11,Home & Garden,Website,1,83.29,False
106148,2025-11-17,2025-11,Beauty,Mobile App,2,71.34,False
106149,2025-11-04,2025-11,Apparel,Website,2,29.02,False
106150,2025-11-24,2025-11,Home & Garden,Mobile App,1,82.11,True
106151,2025-11-03,2025-11,Beauty,Mobile App,3,101.32,False
106152,2025-11-23,2025-11,Beauty,Website,1,56.38,False
106153,2025-11-25,2025-11,Electronics,Website,3,804.04,False
106154,2025-11-27,2025-11,Home & Garden,Website,3,240.33,False
106155,2025-11-19,2025-11,Electronics,Website,2,258.38,False
106156,2025-11-10,2025-11,Sports & Outdoors,Mobile App,1,99.79,False
106157,2025-11-19,2025-11,Sports & Outdoors,Website,3,156.64,False
106158,2025-11-01,2025-11,Beauty,Website,2,89.34,False
106159,2025-11-29,2025-11,Beauty,Website,2,85.41,False
106160,2025-11-13,2025-11,Sports & Outdoors,Mobile App,2,268.19,False
106161,2025-11-29,2025-11,Apparel,Mobile App,2,86.63,False
106162,2025-11-21,2025-11,Electronics,Website,1,103.31,False
106163,2025-11-28,2025-11,Home & Garden,Mobile App,3,337.18,False
106164,2025-11-21,2025-11,Apparel,Website,3,208.19,False
106165,2025-11-19,2025-11,Home & Garden,Website,2,156.67,False
106166,2025-11-21,2025-11,Beauty,Mobile App,2,59.66,False
106167,2025-11-05,2025-11,Electronics,Mobile App,2,287.61,False
106168,2025-11-08,2025-11,Electronics,Website,2,499.4,False
106169,2025-11-12,2025-11,Electronics,Website,2,455.83,False
106170,2025-11-29,2025-11,Beauty,Website,1,34.86,False
106171,2025-11-15,2025-11,Beauty,Website,2,104.66,False
106172,2025-11-10,2025-11,Apparel,Website,2,59.5,False
106173,2025-11-13,2025-11,Beauty,Mobile App,2,81.07,False
106174,2025-11-25,2025-11,Beauty,Mobile App,2,50.05,False
106175,2025-11-10,2025-11,Electronics,Marketplace,3,523.54,False
106176,2025-11-25,2025-11,Home & Garden,Website,1,64.74,False
106177,2025-11-15,2025-11,Apparel,Mobile App,2,84.53,False
106178,2025-11-13,2025-11,Apparel,Marketplace,2,89.34,False
106179,2025-11-09,2025-11,Home & Garden,Mobile App,1,85.71,False
106180,2025-11-01,2025-11,Beauty,Website,3,76.43,False
106181,2025-11-30,2025-11,Apparel,Website,1,54.53,True
106182,2025-11-07,2025-11,Sports & Outdoors,Website,3,242.06,False
106183,2025-11-01,2025-11,Beauty,Website,3,110.91,False
106184,2025-11-07,2025-11,Home & Garden,Website,1,54.55,False
106185,2025-11-21,2025-11,Beauty,Mobile App,1,44.93,False
106186,2025-11-25,2025-11,Apparel,Website,1,43.17,False
106187,2025-11-01,2025-11,Electronics,Marketplace,1,184.59,False
106188,2025-11-14,2025-11,Electronics,Website,2,363.25,False
106189,2025-11-11,2025-11,Electronics,Mobile App,3,405.53,False
106190,2025-11-22,2025-11,Electronics,Website,1,187.93,False
106191,2025-11-12,2025-11,Electronics,Website,2,491.41,False
106192,2025-11-17,2025-11,Sports & Outdoors,Mobile App,3,222.43,False
106193,2025-11-23,2025-11,Home & Garden,Marketplace,1,87.52,False
106194,2025-11-06,2025-11,Sports & Outdoors,Website,1,75.47,True
106195,2025-11-14,2025-11,Apparel,Mobile App,1,78.87,False
106196,2025-11-29,2025-11,Sports & Outdoors,Website,2,167.08,True
106197,2025-11-22,2025-11,Home & Garden,Website,2,206.02,True
106198,2025-11-27,2025-11,Home & Garden,Website,1,92.53,False
106199,2025-11-01,2025-11,Home & Garden,Website,1,27.74,False
106200,2025-11-28,2025-11,Home & Garden,Website,3,195.96,False
106201,2025-11-27,2025-11,Home & Garden,Website,1,33.2,False
106202,2025-11-02,2025-11,Home & Garden,Website,1,51.98,False
106203,2025-11-23,2025-11,Electronics,Website,2,201.62,True
106204,2025-11-16,2025-11,Electronics,Website,1,173.99,False
106205,2025-11-14,2025-11,Apparel,Website,2,101.64,False
106206,2025-11-20,2025-11,Apparel,Mobile App,1,42.78,False
106207,2025-11-24,2025-11,Home & Garden,Mobile App,3,223.49,False
106208,2025-11-14,2025-11,Beauty,Website,1,50.57,False
106209,2025-11-26,2025-11,Apparel,Mobile App,3,95.22,False
106210,2025-11-26,2025-11,Beauty,Mobile App,3,78.28,False
106211,2025-11-28,2025-11,Beauty,Mobile App,2,77.63,False
106212,2025-11-27,2025-11,Electronics,Mobile App,3,337.41,False
106213,2025-11-26,2025-11,Home & Garden,Mobile App,2,225.74,False
106214,2025-11-04,2025-11,Electronics,Website,3,692.51,False
106215,2025-11-12,2025-11,Apparel,Marketplace,1,55.66,False
106216,2025-11-22,2025-11,Home & Garden,Marketplace,2,140.95,False
106217,2025-11-26,2025-11,Sports & Outdoors,Website,3,24.0,False
106218,2025-11-05,2025-11,Apparel,Website,1,49.86,True
106219,2025-11-16,2025-11,Beauty,Marketplace,1,21.78,False
106220,2025-11-13,2025-11,Electronics,Website,3,660.87,False
106221,2025-11-17,2025-11,Electronics,Marketplace,2,223.96,False
106222,2025-11-23,2025-11,Apparel,Marketplace,2,55.22,False
106223,2025-11-17,2025-11,Electronics,Website,2,319.46,False
106224,2025-11-27,2025-11,Beauty,Website,2,94.17,False
106225,2025-11-29,2025-11,Electronics,Website,2,481.51,False
106226,2025-11-14,2025-11,Electronics,Mobile App,1,152.87,False
106227,2025-11-10,2025-11,Electronics,Mobile App,1,195.96,False
106228,2025-11-09,2025-11,Electronics,Mobile App,1,218.3,False
106229,2025-11-11,2025-11,Apparel,Mobile App,3,201.49,False
106230,2025-11-20,2025-11,Sports & Outdoors,Mobile App,1,93.96,False
106231,2025-11-08,2025-11,Sports & Outdoors,Website,3,271.52,False
106232,2025-11-23,2025-11,Home & Garden,Website,2,148.74,False
106233,2025-11-06,2025-11,Apparel,Website,1,8.0,False
106234,2025-11-06,2025-11,Sports & Outdoors,Mobile App,2,233.79,False
106235,2025-11-16,2025-11,Sports & Outdoors,Mobile App,1,116.8,False
106236,2025-11-11,2025-11,Electronics,Website,2,398.19,False
106237,2025-11-14,2025-11,Apparel,Mobile App,2,76.1,False
106238,2025-11-11,2025-11,Apparel,Mobile App,3,68.21,False
106239,2025-11-18,2025-11,Electronics,Website,3,327.53,False
106240,2025-11-12,2025-11,Beauty,Website,2,34.02,True
106241,2025-11-02,2025-11,Home & Garden,Mobile App,2,114.77,False
106242,2025-11-13,2025-11,Apparel,Website,1,47.53,False
106243,2025-11-23,2025-11,Apparel,Mobile App,3,84.75,False
106244,2025-11-30,2025-11,Sports & Outdoors,Website,3,262.28,False
106245,2025-11-21,2025-11,Apparel,Website,1,67.58,False
106246,2025-11-08,2025-11,Sports & Outdoors,Mobile App,3,297.18,False
106247,2025-11-14,2025-11,Apparel,Website,2,104.58,False
106248,2025-11-16,2025-11,Apparel,Mobile App,1,65.34,False
106249,2025-11-03,2025-11,Home & Garden,Website,2,118.61,False
106250,2025-11-02,2025-11,Apparel,Mobile App,3,146.82,False
106251,2025-11-22,2025-11,Home & Garden,Mobile App,2,133.0,False
106252,2025-11-20,2025-11,Apparel,Mobile App,3,166.16,False
106253,2025-11-02,2025-11,Beauty,Website,2,51.53,False
106254,2025-11-14,2025-11,Apparel,Website,3,24.0,False
106255,2025-11-04,2025-11,Home & Garden,Website,1,97.24,False
106256,2025-11-01,2025-11,Apparel,Marketplace,2,77.82,False
106257,2025-11-17,2025-11,Apparel,Mobile App,1,49.78,False
106258,2025-11-05,2025-11,Apparel,Marketplace,3,204.65,False
106259,2025-11-26,2025-11,Electronics,Mobile App,3,285.08,True
106260,2025-11-19,2025-11,Home & Garden,Website,2,97.57,False
106261,2025-11-12,2025-11,Home & Garden,Marketplace,3,135.93,False
106262,2025-11-21,2025-11,Electronics,Mobile App,1,274.76,False
106263,2025-11-05,2025-11,Home & Garden,Mobile App,3,128.72,False
106264,2025-11-16,2025-11,Sports & Outdoors,Marketplace,3,458.71,False
106265,2025-11-28,2025-11,Electronics,Website,2,419.49,False
106266,2025-11-19,2025-11,Beauty,Website,2,44.25,False
106267,2025-11-07,2025-11,Apparel,Marketplace,3,170.15,False
106268,2025-11-17,2025-11,Apparel,Website,1,77.74,False
106269,2025-11-21,2025-11,Beauty,Website,2,20.34,False
106270,2025-11-19,2025-11,Beauty,Website,3,168.33,False
106271,2025-11-15,2025-11,Home & Garden,Mobile App,3,332.13,False
106272,2025-11-08,2025-11,Home & Garden,Website,2,166.0,False
106273,2025-11-27,2025-11,Home & Garden,Mobile App,3,204.0,False
106274,2025-11-14,2025-11,Beauty,Website,1,26.14,False
106275,2025-11-02,2025-11,Electronics,Website,2,208.65,False
106276,2025-11-15,2025-11,Apparel,Website,2,162.9,False
106277,2025-11-22,2025-11,Home & Garden,Website,2,160.82,False
106278,2025-11-07,2025-11,Home & Garden,Website,3,148.73,False
106279,2025-11-17,2025-11,Home & Garden,Website,3,178.78,False
106280,2025-11-05,2025-11,Apparel,Marketplace,1,80.43,False
106281,2025-11-06,2025-11,Home & Garden,Mobile App,1,79.91,False
106282,2025-11-08,2025-11,Apparel,Website,1,54.91,False
106283,2025-11-28,2025-11,Beauty,Website,2,73.12,False
106284,2025-11-21,2025-11,Sports & Outdoors,Mobile App,2,98.83,False
106285,2025-11-05,2025-11,Electronics,Mobile App,1,49.44,False
106286,2025-11-24,2025-11,Sports & Outdoors,Website,2,241.13,False
106287,2025-11-17,2025-11,Home & Garden,Website,3,181.44,False
106288,2025-11-18,2025-11,Sports & Outdoors,Mobile App,1,87.95,False
106289,2025-11-21,2025-11,Apparel,Website,1,46.29,False
106290,2025-11-08,2025-11,Apparel,Marketplace,1,34.46,False
106291,2025-11-07,2025-11,Beauty,Website,1,33.61,False
106292,2025-11-13,2025-11,Sports & Outdoors,Mobile App,1,39.03,False
106293,2025-11-03,2025-11,Electronics,Website,3,468.73,False
106294,2025-11-08,2025-11,Home & Garden,Website,2,199.34,False
106295,2025-11-26,2025-11,Home & Garden,Mobile App,2,192.54,False
106296,2025-11-23,2025-11,Electronics,Website,1,92.68,False
106297,2025-11-11,2025-11,Apparel,Website,3,118.62,False
106298,2025-11-18,2025-11,Beauty,Marketplace,3,48.41,True
106299,2025-11-27,2025-11,Beauty,Website,3,66.42,False
106300,2025-11-03,2025-11,Home & Garden,Website,2,60.37,False
106301,2025-11-13,2025-11,Apparel,Mobile App,3,72.07,True
106302,2025-11-12,2025-11,Apparel,Website,2,130.35,False
106303,2025-11-11,2025-11,Apparel,Mobile App,3,42.34,False
106304,2025-11-13,2025-11,Apparel,Website,3,108.79,True
106305,2025-11-27,2025-11,Apparel,Marketplace,1,40.98,False
106306,2025-11-11,2025-11,Electronics,Website,1,172.16,False
106307,2025-11-12,2025-11,Beauty,Website,3,84.57,False
106308,2025-11-20,2025-11,Home & Garden,Website,2,199.19,False
106309,2025-11-18,2025-11,Sports & Outdoors,Website,2,215.06,False
106310,2025-11-04,2025-11,Home & Garden,Marketplace,2,214.31,False
106311,2025-11-01,2025-11,Electronics,Marketplace,3,436.57,False
106312,2025-11-21,2025-11,Electronics,Website,3,738.97,False
106313,2025-11-01,2025-11,Apparel,Mobile App,1,34.54,True
106314,2025-11-23,2025-11,Apparel,Website,2,140.41,False
106315,2025-11-26,2025-11,Electronics,Website,1,255.28,False
106316,2025-11-04,2025-11,Apparel,Mobile App,1,70.6,False
106317,2025-11-20,2025-11,Apparel,Website,3,53.61,False
106318,2025-11-23,2025-11,Home & Garden,Website,2,114.79,True
106319,2025-11-28,2025-11,Home & Garden,Marketplace,1,77.42,False
106320,2025-11-11,2025-11,Home & Garden,Website,1,53.92,False
106321,2025-11-25,2025-11,Apparel,Marketplace,3,148.3,False
106322,2025-11-03,2025-11,Beauty,Website,3,92.6,False
106323,2025-11-01,2025-11,Sports & Outdoors,Website,2,161.39,False
106324,2025-11-28,2025-11,Beauty,Website,1,24.08,False
106325,2025-11-03,2025-11,Home & Garden,Website,3,120.98,False
106326,2025-11-26,2025-11,Home & Garden,Mobile App,3,214.21,False
106327,2025-11-20,2025-11,Apparel,Website,2,145.53,False
106328,2025-11-09,2025-11,Sports & Outdoors,Website,1,101.69,False
106329,2025-11-01,2025-11,Beauty,Mobile App,3,139.76,False
106330,2025-11-01,2025-11,Electronics,Mobile App,3,366.69,False
106331,2025-11-24,2025-11,Home & Garden,Website,1,92.97,False
106332,2025-11-11,2025-11,Sports & Outdoors,Website,3,213.83,False
106333,2025-11-08,2025-11,Electronics,Mobile App,2,205.76,False
106334,2025-11-04,2025-11,Apparel,Marketplace,2,69.24,False
106335,2025-11-23,2025-11,Apparel,Mobile App,3,151.43,False
106336,2025-11-16,2025-11,Apparel,Website,3,104.52,False
106337,2025-11-22,2025-11,Home & Garden,Website,2,50.62,False
106338,2025-11-24,2025-11,Electronics,Website,2,268.19,False
106339,2025-11-17,2025-11,Home & Garden,Marketplace,2,129.37,False
106340,2025-11-30,2025-11,Apparel,Website,2,98.12,False
106341,2025-11-15,2025-11,Beauty,Website,1,32.72,False
106342,2025-11-23,2025-11,Apparel,Website,1,49.98,False
106343,2025-11-05,2025-11,Apparel,Website,3,28.78,False
106344,2025-11-25,2025-11,Apparel,Website,1,64.5,False
106345,2025-11-14,2025-11,Apparel,Website,3,65.15,False
106346,2025-11-29,2025-11,Electronics,Website,1,104.9,False
106347,2025-11-20,2025-11,Home & Garden,Website,2,189.27,True
106348,2025-11-07,2025-11,Apparel,Marketplace,1,33.1,False
106349,2025-11-05,2025-11,Home & Garden,Mobile App,2,123.3,False
106350,2025-11-28,2025-11,Beauty,Website,3,96.02,False
106351,2025-11-03,2025-11,Electronics,Website,3,717.48,False
106352,2025-11-05,2025-11,Apparel,Website,1,28.62,False
106353,2025-11-12,2025-11,Electronics,Website,2,257.73,False
106354,2025-11-03,2025-11,Apparel,Website,2,57.94,False
106355,2025-11-25,2025-11,Apparel,Website,2,124.73,False
106356,2025-11-13,2025-11,Electronics,Website,3,868.92,False
106357,2025-11-08,2025-11,Home & Garden,Website,3,93.39,False
106358,2025-11-07,2025-11,Apparel,Mobile App,2,79.7,False
106359,2025-11-18,2025-11,Apparel,Website,3,132.49,False
106360,2025-11-01,2025-11,Home & Garden,Mobile App,2,128.24,False
106361,2025-11-15,2025-11,Electronics,Mobile App,3,396.41,False
106362,2025-11-14,2025-11,Electronics,Website,2,150.71,False
106363,2025-11-08,2025-11,Apparel,Website,3,160.99,False
106364,2025-11-12,2025-11,Apparel,Website,3,117.7,False
106365,2025-11-15,2025-11,Sports & Outdoors,Mobile App,2,203.97,False
106366,2025-11-26,2025-11,Apparel,Mobile App,3,90.3,False
106367,2025-11-17,2025-11,Beauty,Mobile App,1,43.02,False
106368,2025-11-25,2025-11,Beauty,Mobile App,1,46.88,False
106369,2025-11-27,2025-11,Beauty,Mobile App,1,39.47,False
106370,2025-11-24,2025-11,Apparel,Website,1,42.5,False
106371,2025-11-13,2025-11,Sports & Outdoors,Website,1,103.74,False
106372,2025-11-22,2025-11,Home & Garden,Marketplace,1,96.99,False
106373,2025-11-16,2025-11,Apparel,Website,2,48.08,False
106374,2025-11-15,2025-11,Apparel,Marketplace,2,53.75,False
106375,2025-11-05,2025-11,Home & Garden,Website,3,165.58,False
106376,2025-11-06,2025-11,Beauty,Website,1,20.73,False
106377,2025-11-29,2025-11,Beauty,Mobile App,3,90.34,False
106378,2025-11-18,2025-11,Apparel,Website,2,64.17,False
106379,2025-11-07,2025-11,Apparel,Mobile App,1,59.12,False
106380,2025-11-26,2025-11,Electronics,Website,2,568.26,False
106381,2025-11-29,2025-11,Apparel,Mobile App,3,186.44,False
106382,2025-11-05,2025-11,Home & Garden,Website,3,163.37,False
106383,2025-11-28,2025-11,Sports & Outdoors,Website,2,186.46,False
106384,2025-11-26,2025-11,Apparel,Website,1,22.61,False
106385,2025-11-29,2025-11,Home & Garden,Website,2,124.28,False
106386,2025-11-15,2025-11,Apparel,Mobile App,2,95.84,False
106387,2025-11-26,2025-11,Electronics,Mobile App,2,281.03,False
106388,2025-11-03,2025-11,Apparel,Mobile App,2,85.3,False
106389,2025-11-14,2025-11,Electronics,Mobile App,3,570.13,False
106390,2025-11-25,2025-11,Electronics,Website,3,471.66,False
106391,2025-11-03,2025-11,Sports & Outdoors,Mobile App,1,124.1,False
106392,2025-11-22,2025-11,Apparel,Website,2,98.05,False
106393,2025-11-08,2025-11,Apparel,Website,3,170.89,False
106394,2025-11-03,2025-11,Home & Garden,Website,3,252.96,False
106395,2025-11-26,2025-11,Apparel,Marketplace,1,27.59,False
106396,2025-11-18,2025-11,Sports & Outdoors,Website,1,66.57,False
106397,2025-11-02,2025-11,Apparel,Website,3,176.51,False
106398,2025-11-05,2025-11,Sports & Outdoors,Mobile App,3,24.0,False
106399,2025-11-24,2025-11,Apparel,Website,2,161.73,False
106400,2025-11-17,2025-11,Home & Garden,Mobile App,1,83.93,False
106401,2025-11-15,2025-11,Electronics,Website,2,207.06,False
106402,2025-11-08,2025-11,Apparel,Mobile App,3,153.73,False
106403,2025-11-07,2025-11,Beauty,Mobile App,3,164.8,False
106404,2025-11-06,2025-11,Home & Garden,Website,3,135.9,False
106405,2025-11-14,2025-11,Electronics,Mobile App,1,165.33,False
106406,2025-11-25,2025-11,Electronics,Mobile App,2,319.1,False
106407,2025-11-02,2025-11,Electronics,Website,2,512.7,False
106408,2025-11-13,2025-11,Apparel,Website,3,106.47,False
106409,2025-11-25,2025-11,Home & Garden,Website,2,70.17,False
106410,2025-11-18,2025-11,Home & Garden,Website,2,133.79,False
106411,2025-11-12,2025-11,Beauty,Website,3,147.76,True
106412,2025-11-25,2025-11,Home & Garden,Website,2,182.98,False
106413,2025-11-12,2025-11,Apparel,Website,3,141.82,False
106414,2025-11-07,2025-11,Apparel,Website,1,73.23,False
106415,2025-11-11,2025-11,Home & Garden,Website,3,139.0,False
106416,2025-11-09,2025-11,Electronics,Mobile App,3,677.45,False
106417,2025-11-17,2025-11,Electronics,Marketplace,3,398.29,True
106418,2025-11-02,2025-11,Home & Garden,Website,3,175.41,False
106419,2025-11-18,2025-11,Electronics,Website,1,150.82,False
106420,2025-11-24,2025-11,Sports & Outdoors,Website,3,219.1,False
106421,2025-11-28,2025-11,Home & Garden,Website,2,109.79,False
106422,2025-11-27,2025-11,Apparel,Mobile App,1,50.95,True
106423,2025-11-18,2025-11,Apparel,Mobile App,2,46.12,False
106424,2025-11-12,2025-11,Home & Garden,Mobile App,1,73.32,False
106425,2025-11-22,2025-11,Beauty,Mobile App,3,129.99,False
106426,2025-11-05,2025-11,Apparel,Website,2,122.88,False
106427,2025-11-22,2025-11,Beauty,Marketplace,3,78.38,False
106428,2025-11-04,2025-11,Beauty,Mobile App,2,100.52,False
106429,2025-11-29,2025-11,Electronics,Website,3,434.29,True
106430,2025-11-14,2025-11,Beauty,Website,1,38.66,False
106431,2025-11-24,2025-11,Electronics,Website,1,290.24,True
106432,2025-11-10,2025-11,Apparel,Mobile App,2,77.62,True
106433,2025-11-03,2025-11,Apparel,Mobile App,1,25.91,False
106434,2025-11-13,2025-11,Apparel,Mobile App,3,228.23,False
106435,2025-11-05,2025-11,Apparel,Website,3,203.26,False
106436,2025-11-22,2025-11,Apparel,Marketplace,1,59.83,False
106437,2025-11-02,2025-11,Home & Garden,Website,1,64.97,False
106438,2025-11-14,2025-11,Apparel,Mobile App,1,79.25,False
106439,2025-11-16,2025-11,Beauty,Website,2,76.78,False
106440,2025-11-02,2025-11,Home & Garden,Mobile App,2,154.54,False
106441,2025-11-04,2025-11,Apparel,Marketplace,1,48.91,False
106442,2025-11-14,2025-11,Home & Garden,Mobile App,1,64.68,False
106443,2025-11-11,2025-11,Sports & Outdoors,Mobile App,2,126.74,False
106444,2025-11-14,2025-11,Electronics,Website,1,171.08,False
106445,2025-11-01,2025-11,Home & Garden,Marketplace,3,367.59,False
106446,2025-11-22,2025-11,Apparel,Mobile App,3,129.87,False
106447,2025-11-07,2025-11,Electronics,Website,2,476.06,True
106448,2025-11-17,2025-11,Electronics,Website,3,592.29,False
106449,2025-11-20,2025-11,Electronics,Website,2,166.33,False
106450,2025-11-13,2025-11,Beauty,Website,2,91.37,False
106451,2025-11-11,2025-11,Beauty,Website,2,60.9,False
106452,2025-11-08,2025-11,Apparel,Marketplace,3,176.77,False
106453,2025-11-23,2025-11,Sports & Outdoors,Website,2,81.58,False
106454,2025-11-15,2025-11,Home & Garden,Website,3,166.95,False
106455,2025-11-20,2025-11,Beauty,Mobile App,1,8.0,False
106456,2025-11-29,2025-11,Beauty,Marketplace,1,29.36,False
106457,2025-11-10,2025-11,Beauty,Mobile App,2,66.64,False
106458,2025-11-04,2025-11,Apparel,Website,1,37.18,False
106459,2025-11-21,2025-11,Home & Garden,Website,1,70.77,False
106460,2025-11-11,2025-11,Sports & Outdoors,Website,1,39.6,False
106461,2025-11-23,2025-11,Apparel,Website,3,166.71,False
106462,2025-11-27,2025-11,Apparel,Mobile App,1,33.21,False
106463,2025-11-05,2025-11,Apparel,Mobile App,3,140.53,False
106464,2025-11-10,2025-11,Beauty,Website,2,70.21,False
106465,2025-11-29,2025-11,Electronics,Website,3,566.71,False
106466,2025-11-21,2025-11,Apparel,Website,3,114.54,False
106467,2025-11-26,2025-11,Sports & Outdoors,Mobile App,1,71.34,False
106468,2025-11-18,2025-11,Electronics,Website,1,170.13,True
106469,2025-11-02,2025-11,Beauty,Website,3,140.59,False
106470,2025-11-20,2025-11,Sports & Outdoors,Website,3,366.07,False
106471,2025-11-09,2025-11,Beauty,Website,1,28.37,False
106472,2025-11-15,2025-11,Apparel,Mobile App,3,61.1,False
106473,2025-11-19,2025-11,Sports & Outdoors,Mobile App,3,133.7,False
106474,2025-11-16,2025-11,Home & Garden,Website,3,320.59,False
106475,2025-11-14,2025-11,Apparel,Marketplace,3,155.67,False
106476,2025-11-08,2025-11,Sports & Outdoors,Mobile App,3,460.63,False
106477,2025-11-28,2025-11,Sports & Outdoors,Website,3,253.22,False
106478,2025-11-17,2025-11,Apparel,Website,1,42.07,False
106479,2025-11-10,2025-11,Electronics,Website,1,207.64,False
106480,2025-11-21,2025-11,Beauty,Mobile App,3,67.73,False
106481,2025-11-05,2025-11,Apparel,Mobile App,1,50.66,False
106482,2025-11-01,2025-11,Sports & Outdoors,Website,1,81.37,False
106483,2025-11-29,2025-11,Electronics,Website,1,157.94,False
106484,2025-11-02,2025-11,Apparel,Website,2,16.0,False
106485,2025-11-05,2025-11,Sports & Outdoors,Website,1,106.43,True
106486,2025-11-23,2025-11,Home & Garden,Website,2,185.04,False
106487,2025-11-13,2025-11,Sports & Outdoors,Marketplace,2,188.42,False
106488,2025-11-06,2025-11,Apparel,Website,1,47.12,False
106489,2025-11-25,2025-11,Sports & Outdoors,Mobile App,2,136.3,False
106490,2025-11-16,2025-11,Electronics,Website,2,294.15,False
106491,2025-11-09,2025-11,Home & Garden,Mobile App,2,133.18,False
106492,2025-11-12,2025-11,Home & Garden,Website,2,166.1,False
106493,2025-11-10,2025-11,Beauty,Website,1,9.14,False
106494,2025-11-25,2025-11,Sports & Outdoors,Website,2,148.89,False
106495,2025-11-07,2025-11,Apparel,Website,2,131.44,False
106496,2025-11-17,2025-11,Electronics,Mobile App,2,495.89,False
106497,2025-11-25,2025-11,Electronics,Website,1,240.7,False
106498,2025-11-12,2025-11,Home & Garden,Mobile App,3,207.9,False
106499,2025-11-18,2025-11,Apparel,Mobile App,2,97.76,False
106500,2025-11-25,2025-11,Home & Garden,Website,3,240.44,True
106501,2025-11-18,2025-11,Beauty,Website,3,118.98,False
106502,2025-11-26,2025-11,Sports & Outdoors,Website,1,141.74,False
106503,2025-11-27,2025-11,Electronics,Mobile App,2,443.91,True
106504,2025-11-11,2025-11,Home & Garden,Mobile App,3,312.1,False
106505,2025-11-26,2025-11,Sports & Outdoors,Website,1,99.02,False
106506,2025-11-18,2025-11,Electronics,Website,3,667.74,False
106507,2025-11-10,2025-11,Apparel,Website,1,44.5,False
106508,2025-11-14,2025-11,Apparel,Website,2,46.94,False
106509,2025-11-29,2025-11,Apparel,Mobile App,3,195.87,False
106510,2025-11-14,2025-11,Beauty,Mobile App,1,22.68,True
106511,2025-11-23,2025-11,Apparel,Website,3,148.39,False
106512,2025-11-29,2025-11,Beauty,Mobile App,3,90.1,False
106513,2025-11-20,2025-11,Home & Garden,Mobile App,2,97.32,False
106514,2025-11-03,2025-11,Electronics,Marketplace,1,216.75,False
106515,2025-11-03,2025-11,Apparel,Website,3,178.56,False
106516,2025-11-08,2025-11,Sports & Outdoors,Website,3,154.43,False
106517,2025-11-26,2025-11,Home & Garden,Mobile App,1,71.55,False
106518,2025-11-07,2025-11,Apparel,Website,1,39.22,False
106519,2025-11-01,2025-11,Electronics,Website,2,191.49,False
106520,2025-11-10,2025-11,Electronics,Marketplace,3,677.67,False
106521,2025-11-16,2025-11,Apparel,Marketplace,3,140.78,False
106522,2025-11-22,2025-11,Home & Garden,Mobile App,2,187.9,False
106523,2025-11-18,2025-11,Electronics,Website,3,153.53,False
106524,2025-11-08,2025-11,Electronics,Mobile App,2,234.84,False
106525,2025-11-28,2025-11,Electronics,Website,2,447.69,False
106526,2025-11-15,2025-11,Beauty,Marketplace,1,11.14,False
106527,2025-11-05,2025-11,Beauty,Website,1,44.64,False
106528,2025-11-01,2025-11,Home & Garden,Marketplace,3,171.23,False
106529,2025-11-01,2025-11,Beauty,Marketplace,1,41.23,False
106530,2025-11-28,2025-11,Electronics,Mobile App,2,331.58,False
106531,2025-11-16,2025-11,Electronics,Website,1,155.39,True
106532,2025-11-11,2025-11,Home & Garden,Mobile App,3,198.37,False
106533,2025-11-12,2025-11,Electronics,Mobile App,2,154.65,False
106534,2025-11-29,2025-11,Beauty,Website,3,24.0,False
106535,2025-11-21,2025-11,Apparel,Website,2,78.66,False
106536,2025-11-18,2025-11,Apparel,Website,1,66.61,False
106537,2025-11-08,2025-11,Home & Garden,Website,1,69.73,False
106538,2025-11-03,2025-11,Home & Garden,Website,3,157.14,False
106539,2025-11-25,2025-11,Electronics,Mobile App,3,325.6,False
106540,2025-11-26,2025-11,Electronics,Website,1,309.99,False
106541,2025-11-09,2025-11,Beauty,Website,3,116.3,False
106542,2025-11-22,2025-11,Apparel,Website,1,29.19,False
106543,2025-11-03,2025-11,Home & Garden,Website,2,117.97,False
106544,2025-11-23,2025-11,Sports & Outdoors,Website,3,223.48,False
106545,2025-11-19,2025-11,Home & Garden,Website,2,120.04,False
106546,2025-11-22,2025-11,Apparel,Website,2,45.08,False
106547,2025-11-23,2025-11,Sports & Outdoors,Website,2,213.24,False
106548,2025-11-20,2025-11,Beauty,Mobile App,3,105.2,False
106549,2025-11-09,2025-11,Home & Garden,Website,1,53.2,False
106550,2025-11-10,2025-11,Electronics,Website,2,79.13,True
106551,2025-11-14,2025-11,Apparel,Mobile App,3,116.23,False
106552,2025-11-26,2025-11,Electronics,Mobile App,1,187.4,False
106553,2025-11-21,2025-11,Home & Garden,Website,3,134.59,False
106554,2025-11-08,2025-11,Home & Garden,Website,1,46.58,False
106555,2025-11-04,2025-11,Beauty,Marketplace,2,84.07,False
106556,2025-11-28,2025-11,Apparel,Mobile App,3,95.8,False
106557,2025-11-28,2025-11,Beauty,Mobile App,3,84.45,False
106558,2025-11-20,2025-11,Apparel,Website,1,32.59,False
106559,2025-11-22,2025-11,Electronics,Marketplace,3,209.76,False
106560,2025-11-11,2025-11,Electronics,Mobile App,1,172.84,False
106561,2025-11-02,2025-11,Apparel,Website,3,208.33,False
106562,2025-11-01,2025-11,Beauty,Mobile App,3,114.17,False
106563,2025-11-28,2025-11,Home & Garden,Mobile App,2,21.87,False
106564,2025-11-18,2025-11,Electronics,Website,2,499.15,False
106565,2025-11-26,2025-11,Electronics,Mobile App,1,217.05,False
106566,2025-11-20,2025-11,Home & Garden,Website,2,166.43,False
106567,2025-11-19,2025-11,Apparel,Website,2,64.34,False
106568,2025-11-12,2025-11,Apparel,Website,3,140.84,True
106569,2025-11-07,2025-11,Electronics,Mobile App,1,183.69,False
106570,2025-11-17,2025-11,Home & Garden,Mobile App,3,84.27,False
106571,2025-11-09,2025-11,Beauty,Mobile App,1,58.87,False
106572,2025-11-01,2025-11,Apparel,Website,2,164.42,True
106573,2025-11-13,2025-11,Beauty,Website,2,108.78,True
106574,2025-11-19,2025-11,Apparel,Website,3,169.11,False
106575,2025-11-19,2025-11,Electronics,Website,2,234.45,False
106576,2025-11-23,2025-11,Home & Garden,Website,3,53.62,False
106577,2025-11-26,2025-11,Electronics,Mobile App,1,246.99,False
106578,2025-11-11,2025-11,Beauty,Marketplace,3,147.79,True
106579,2025-11-08,2025-11,Beauty,Mobile App,2,21.71,False
106580,2025-11-26,2025-11,Apparel,Website,3,137.74,False
106581,2025-11-18,2025-11,Apparel,Mobile App,2,55.77,False
106582,2025-11-25,2025-11,Beauty,Website,1,32.44,False
106583,2025-11-11,2025-11,Electronics,Website,2,522.78,False
106584,2025-11-03,2025-11,Home & Garden,Website,3,116.54,False
106585,2025-11-01,2025-11,Electronics,Mobile App,3,243.86,True
106586,2025-11-23,2025-11,Apparel,Mobile App,3,108.6,True
106587,2025-11-07,2025-11,Home & Garden,Marketplace,1,51.12,False
106588,2025-11-06,2025-11,Sports & Outdoors,Website,3,200.84,False
106589,2025-11-05,2025-11,Beauty,Website,1,31.3,False
106590,2025-11-16,2025-11,Sports & Outdoors,Marketplace,1,36.27,False
106591,2025-11-18,2025-11,Electronics,Marketplace,1,152.7,False
106592,2025-11-09,2025-11,Home & Garden,Mobile App,2,82.91,False
106593,2025-11-14,2025-11,Apparel,Website,3,172.33,False
106594,2025-11-27,2025-11,Electronics,Website,1,161.03,False
106595,2025-11-05,2025-11,Home & Garden,Website,3,255.92,False
106596,2025-11-11,2025-11,Home & Garden,Website,1,129.26,False
106597,2025-11-03,2025-11,Apparel,Website,2,119.49,False
106598,2025-11-14,2025-11,Electronics,Website,3,530.52,False
106599,2025-11-21,2025-11,Apparel,Mobile App,3,135.46,False
106600,2025-11-22,2025-11,Electronics,Website,2,280.78,False
106601,2025-11-11,2025-11,Electronics,Mobile App,3,649.83,False
106602,2025-11-20,2025-11,Apparel,Website,2,63.13,False
106603,2025-11-03,2025-11,Apparel,Mobile App,3,226.52,False
106604,2025-11-25,2025-11,Electronics,Website,1,67.79,False
106605,2025-11-08,2025-11,Electronics,Website,2,460.15,False
106606,2025-11-01,2025-11,Home & Garden,Website,1,85.86,False
106607,2025-11-25,2025-11,Apparel,Marketplace,1,65.71,False
106608,2025-11-24,2025-11,Home & Garden,Website,3,242.14,False
106609,2025-11-20,2025-11,Apparel,Mobile App,1,43.45,False
106610,2025-11-13,2025-11,Sports & Outdoors,Website,1,90.65,False
106611,2025-11-14,2025-11,Apparel,Website,1,67.74,False
106612,2025-11-14,2025-11,Sports & Outdoors,Mobile App,2,193.52,False
106613,2025-11-02,2025-11,Electronics,Mobile App,2,201.66,False
106614,2025-11-15,2025-11,Apparel,Marketplace,2,150.82,True
106615,2025-11-19,2025-11,Beauty,Website,2,20.45,False
106616,2025-11-18,2025-11,Home & Garden,Mobile App,1,93.05,False
106617,2025-11-17,2025-11,Apparel,Mobile App,3,164.4,False
106618,2025-11-11,2025-11,Sports & Outdoors,Mobile App,3,322.88,False
106619,2025-11-05,2025-11,Sports & Outdoors,Website,3,306.3,False
106620,2025-11-23,2025-11,Home & Garden,Marketplace,1,64.01,False
106621,2025-11-13,2025-11,Electronics,Website,2,492.8,False
106622,2025-11-22,2025-11,Sports & Outdoors,Website,2,256.77,False
106623,2025-11-20,2025-11,Apparel,Website,2,112.56,False
106624,2025-11-15,2025-11,Apparel,Website,3,216.08,False
106625,2025-11-26,2025-11,Apparel,Website,3,150.41,False
106626,2025-11-17,2025-11,Apparel,Mobile App,1,55.34,False
106627,2025-11-18,2025-11,Apparel,Website,3,186.9,False
106628,2025-11-04,2025-11,Sports & Outdoors,Mobile App,2,191.41,True
106629,2025-11-20,2025-11,Electronics,Website,2,147.98,False
106630,2025-11-05,2025-11,Beauty,Mobile App,1,21.17,False
106631,2025-11-05,2025-11,Electronics,Website,3,447.5,False
106632,2025-11-23,2025-11,Apparel,Mobile App,1,8.0,False
106633,2025-11-30,2025-11,Beauty,Marketplace,1,45.14,False
106634,2025-11-02,2025-11,Home & Garden,Marketplace,1,118.68,False
106635,2025-11-20,2025-11,Beauty,Website,3,70.94,False
106636,2025-11-24,2025-11,Sports & Outdoors,Website,3,252.94,False
106637,2025-11-23,2025-11,Electronics,Website,1,160.75,False
106638,2025-11-19,2025-11,Sports & Outdoors,Mobile App,1,132.18,False
106639,2025-11-04,2025-11,Electronics,Mobile App,2,148.43,False
106640,2025-11-09,2025-11,Sports & Outdoors,Website,3,141.74,False
106641,2025-11-01,2025-11,Apparel,Mobile App,1,41.81,False
106642,2025-11-05,2025-11,Home & Garden,Website,2,188.7,False
106643,2025-11-27,2025-11,Apparel,Mobile App,3,147.19,False
106644,2025-11-12,2025-11,Sports & Outdoors,Website,3,227.02,False
106645,2025-11-25,2025-11,Apparel,Website,2,118.25,False
106646,2025-11-14,2025-11,Sports & Outdoors,Website,2,216.94,False
106647,2025-11-12,2025-11,Sports & Outdoors,Website,2,234.65,False
106648,2025-11-25,2025-11,Home & Garden,Website,2,143.81,True
106649,2025-11-19,2025-11,Apparel,Website,3,84.1,False
106650,2025-11-05,2025-11,Sports & Outdoors,Mobile App,1,68.72,False
106651,2025-11-13,2025-11,Electronics,Website,2,407.74,False
106652,2025-11-01,2025-11,Beauty,Website,3,108.42,False
106653,2025-11-07,2025-11,Apparel,Mobile App,2,97.66,False
106654,2025-11-21,2025-11,Apparel,Mobile App,3,111.82,False
106655,2025-11-16,2025-11,Home & Garden,Website,1,88.44,False
106656,2025-11-24,2025-11,Home & Garden,Website,3,216.13,False
106657,2025-11-11,2025-11,Electronics,Marketplace,2,383.42,False
106658,2025-11-18,2025-11,Beauty,Mobile App,1,42.02,False
106659,2025-11-04,2025-11,Home & Garden,Website,1,63.67,False
106660,2025-11-21,2025-11,Apparel,Mobile App,3,163.81,False
106661,2025-11-04,2025-11,Home & Garden,Mobile App,3,189.77,False
106662,2025-11-14,2025-11,Home & Garden,Website,2,224.38,False
106663,2025-11-02,2025-11,Electronics,Website,1,193.4,False
106664,2025-11-23,2025-11,Electronics,Website,1,131.96,False
106665,2025-11-22,2025-11,Apparel,Website,1,38.35,False
106666,2025-11-21,2025-11,Home & Garden,Mobile App,2,175.58,False
106667,2025-11-24,2025-11,Electronics,Mobile App,2,356.13,False
106668,2025-11-05,2025-11,Apparel,Website,1,32.45,False
106669,2025-11-24,2025-11,Electronics,Marketplace,3,599.15,False
106670,2025-11-05,2025-11,Apparel,Website,1,67.15,False
106671,2025-11-18,2025-11,Electronics,Website,3,513.93,False
106672,2025-11-04,2025-11,Home & Garden,Website,2,226.84,False
106673,2025-11-11,2025-11,Electronics,Mobile App,3,337.51,False
106674,2025-11-12,2025-11,Beauty,Website,3,81.33,False
106675,2025-11-15,2025-11,Electronics,Mobile App,2,274.44,False
106676,2025-11-17,2025-11,Electronics,Website,2,658.4,False
106677,2025-11-18,2025-11,Home & Garden,Marketplace,1,73.56,False
106678,2025-11-17,2025-11,Apparel,Mobile App,2,159.79,False
106679,2025-11-25,2025-11,Sports & Outdoors,Website,2,223.26,False
106680,2025-11-04,2025-11,Beauty,Website,1,36.7,False
106681,2025-11-09,2025-11,Apparel,Marketplace,2,116.74,False
106682,2025-11-04,2025-11,Apparel,Mobile App,3,143.79,False
106683,2025-11-12,2025-11,Electronics,Mobile App,3,248.04,True
106684,2025-11-25,2025-11,Electronics,Mobile App,3,640.0,False
106685,2025-11-27,2025-11,Apparel,Mobile App,1,26.24,False
106686,2025-11-20,2025-11,Home & Garden,Website,3,96.97,False
106687,2025-11-14,2025-11,Electronics,Website,2,528.53,False
106688,2025-11-03,2025-11,Apparel,Website,2,110.17,False
106689,2025-11-20,2025-11,Beauty,Website,2,51.5,False
106690,2025-11-20,2025-11,Electronics,Website,1,141.44,False
106691,2025-11-13,2025-11,Home & Garden,Website,1,67.55,False
106692,2025-11-01,2025-11,Electronics,Mobile App,2,379.36,False
106693,2025-11-01,2025-11,Sports & Outdoors,Website,2,238.11,False
106694,2025-11-09,2025-11,Sports & Outdoors,Mobile App,3,107.65,False
106695,2025-11-19,2025-11,Home & Garden,Website,1,47.61,False
106696,2025-11-27,2025-11,Apparel,Website,3,146.41,False
106697,2025-11-24,2025-11,Electronics,Website,3,208.52,False
106698,2025-11-13,2025-11,Electronics,Marketplace,2,411.48,True
106699,2025-11-16,2025-11,Apparel,Website,2,110.71,False
106700,2025-11-16,2025-11,Apparel,Website,3,55.56,False
106701,2025-11-29,2025-11,Beauty,Mobile App,2,70.76,False
106702,2025-11-06,2025-11,Apparel,Website,1,45.58,False
106703,2025-11-02,2025-11,Beauty,Website,1,52.11,False
106704,2025-11-27,2025-11,Apparel,Website,2,109.63,False
106705,2025-11-05,2025-11,Beauty,Mobile App,3,44.21,False
106706,2025-11-25,2025-11,Sports & Outdoors,Website,1,41.74,False
106707,2025-11-20,2025-11,Beauty,Mobile App,1,46.6,True
106708,2025-11-27,2025-11,Apparel,Website,2,57.98,False
106709,2025-11-08,2025-11,Beauty,Mobile App,3,46.77,False
106710,2025-11-14,2025-11,Home & Garden,Website,3,198.23,False
106711,2025-11-18,2025-11,Apparel,Mobile App,3,68.23,False
106712,2025-11-06,2025-11,Sports & Outdoors,Mobile App,2,161.53,False
106713,2025-11-21,2025-11,Apparel,Website,2,55.51,False
106714,2025-11-26,2025-11,Apparel,Mobile App,2,55.68,False
106715,2025-11-07,2025-11,Sports & Outdoors,Website,3,257.23,False
106716,2025-11-10,2025-11,Apparel,Mobile App,3,220.13,False
106717,2025-11-03,2025-11,Sports & Outdoors,Marketplace,2,198.88,False
106718,2025-11-20,2025-11,Electronics,Website,2,132.69,False
106719,2025-11-07,2025-11,Beauty,Website,3,104.8,False
106720,2025-11-28,2025-11,Sports & Outdoors,Website,1,110.19,False
106721,2025-11-04,2025-11,Home & Garden,Mobile App,2,242.31,False
106722,2025-11-10,2025-11,Sports & Outdoors,Mobile App,3,271.49,False
106723,2025-11-20,2025-11,Apparel,Marketplace,2,97.74,False
106724,2025-11-16,2025-11,Home & Garden,Mobile App,2,164.28,False
106725,2025-11-23,2025-11,Apparel,Website,2,87.53,False
106726,2025-11-23,2025-11,Home & Garden,Mobile App,3,340.62,False
106727,2025-11-16,2025-11,Beauty,Website,3,144.93,True
106728,2025-11-17,2025-11,Electronics,Website,3,826.06,True
106729,2025-11-09,2025-11,Beauty,Website,2,52.51,False
106730,2025-11-02,2025-11,Apparel,Mobile App,1,35.39,False
106731,2025-11-03,2025-11,Sports & Outdoors,Website,1,107.42,False
106732,2025-11-19,2025-11,Apparel,Website,2,120.72,False
106733,2025-11-10,2025-11,Apparel,Website,1,63.27,False
106734,2025-11-27,2025-11,Sports & Outdoors,Mobile App,1,86.83,False
106735,2025-11-28,2025-11,Beauty,Mobile App,2,58.32,False
106736,2025-11-13,2025-11,Home & Garden,Website,2,88.3,False
106737,2025-11-26,2025-11,Apparel,Marketplace,2,126.54,False
106738,2025-11-24,2025-11,Apparel,Website,1,33.03,False
106739,2025-11-19,2025-11,Apparel,Marketplace,1,53.02,False
106740,2025-11-17,2025-11,Home & Garden,Website,2,195.36,False
106741,2025-11-21,2025-11,Apparel,Marketplace,1,40.61,False
106742,2025-11-17,2025-11,Beauty,Website,1,22.15,False
106743,2025-11-14,2025-11,Electronics,Website,1,253.63,True
106744,2025-11-26,2025-11,Home & Garden,Website,3,286.62,False
106745,2025-11-24,2025-11,Electronics,Website,3,360.26,False
106746,2025-11-15,2025-11,Electronics,Mobile App,1,125.33,True
106747,2025-11-06,2025-11,Home & Garden,Website,1,58.66,False
106748,2025-11-14,2025-11,Electronics,Marketplace,2,463.51,False
106749,2025-11-29,2025-11,Apparel,Website,2,58.14,False
106750,2025-11-24,2025-11,Home & Garden,Mobile App,3,175.34,False
106751,2025-11-02,2025-11,Sports & Outdoors,Website,1,77.34,False
106752,2025-11-27,2025-11,Apparel,Mobile App,1,35.15,False
106753,2025-11-23,2025-11,Home & Garden,Website,2,132.52,False
106754,2025-11-07,2025-11,Electronics,Mobile App,3,498.85,False
106755,2025-11-03,2025-11,Home & Garden,Website,3,215.52,False
106756,2025-11-08,2025-11,Electronics,Website,2,73.85,False
106757,2025-11-11,2025-11,Apparel,Mobile App,2,116.91,False
106758,2025-11-03,2025-11,Electronics,Website,1,261.68,False
106759,2025-11-29,2025-11,Sports & Outdoors,Website,2,136.67,False
106760,2025-11-01,2025-11,Home & Garden,Marketplace,2,174.81,False
106761,2025-11-21,2025-11,Sports & Outdoors,Website,1,85.98,False
106762,2025-11-29,2025-11,Apparel,Mobile App,3,140.57,False
106763,2025-11-04,2025-11,Home & Garden,Website,2,209.63,False
106764,2025-11-15,2025-11,Apparel,Website,3,212.14,False
106765,2025-12-10,2025-12,Apparel,Mobile App,2,107.8,False
106766,2025-12-15,2025-12,Home & Garden,Mobile App,3,233.84,True
106767,2025-12-02,2025-12,Sports & Outdoors,Mobile App,2,106.82,False
106768,2025-12-21,2025-12,Apparel,Website,3,164.86,False
106769,2025-12-03,2025-12,Home & Garden,Mobile App,2,177.13,False
106770,2025-12-05,2025-12,Sports & Outdoors,Marketplace,3,256.95,False
106771,2025-12-18,2025-12,Apparel,Mobile App,3,95.78,False
106772,2025-12-30,2025-12,Electronics,Website,1,125.93,False
106773,2025-12-21,2025-12,Home & Garden,Website,2,174.27,False
106774,2025-12-09,2025-12,Apparel,Mobile App,3,115.24,False
106775,2025-12-02,2025-12,Home & Garden,Mobile App,3,172.92,False
106776,2025-12-10,2025-12,Electronics,Marketplace,1,170.41,False
106777,2025-12-13,2025-12,Electronics,Website,1,81.47,False
106778,2025-12-02,2025-12,Apparel,Website,2,134.19,True
106779,2025-12-04,2025-12,Home & Garden,Website,3,120.44,False
106780,2025-12-27,2025-12,Home & Garden,Website,1,69.31,False
106781,2025-12-01,2025-12,Apparel,Marketplace,3,197.47,False
106782,2025-12-10,2025-12,Home & Garden,Mobile App,2,181.97,False
106783,2025-12-12,2025-12,Sports & Outdoors,Website,1,70.21,True
106784,2025-12-30,2025-12,Home & Garden,Mobile App,2,77.73,False
106785,2025-12-27,2025-12,Electronics,Mobile App,2,373.2,False
106786,2025-12-19,2025-12,Electronics,Website,2,183.24,False
106787,2025-12-25,2025-12,Apparel,Website,3,167.07,False
106788,2025-12-15,2025-12,Sports & Outdoors,Website,3,425.05,False
106789,2025-12-14,2025-12,Home & Garden,Website,3,184.67,False
106790,2025-12-09,2025-12,Sports & Outdoors,Website,1,66.06,False
106791,2025-12-03,2025-12,Sports & Outdoors,Website,1,8.0,False
106792,2025-12-02,2025-12,Apparel,Website,1,48.65,False
106793,2025-12-05,2025-12,Home & Garden,Marketplace,1,32.63,False
106794,2025-12-06,2025-12,Apparel,Website,1,21.79,False
106795,2025-12-22,2025-12,Apparel,Mobile App,1,42.52,False
106796,2025-12-02,2025-12,Electronics,Mobile App,2,325.53,False
106797,2025-12-25,2025-12,Home & Garden,Website,2,103.56,False
106798,2025-12-29,2025-12,Electronics,Website,1,289.01,False
106799,2025-12-17,2025-12,Home & Garden,Mobile App,2,128.16,False
106800,2025-12-21,2025-12,Apparel,Mobile App,3,266.89,False
106801,2025-12-12,2025-12,Apparel,Marketplace,3,235.65,False
106802,2025-12-16,2025-12,Home & Garden,Website,2,130.13,False
106803,2025-12-13,2025-12,Electronics,Marketplace,2,129.19,False
106804,2025-12-16,2025-12,Apparel,Mobile App,1,29.76,False
106805,2025-12-17,2025-12,Apparel,Mobile App,1,67.74,False
106806,2025-12-04,2025-12,Sports & Outdoors,Marketplace,1,94.04,False
106807,2025-12-30,2025-12,Sports & Outdoors,Website,3,268.83,False
106808,2025-12-23,2025-12,Home & Garden,Mobile App,1,51.73,False
106809,2025-12-11,2025-12,Sports & Outdoors,Website,2,98.13,False
106810,2025-12-04,2025-12,Home & Garden,Website,1,63.6,False
106811,2025-12-14,2025-12,Beauty,Website,1,35.72,False
106812,2025-12-08,2025-12,Electronics,Website,2,487.03,True
106813,2025-12-06,2025-12,Electronics,Website,2,243.68,False
106814,2025-12-21,2025-12,Sports & Outdoors,Website,1,154.66,False
106815,2025-12-15,2025-12,Electronics,Marketplace,2,395.88,False
106816,2025-12-09,2025-12,Home & Garden,Mobile App,1,40.19,False
106817,2025-12-24,2025-12,Electronics,Website,3,464.97,False
106818,2025-12-22,2025-12,Home & Garden,Website,1,53.89,False
106819,2025-12-11,2025-12,Beauty,Mobile App,2,118.64,False
106820,2025-12-11,2025-12,Electronics,Website,2,198.97,False
106821,2025-12-27,2025-12,Apparel,Website,1,48.6,False
106822,2025-12-26,2025-12,Beauty,Mobile App,1,32.44,False
106823,2025-12-08,2025-12,Beauty,Website,2,35.9,False
106824,2025-12-12,2025-12,Apparel,Marketplace,3,102.96,False
106825,2025-12-22,2025-12,Sports & Outdoors,Website,3,201.97,False
106826,2025-12-03,2025-12,Electronics,Mobile App,2,392.61,False
106827,2025-12-14,2025-12,Home & Garden,Mobile App,1,79.72,False
106828,2025-12-22,2025-12,Home & Garden,Mobile App,2,51.0,True
106829,2025-12-10,2025-12,Apparel,Marketplace,2,64.58,False
106830,2025-12-13,2025-12,Apparel,Website,3,103.8,False
106831,2025-12-06,2025-12,Electronics,Mobile App,3,147.57,False
106832,2025-12-08,2025-12,Sports & Outdoors,Website,1,97.63,False
106833,2025-12-23,2025-12,Apparel,Website,2,81.3,False
106834,2025-12-09,2025-12,Electronics,Website,1,127.63,False
106835,2025-12-13,2025-12,Home & Garden,Website,2,262.12,False
106836,2025-12-26,2025-12,Beauty,Mobile App,1,28.36,False
106837,2025-12-07,2025-12,Electronics,Website,3,313.8,False
106838,2025-12-30,2025-12,Home & Garden,Website,1,71.25,False
106839,2025-12-17,2025-12,Beauty,Website,1,52.21,False
106840,2025-12-27,2025-12,Apparel,Website,3,168.26,False
106841,2025-12-10,2025-12,Electronics,Marketplace,2,181.12,False
106842,2025-12-13,2025-12,Beauty,Website,3,65.98,False
106843,2025-12-15,2025-12,Home & Garden,Website,3,307.71,False
106844,2025-12-23,2025-12,Beauty,Mobile App,1,28.78,False
106845,2025-12-05,2025-12,Sports & Outdoors,Website,1,84.53,False
106846,2025-12-30,2025-12,Apparel,Website,1,64.35,False
106847,2025-12-30,2025-12,Apparel,Website,1,52.05,True
106848,2025-12-10,2025-12,Beauty,Website,1,42.27,True
106849,2025-12-17,2025-12,Home & Garden,Mobile App,3,283.6,False
106850,2025-12-24,2025-12,Beauty,Mobile App,1,42.51,False
106851,2025-12-27,2025-12,Sports & Outdoors,Mobile App,1,77.05,False
106852,2025-12-10,2025-12,Sports & Outdoors,Website,2,178.6,False
106853,2025-12-15,2025-12,Beauty,Marketplace,3,109.42,False
106854,2025-12-18,2025-12,Electronics,Mobile App,1,159.03,False
106855,2025-12-25,2025-12,Beauty,Website,2,71.91,False
106856,2025-12-27,2025-12,Beauty,Website,2,50.02,False
106857,2025-12-13,2025-12,Sports & Outdoors,Mobile App,1,95.74,False
106858,2025-12-10,2025-12,Electronics,Website,2,346.37,False
106859,2025-12-26,2025-12,Beauty,Mobile App,1,30.12,False
106860,2025-12-24,2025-12,Home & Garden,Website,2,120.11,False
106861,2025-12-27,2025-12,Apparel,Website,1,19.14,False
106862,2025-12-10,2025-12,Apparel,Mobile App,1,42.87,False
106863,2025-12-02,2025-12,Sports & Outdoors,Mobile App,3,260.95,False
106864,2025-12-22,2025-12,Sports & Outdoors,Website,3,194.35,True
106865,2025-12-27,2025-12,Home & Garden,Website,1,44.52,False
106866,2025-12-24,2025-12,Sports & Outdoors,Website,3,223.64,False
106867,2025-12-18,2025-12,Sports & Outdoors,Website,2,211.6,False
106868,2025-12-06,2025-12,Electronics,Website,2,324.47,False
106869,2025-12-06,2025-12,Apparel,Mobile App,3,148.72,False
106870,2025-12-23,2025-12,Apparel,Website,1,54.56,False
106871,2025-12-31,2025-12,Electronics,Mobile App,1,172.16,False
106872,2025-12-03,2025-12,Apparel,Website,2,39.96,False
106873,2025-12-28,2025-12,Sports & Outdoors,Website,1,96.97,False
106874,2025-12-06,2025-12,Beauty,Website,2,79.5,False
106875,2025-12-08,2025-12,Sports & Outdoors,Mobile App,1,85.8,False
106876,2025-12-31,2025-12,Sports & Outdoors,Website,3,309.13,False
106877,2025-12-14,2025-12,Sports & Outdoors,Marketplace,1,111.51,False
106878,2025-12-01,2025-12,Home & Garden,Website,3,228.03,False
106879,2025-12-10,2025-12,Electronics,Website,3,452.0,False
106880,2025-12-03,2025-12,Beauty,Mobile App,3,123.15,False
106881,2025-12-01,2025-12,Apparel,Website,2,104.78,False
106882,2025-12-30,2025-12,Electronics,Marketplace,1,128.94,False
106883,2025-12-12,2025-12,Apparel,Website,3,167.93,False
106884,2025-12-15,2025-12,Apparel,Website,2,112.18,False
106885,2025-12-23,2025-12,Electronics,Mobile App,1,162.01,False
106886,2025-12-08,2025-12,Electronics,Mobile App,1,153.54,False
106887,2025-12-17,2025-12,Beauty,Website,1,35.19,False
106888,2025-12-30,2025-12,Electronics,Website,1,154.59,False
106889,2025-12-10,2025-12,Beauty,Website,2,30.66,False
106890,2025-12-17,2025-12,Apparel,Website,1,61.67,False
106891,2025-12-31,2025-12,Apparel,Website,1,36.68,False
106892,2025-12-17,2025-12,Apparel,Website,1,55.08,False
106893,2025-12-22,2025-12,Apparel,Website,3,95.93,False
106894,2025-12-08,2025-12,Electronics,Website,2,276.52,False
106895,2025-12-05,2025-12,Electronics,Website,1,258.64,False
106896,2025-12-21,2025-12,Electronics,Website,3,658.35,False
106897,2025-12-20,2025-12,Beauty,Website,3,134.2,False
106898,2025-12-29,2025-12,Sports & Outdoors,Mobile App,1,110.28,False
106899,2025-12-14,2025-12,Beauty,Marketplace,1,43.76,False
106900,2025-12-04,2025-12,Sports & Outdoors,Website,2,206.04,False
106901,2025-12-25,2025-12,Apparel,Website,1,49.65,False
106902,2025-12-09,2025-12,Apparel,Mobile App,3,148.74,False
106903,2025-12-18,2025-12,Sports & Outdoors,Website,2,185.79,False
106904,2025-12-23,2025-12,Apparel,Mobile App,2,121.34,False
106905,2025-12-11,2025-12,Home & Garden,Website,2,168.45,False
106906,2025-12-27,2025-12,Apparel,Mobile App,2,85.21,False
106907,2025-12-19,2025-12,Electronics,Mobile App,1,153.91,False
106908,2025-12-22,2025-12,Apparel,Mobile App,1,22.11,False
106909,2025-12-27,2025-12,Apparel,Website,1,72.03,False
106910,2025-12-19,2025-12,Sports & Outdoors,Website,3,72.12,False
106911,2025-12-24,2025-12,Electronics,Mobile App,1,79.32,True
106912,2025-12-24,2025-12,Home & Garden,Mobile App,2,102.88,False
106913,2025-12-18,2025-12,Beauty,Website,2,60.1,False
106914,2025-12-02,2025-12,Home & Garden,Website,3,172.99,False
106915,2025-12-24,2025-12,Electronics,Mobile App,1,185.81,False
106916,2025-12-03,2025-12,Apparel,Website,1,52.22,False
106917,2025-12-26,2025-12,Electronics,Mobile App,2,173.17,False
106918,2025-12-29,2025-12,Home & Garden,Website,2,175.35,False
106919,2025-12-01,2025-12,Home & Garden,Mobile App,2,114.49,False
106920,2025-12-10,2025-12,Beauty,Website,2,75.37,False
106921,2025-12-15,2025-12,Electronics,Marketplace,1,193.4,False
106922,2025-12-14,2025-12,Apparel,Website,1,46.85,False
106923,2025-12-04,2025-12,Home & Garden,Website,1,77.1,False
106924,2025-12-04,2025-12,Beauty,Mobile App,3,97.33,False
106925,2025-12-16,2025-12,Beauty,Marketplace,2,29.78,False
106926,2025-12-11,2025-12,Electronics,Website,3,325.56,False
106927,2025-12-17,2025-12,Sports & Outdoors,Website,3,297.69,False
106928,2025-12-10,2025-12,Apparel,Mobile App,2,75.86,False
106929,2025-12-22,2025-12,Beauty,Website,3,67.09,False
106930,2025-12-24,2025-12,Apparel,Website,3,89.29,True
106931,2025-12-23,2025-12,Sports & Outdoors,Mobile App,3,365.2,False
106932,2025-12-27,2025-12,Electronics,Website,2,321.25,False
106933,2025-12-27,2025-12,Electronics,Mobile App,1,214.89,False
106934,2025-12-07,2025-12,Apparel,Website,3,138.02,False
106935,2025-12-08,2025-12,Beauty,Website,1,43.36,False
106936,2025-12-29,2025-12,Apparel,Website,1,47.83,False
106937,2025-12-21,2025-12,Home & Garden,Mobile App,3,175.88,True
106938,2025-12-16,2025-12,Apparel,Mobile App,3,122.55,False
106939,2025-12-10,2025-12,Beauty,Mobile App,3,128.48,False
106940,2025-12-20,2025-12,Apparel,Website,2,139.15,False
106941,2025-12-22,2025-12,Sports & Outdoors,Website,3,123.02,False
106942,2025-12-21,2025-12,Apparel,Marketplace,1,56.16,False
106943,2025-12-08,2025-12,Apparel,Mobile App,2,115.38,False
106944,2025-12-05,2025-12,Sports & Outdoors,Mobile App,1,77.23,False
106945,2025-12-23,2025-12,Apparel,Website,2,108.45,False
106946,2025-12-31,2025-12,Beauty,Mobile App,3,83.33,False
106947,2025-12-05,2025-12,Beauty,Website,3,111.23,False
106948,2025-12-13,2025-12,Apparel,Mobile App,3,103.22,False
106949,2025-12-22,2025-12,Beauty,Mobile App,1,49.03,False
106950,2025-12-26,2025-12,Electronics,Website,2,116.43,False
106951,2025-12-15,2025-12,Beauty,Website,1,45.75,False
106952,2025-12-20,2025-12,Electronics,Website,1,247.79,False
106953,2025-12-09,2025-12,Electronics,Website,1,172.44,False
106954,2025-12-03,2025-12,Apparel,Mobile App,1,51.47,False
106955,2025-12-26,2025-12,Apparel,Mobile App,3,131.44,False
106956,2025-12-24,2025-12,Electronics,Mobile App,2,414.33,False
106957,2025-12-05,2025-12,Beauty,Marketplace,1,36.22,False
106958,2025-12-17,2025-12,Home & Garden,Website,2,234.82,False
106959,2025-12-11,2025-12,Beauty,Mobile App,3,131.22,False
106960,2025-12-11,2025-12,Home & Garden,Mobile App,2,179.12,False
106961,2025-12-18,2025-12,Electronics,Website,1,135.52,False
106962,2025-12-15,2025-12,Electronics,Marketplace,2,190.92,False
106963,2025-12-14,2025-12,Electronics,Marketplace,3,762.56,False
106964,2025-12-19,2025-12,Sports & Outdoors,Marketplace,1,52.6,False
106965,2025-12-15,2025-12,Beauty,Website,2,40.05,False
106966,2025-12-21,2025-12,Electronics,Mobile App,2,176.09,False
106967,2025-12-05,2025-12,Beauty,Mobile App,3,104.41,False
106968,2025-12-14,2025-12,Home & Garden,Mobile App,3,167.59,False
106969,2025-12-16,2025-12,Home & Garden,Mobile App,2,86.0,False
106970,2025-12-07,2025-12,Apparel,Website,1,33.28,False
106971,2025-12-28,2025-12,Sports & Outdoors,Marketplace,2,121.3,False
106972,2025-12-04,2025-12,Apparel,Website,1,27.13,False
106973,2025-12-12,2025-12,Home & Garden,Mobile App,3,146.96,False
106974,2025-12-06,2025-12,Beauty,Website,3,106.12,False
106975,2025-12-10,2025-12,Beauty,Marketplace,1,18.29,False
106976,2025-12-14,2025-12,Apparel,Mobile App,1,49.05,False
106977,2025-12-14,2025-12,Apparel,Website,3,117.65,False
106978,2025-12-26,2025-12,Electronics,Mobile App,2,452.26,False
106979,2025-12-14,2025-12,Sports & Outdoors,Website,2,73.0,False
106980,2025-12-10,2025-12,Apparel,Website,1,38.81,False
106981,2025-12-07,2025-12,Electronics,Mobile App,1,129.11,False
106982,2025-12-09,2025-12,Beauty,Website,1,33.06,False
106983,2025-12-08,2025-12,Home & Garden,Mobile App,3,286.17,False
106984,2025-12-30,2025-12,Beauty,Marketplace,2,35.01,False
106985,2025-12-01,2025-12,Beauty,Website,3,147.51,False
106986,2025-12-19,2025-12,Beauty,Website,2,65.25,False
106987,2025-12-21,2025-12,Beauty,Mobile App,1,29.46,False
106988,2025-12-23,2025-12,Apparel,Mobile App,3,183.97,False
106989,2025-12-11,2025-12,Apparel,Website,2,34.18,False
106990,2025-12-08,2025-12,Beauty,Website,2,85.36,False
106991,2025-12-06,2025-12,Apparel,Mobile App,1,26.4,False
106992,2025-12-31,2025-12,Home & Garden,Website,2,218.2,False
106993,2025-12-03,2025-12,Sports & Outdoors,Website,1,65.23,False
106994,2025-12-04,2025-12,Electronics,Marketplace,1,187.64,False
106995,2025-12-31,2025-12,Home & Garden,Website,1,115.82,False
106996,2025-12-09,2025-12,Electronics,Mobile App,3,262.32,False
106997,2025-12-27,2025-12,Electronics,Mobile App,2,167.96,False
106998,2025-12-08,2025-12,Sports & Outdoors,Website,2,104.93,False
106999,2025-12-27,2025-12,Home & Garden,Website,1,77.24,False
107000,2025-12-27,2025-12,Sports & Outdoors,Website,1,69.58,False
107001,2025-12-09,2025-12,Apparel,Mobile App,2,61.08,False
107002,2025-12-31,2025-12,Home & Garden,Website,3,177.84,False
107003,2025-12-15,2025-12,Home & Garden,Website,3,215.11,False
107004,2025-12-08,2025-12,Sports & Outdoors,Mobile App,2,209.34,False
107005,2025-12-22,2025-12,Beauty,Website,1,45.96,False
107006,2025-12-23,2025-12,Beauty,Website,3,127.06,False
107007,2025-12-04,2025-12,Apparel,Website,2,75.64,False
107008,2025-12-15,2025-12,Electronics,Website,2,342.76,False
107009,2025-12-10,2025-12,Beauty,Marketplace,1,52.15,False
107010,2025-12-26,2025-12,Beauty,Website,3,105.98,False
107011,2025-12-18,2025-12,Beauty,Website,1,45.11,False
107012,2025-12-22,2025-12,Apparel,Website,2,88.07,False
107013,2025-12-28,2025-12,Apparel,Website,1,67.79,False
107014,2025-12-27,2025-12,Electronics,Website,3,457.22,False
107015,2025-12-13,2025-12,Sports & Outdoors,Mobile App,1,97.55,False
107016,2025-12-12,2025-12,Apparel,Website,1,55.71,False
107017,2025-12-26,2025-12,Sports & Outdoors,Mobile App,3,210.65,False
107018,2025-12-11,2025-12,Apparel,Website,1,33.3,False
107019,2025-12-26,2025-12,Apparel,Mobile App,3,178.95,False
107020,2025-12-19,2025-12,Apparel,Website,3,59.85,False
107021,2025-12-24,2025-12,Electronics,Website,1,183.87,False
107022,2025-12-19,2025-12,Electronics,Mobile App,1,201.69,False
107023,2025-12-19,2025-12,Home & Garden,Website,2,123.0,False
107024,2025-12-23,2025-12,Apparel,Mobile App,2,96.82,False
107025,2025-12-04,2025-12,Electronics,Mobile App,1,136.78,False
107026,2025-12-29,2025-12,Beauty,Website,2,94.96,False
107027,2025-12-26,2025-12,Apparel,Website,3,179.48,False
107028,2025-12-21,2025-12,Electronics,Marketplace,3,586.01,False
107029,2025-12-22,2025-12,Sports & Outdoors,Mobile App,1,95.84,False
107030,2025-12-18,2025-12,Electronics,Website,1,224.34,False
107031,2025-12-01,2025-12,Apparel,Mobile App,1,43.68,False
107032,2025-12-30,2025-12,Electronics,Website,1,239.75,False
107033,2025-12-29,2025-12,Sports & Outdoors,Website,2,186.44,False
107034,2025-12-02,2025-12,Electronics,Website,3,428.77,False
107035,2025-12-30,2025-12,Apparel,Website,1,59.29,False
107036,2025-12-30,2025-12,Sports & Outdoors,Website,1,120.43,False
107037,2025-12-03,2025-12,Apparel,Website,1,21.73,False
107038,2025-12-27,2025-12,Sports & Outdoors,Website,3,293.15,False
107039,2025-12-04,2025-12,Apparel,Website,3,175.95,False
107040,2025-12-05,2025-12,Sports & Outdoors,Website,2,166.48,False
107041,2025-12-01,2025-12,Apparel,Website,3,109.49,False
107042,2025-12-26,2025-12,Home & Garden,Mobile App,2,189.97,False
107043,2025-12-25,2025-12,Electronics,Marketplace,3,413.93,False
107044,2025-12-21,2025-12,Home & Garden,Website,3,203.76,False
107045,2025-12-21,2025-12,Apparel,Website,2,76.17,False
107046,2025-12-28,2025-12,Sports & Outdoors,Marketplace,3,152.95,False
107047,2025-12-17,2025-12,Home & Garden,Website,1,66.76,False
107048,2025-12-11,2025-12,Sports & Outdoors,Website,3,369.25,False
107049,2025-12-19,2025-12,Electronics,Mobile App,1,173.86,False
107050,2025-12-10,2025-12,Sports & Outdoors,Website,2,244.94,False
107051,2025-12-22,2025-12,Sports & Outdoors,Mobile App,2,162.84,False
107052,2025-12-15,2025-12,Apparel,Website,2,113.02,False
107053,2025-12-27,2025-12,Sports & Outdoors,Mobile App,3,430.37,False
107054,2025-12-09,2025-12,Electronics,Mobile App,1,152.83,False
107055,2025-12-30,2025-12,Sports & Outdoors,Website,1,92.56,False
107056,2025-12-11,2025-12,Home & Garden,Mobile App,1,119.91,False
107057,2025-12-11,2025-12,Beauty,Marketplace,3,122.73,False
107058,2025-12-29,2025-12,Electronics,Website,3,504.03,False
107059,2025-12-11,2025-12,Home & Garden,Mobile App,2,178.34,False
107060,2025-12-08,2025-12,Electronics,Mobile App,3,672.08,False
107061,2025-12-18,2025-12,Beauty,Mobile App,2,65.46,False
107062,2025-12-01,2025-12,Apparel,Website,3,25.93,False
107063,2025-12-21,2025-12,Home & Garden,Mobile App,2,122.53,False
107064,2025-12-03,2025-12,Electronics,Website,2,246.93,False
107065,2025-12-15,2025-12,Sports & Outdoors,Marketplace,1,172.33,False
107066,2025-12-14,2025-12,Apparel,Website,2,42.66,False
107067,2025-12-23,2025-12,Home & Garden,Website,2,114.67,False
107068,2025-12-05,2025-12,Apparel,Website,1,48.1,False
107069,2025-12-10,2025-12,Beauty,Marketplace,2,85.84,False
107070,2025-12-27,2025-12,Apparel,Website,2,89.88,False
107071,2025-12-19,2025-12,Home & Garden,Website,2,134.32,False
107072,2025-12-25,2025-12,Electronics,Website,3,443.83,False
107073,2025-12-30,2025-12,Apparel,Mobile App,1,54.88,False
107074,2025-12-08,2025-12,Electronics,Mobile App,3,831.38,False
107075,2025-12-10,2025-12,Sports & Outdoors,Website,3,274.43,False
107076,2025-12-09,2025-12,Apparel,Mobile App,2,89.39,False
107077,2025-12-08,2025-12,Beauty,Mobile App,2,99.22,False
107078,2025-12-19,2025-12,Electronics,Mobile App,2,295.51,False
107079,2025-12-16,2025-12,Electronics,Mobile App,1,205.38,False
107080,2025-12-09,2025-12,Electronics,Marketplace,3,591.71,False
107081,2025-12-19,2025-12,Home & Garden,Website,3,141.95,False
107082,2025-12-03,2025-12,Apparel,Mobile App,1,66.24,False
107083,2025-12-27,2025-12,Sports & Outdoors,Mobile App,3,206.12,False
107084,2025-12-23,2025-12,Apparel,Website,3,152.78,False
107085,2025-12-16,2025-12,Sports & Outdoors,Website,2,125.36,False
107086,2025-12-21,2025-12,Apparel,Mobile App,3,91.37,False
107087,2025-12-24,2025-12,Electronics,Website,3,531.23,False
107088,2025-12-24,2025-12,Beauty,Marketplace,1,23.3,False
107089,2025-12-13,2025-12,Apparel,Mobile App,2,124.42,False
107090,2025-12-18,2025-12,Electronics,Website,3,526.87,False
107091,2025-12-06,2025-12,Home & Garden,Website,1,92.0,False
107092,2025-12-08,2025-12,Beauty,Website,1,32.45,False
107093,2025-12-20,2025-12,Sports & Outdoors,Mobile App,1,80.69,False
107094,2025-12-29,2025-12,Home & Garden,Website,3,182.56,False
107095,2025-12-24,2025-12,Sports & Outdoors,Website,3,280.47,False
107096,2025-12-28,2025-12,Apparel,Website,3,208.54,True
107097,2025-12-05,2025-12,Sports & Outdoors,Marketplace,3,269.67,False
107098,2025-12-14,2025-12,Electronics,Website,2,250.9,False
107099,2025-12-01,2025-12,Apparel,Website,3,196.97,False
107100,2025-12-30,2025-12,Apparel,Website,3,134.41,False
107101,2025-12-04,2025-12,Sports & Outdoors,Mobile App,2,123.03,False
107102,2025-12-01,2025-12,Electronics,Mobile App,2,380.73,True
107103,2025-12-13,2025-12,Electronics,Website,2,509.57,False
107104,2025-12-22,2025-12,Electronics,Mobile App,2,222.3,False
107105,2025-12-14,2025-12,Apparel,Website,1,99.63,False
107106,2025-12-14,2025-12,Apparel,Mobile App,2,78.68,False
107107,2025-12-25,2025-12,Home & Garden,Website,2,136.54,False
107108,2025-12-23,2025-12,Apparel,Website,3,110.09,False
107109,2025-12-28,2025-12,Sports & Outdoors,Website,2,179.64,False
107110,2025-12-25,2025-12,Beauty,Website,1,32.34,False
107111,2025-12-26,2025-12,Apparel,Website,3,161.04,False
107112,2025-12-31,2025-12,Sports & Outdoors,Mobile App,1,71.85,False
107113,2025-12-30,2025-12,Electronics,Website,1,200.58,False
107114,2025-12-31,2025-12,Home & Garden,Website,2,159.34,False
107115,2025-12-15,2025-12,Sports & Outdoors,Website,1,32.48,False
107116,2025-12-02,2025-12,Apparel,Website,3,161.29,False
107117,2025-12-06,2025-12,Electronics,Mobile App,2,397.6,False
107118,2025-12-20,2025-12,Home & Garden,Mobile App,2,228.72,False
107119,2025-12-30,2025-12,Electronics,Mobile App,2,461.95,False
107120,2025-12-11,2025-12,Sports & Outdoors,Website,3,247.85,False
107121,2025-12-25,2025-12,Beauty,Website,2,75.73,False
107122,2025-12-26,2025-12,Electronics,Website,1,122.49,False
107123,2025-12-01,2025-12,Home & Garden,Website,2,68.59,False
107124,2025-12-07,2025-12,Sports & Outdoors,Marketplace,2,187.24,False
107125,2025-12-12,2025-12,Home & Garden,Mobile App,3,238.29,False
107126,2025-12-15,2025-12,Beauty,Marketplace,3,62.17,False
107127,2025-12-17,2025-12,Home & Garden,Website,2,141.5,False
107128,2025-12-20,2025-12,Beauty,Marketplace,1,41.71,False
107129,2025-12-10,2025-12,Electronics,Marketplace,1,207.73,False
107130,2025-12-23,2025-12,Apparel,Website,3,180.61,True
107131,2025-12-21,2025-12,Beauty,Website,1,30.55,False
107132,2025-12-06,2025-12,Electronics,Marketplace,1,186.26,False
107133,2025-12-30,2025-12,Beauty,Mobile App,2,91.13,False
107134,2025-12-08,2025-12,Sports & Outdoors,Mobile App,1,78.91,False
107135,2025-12-27,2025-12,Electronics,Mobile App,3,668.02,False
107136,2025-12-05,2025-12,Beauty,Website,2,50.82,True
107137,2025-12-08,2025-12,Electronics,Mobile App,2,262.17,False
107138,2025-12-04,2025-12,Electronics,Website,3,181.9,False
107139,2025-12-29,2025-12,Beauty,Marketplace,2,38.72,False
107140,2025-12-08,2025-12,Home & Garden,Mobile App,1,61.88,False
107141,2025-12-16,2025-12,Electronics,Website,2,308.38,False
107142,2025-12-27,2025-12,Electronics,Marketplace,2,470.72,False
107143,2025-12-15,2025-12,Home & Garden,Website,3,261.72,False
107144,2025-12-05,2025-12,Apparel,Website,2,117.66,False
107145,2025-12-07,2025-12,Apparel,Website,2,39.14,False
107146,2025-12-25,2025-12,Beauty,Website,1,55.94,False
107147,2025-12-10,2025-12,Beauty,Website,3,96.86,False
107148,2025-12-25,2025-12,Apparel,Mobile App,1,21.46,False
107149,2025-12-26,2025-12,Beauty,Website,1,18.82,False
107150,2025-12-24,2025-12,Electronics,Mobile App,2,473.42,False
107151,2025-12-29,2025-12,Sports & Outdoors,Website,2,98.36,False
107152,2025-12-06,2025-12,Apparel,Mobile App,2,100.21,False
107153,2025-12-06,2025-12,Apparel,Mobile App,3,169.65,False
107154,2025-12-11,2025-12,Apparel,Mobile App,2,104.94,False
107155,2025-12-31,2025-12,Home & Garden,Marketplace,3,210.07,False
107156,2025-12-23,2025-12,Home & Garden,Mobile App,3,91.15,False
107157,2025-12-25,2025-12,Beauty,Mobile App,2,64.25,False
107158,2025-12-16,2025-12,Apparel,Website,1,28.86,False
107159,2025-12-28,2025-12,Home & Garden,Marketplace,1,69.38,False
107160,2025-12-26,2025-12,Beauty,Mobile App,3,61.19,False
107161,2025-12-28,2025-12,Apparel,Website,1,34.27,True
107162,2025-12-09,2025-12,Home & Garden,Website,2,185.29,False
107163,2025-12-15,2025-12,Sports & Outdoors,Mobile App,3,243.09,False
107164,2025-12-27,2025-12,Sports & Outdoors,Website,2,111.29,False
107165,2025-12-16,2025-12,Electronics,Mobile App,2,575.89,False
107166,2025-12-27,2025-12,Electronics,Website,2,502.9,False
107167,2025-12-06,2025-12,Apparel,Website,1,25.18,False
107168,2025-12-21,2025-12,Apparel,Website,2,37.63,False
107169,2025-12-29,2025-12,Apparel,Website,3,195.04,False
107170,2025-12-10,2025-12,Sports & Outdoors,Website,3,331.01,False
107171,2025-12-11,2025-12,Electronics,Website,2,173.31,False
107172,2025-12-08,2025-12,Apparel,Mobile App,2,69.47,False
107173,2025-12-15,2025-12,Home & Garden,Website,1,27.95,False
107174,2025-12-16,2025-12,Electronics,Website,1,175.87,False
107175,2025-12-26,2025-12,Electronics,Website,1,214.49,False
107176,2025-12-15,2025-12,Apparel,Marketplace,2,78.09,False
107177,2025-12-26,2025-12,Electronics,Marketplace,3,521.87,False
107178,2025-12-22,2025-12,Electronics,Mobile App,3,627.32,False
107179,2025-12-20,2025-12,Electronics,Website,2,437.68,False
107180,2025-12-12,2025-12,Electronics,Website,1,159.63,False
107181,2025-12-23,2025-12,Sports & Outdoors,Marketplace,2,161.96,False
107182,2025-12-08,2025-12,Electronics,Website,2,507.98,False
107183,2025-12-31,2025-12,Home & Garden,Marketplace,2,117.58,False
107184,2025-12-03,2025-12,Sports & Outdoors,Mobile App,3,289.2,False
107185,2025-12-19,2025-12,Apparel,Website,3,185.51,False
107186,2025-12-11,2025-12,Electronics,Mobile App,1,204.14,False
107187,2025-12-22,2025-12,Apparel,Website,2,150.58,False
107188,2025-12-13,2025-12,Apparel,Website,1,23.66,False
107189,2025-12-12,2025-12,Electronics,Website,2,438.73,False
107190,2025-12-06,2025-12,Electronics,Website,2,286.11,False
107191,2025-12-05,2025-12,Sports & Outdoors,Website,1,122.17,False
107192,2025-12-21,2025-12,Home & Garden,Website,3,237.47,False
107193,2025-12-04,2025-12,Beauty,Mobile App,2,97.15,False
107194,2025-12-21,2025-12,Apparel,Mobile App,2,75.15,False
107195,2025-12-10,2025-12,Home & Garden,Mobile App,1,58.91,False
107196,2025-12-11,2025-12,Home & Garden,Website,2,109.77,False
107197,2025-12-09,2025-12,Sports & Outdoors,Website,2,170.21,False
107198,2025-12-25,2025-12,Beauty,Marketplace,2,64.26,False
107199,2025-12-11,2025-12,Beauty,Mobile App,1,39.15,False
107200,2025-12-19,2025-12,Apparel,Marketplace,1,36.83,False
107201,2025-12-29,2025-12,Sports & Outdoors,Marketplace,3,130.62,False
107202,2025-12-18,2025-12,Sports & Outdoors,Website,1,71.59,True
107203,2025-12-11,2025-12,Beauty,Marketplace,1,34.53,False
107204,2025-12-01,2025-12,Apparel,Mobile App,3,138.8,False
107205,2025-12-31,2025-12,Sports & Outdoors,Website,2,206.64,False
107206,2025-12-12,2025-12,Sports & Outdoors,Website,3,334.07,False
107207,2025-12-18,2025-12,Home & Garden,Website,1,107.82,False
107208,2025-12-06,2025-12,Sports & Outdoors,Marketplace,1,53.24,False
107209,2025-12-27,2025-12,Apparel,Mobile App,3,145.9,False
107210,2025-12-19,2025-12,Beauty,Website,1,42.63,False
107211,2025-12-03,2025-12,Sports & Outdoors,Website,1,88.72,False
107212,2025-12-03,2025-12,Home & Garden,Website,1,63.18,False
107213,2025-12-25,2025-12,Electronics,Website,2,516.35,False
107214,2025-12-26,2025-12,Apparel,Mobile App,1,44.44,False
107215,2025-12-09,2025-12,Sports & Outdoors,Marketplace,3,193.9,False
107216,2025-12-10,2025-12,Electronics,Mobile App,1,81.3,False
107217,2025-12-06,2025-12,Beauty,Website,2,113.76,False
107218,2025-12-12,2025-12,Sports & Outdoors,Website,2,181.06,False
107219,2025-12-24,2025-12,Electronics,Website,3,529.32,False
107220,2025-12-11,2025-12,Electronics,Marketplace,1,225.29,False
107221,2025-12-19,2025-12,Electronics,Website,3,529.58,False
107222,2025-12-13,2025-12,Beauty,Website,1,50.22,False
107223,2025-12-06,2025-12,Home & Garden,Marketplace,3,159.9,False
107224,2025-12-14,2025-12,Home & Garden,Website,3,276.84,False
107225,2025-12-18,2025-12,Beauty,Website,1,28.94,False
107226,2025-12-25,2025-12,Electronics,Mobile App,2,243.84,False
107227,2025-12-10,2025-12,Electronics,Marketplace,1,195.54,False
107228,2025-12-01,2025-12,Electronics,Website,3,747.79,False
107229,2025-12-10,2025-12,Home & Garden,Mobile App,1,65.99,False
107230,2025-12-01,2025-12,Beauty,Marketplace,1,33.78,False
107231,2025-12-13,2025-12,Sports & Outdoors,Mobile App,3,299.39,False
107232,2025-12-08,2025-12,Electronics,Website,3,379.87,False
107233,2025-12-31,2025-12,Apparel,Mobile App,3,185.05,False
107234,2025-12-24,2025-12,Apparel,Mobile App,2,132.89,False
107235,2025-12-07,2025-12,Electronics,Website,3,783.31,False
107236,2025-12-01,2025-12,Sports & Outdoors,Website,1,157.5,False
107237,2025-12-07,2025-12,Home & Garden,Website,3,287.39,False
107238,2025-12-15,2025-12,Beauty,Marketplace,1,28.25,False
107239,2025-12-25,2025-12,Home & Garden,Mobile App,2,114.8,False
107240,2025-12-04,2025-12,Electronics,Mobile App,1,272.6,False
107241,2025-12-29,2025-12,Sports & Outdoors,Mobile App,3,221.99,False
107242,2025-12-28,2025-12,Home & Garden,Marketplace,3,177.31,False
107243,2025-12-16,2025-12,Beauty,Website,3,157.19,False
107244,2025-12-02,2025-12,Sports & Outdoors,Mobile App,2,71.28,False
107245,2025-12-22,2025-12,Electronics,Website,1,90.45,False
107246,2025-12-22,2025-12,Electronics,Marketplace,2,352.17,False
107247,2025-12-06,2025-12,Beauty,Website,2,73.73,False
107248,2025-12-24,2025-12,Apparel,Website,1,49.12,False
107249,2025-12-31,2025-12,Apparel,Website,3,70.81,True
107250,2025-12-31,2025-12,Apparel,Marketplace,3,124.02,False
107251,2025-12-25,2025-12,Electronics,Website,3,472.1,False
107252,2025-12-22,2025-12,Home & Garden,Marketplace,3,288.4,False
107253,2025-12-04,2025-12,Apparel,Marketplace,3,135.19,False
107254,2025-12-17,2025-12,Apparel,Mobile App,2,81.28,False
107255,2025-12-24,2025-12,Sports & Outdoors,Website,2,136.85,False
107256,2025-12-24,2025-12,Apparel,Mobile App,1,52.0,False
107257,2025-12-07,2025-12,Electronics,Website,3,483.86,False
107258,2025-12-27,2025-12,Beauty,Website,2,44.34,False
107259,2025-12-24,2025-12,Electronics,Mobile App,2,331.73,False
107260,2025-12-23,2025-12,Sports & Outdoors,Marketplace,1,41.2,False
107261,2025-12-03,2025-12,Apparel,Website,2,94.01,False
107262,2025-12-14,2025-12,Sports & Outdoors,Website,1,81.07,False
107263,2025-12-26,2025-12,Sports & Outdoors,Website,3,173.41,False
107264,2025-12-30,2025-12,Apparel,Mobile App,1,59.21,False
107265,2025-12-07,2025-12,Sports & Outdoors,Marketplace,1,144.36,False
107266,2025-12-07,2025-12,Sports & Outdoors,Website,3,448.98,False
107267,2025-12-18,2025-12,Electronics,Website,2,377.27,False
107268,2025-12-15,2025-12,Home & Garden,Website,2,125.83,False
107269,2025-12-17,2025-12,Electronics,Marketplace,2,251.15,False
107270,2025-12-03,2025-12,Beauty,Website,2,57.11,False
107271,2025-12-16,2025-12,Home & Garden,Mobile App,1,69.12,False
107272,2025-12-27,2025-12,Home & Garden,Marketplace,1,88.77,False
107273,2025-12-04,2025-12,Beauty,Website,2,32.24,False
107274,2025-12-04,2025-12,Apparel,Website,1,80.52,False
107275,2025-12-14,2025-12,Home & Garden,Website,1,74.49,False
107276,2025-12-21,2025-12,Electronics,Website,2,247.76,False
107277,2025-12-04,2025-12,Electronics,Website,2,520.09,False
107278,2025-12-29,2025-12,Electronics,Marketplace,2,308.42,False
107279,2025-12-08,2025-12,Apparel,Website,2,115.18,False
107280,2025-12-20,2025-12,Electronics,Website,3,599.95,False
107281,2025-12-12,2025-12,Electronics,Website,1,184.15,False
107282,2025-12-13,2025-12,Beauty,Website,2,53.41,False
107283,2025-12-19,2025-12,Electronics,Website,2,547.15,False
107284,2025-12-08,2025-12,Electronics,Website,1,132.54,False
107285,2025-12-19,2025-12,Electronics,Website,2,534.22,False
107286,2025-12-02,2025-12,Beauty,Website,2,60.34,False
107287,2025-12-05,2025-12,Beauty,Website,3,177.32,False
107288,2025-12-29,2025-12,Electronics,Website,3,376.92,False
107289,2025-12-01,2025-12,Apparel,Website,3,161.42,False
107290,2025-12-04,2025-12,Electronics,Website,3,540.15,False
107291,2025-12-29,2025-12,Beauty,Mobile App,3,98.24,False
107292,2025-12-09,2025-12,Sports & Outdoors,Mobile App,3,292.92,False
107293,2025-12-21,2025-12,Apparel,Website,2,57.66,False
107294,2025-12-15,2025-12,Sports & Outdoors,Mobile App,3,191.14,False
107295,2025-12-20,2025-12,Apparel,Mobile App,1,54.93,False
107296,2025-12-14,2025-12,Home & Garden,Mobile App,3,132.98,False
107297,2025-12-02,2025-12,Electronics,Website,3,468.02,False
107298,2025-12-18,2025-12,Electronics,Marketplace,2,496.65,False
107299,2025-12-08,2025-12,Electronics,Website,3,220.11,False
107300,2025-12-22,2025-12,Apparel,Mobile App,1,41.86,False
107301,2025-12-15,2025-12,Apparel,Website,2,107.02,False
107302,2025-12-05,2025-12,Home & Garden,Mobile App,2,135.33,False
107303,2025-12-05,2025-12,Home & Garden,Website,2,231.31,False
107304,2025-12-29,2025-12,Sports & Outdoors,Mobile App,2,214.88,False
107305,2025-12-15,2025-12,Sports & Outdoors,Website,3,278.6,False
107306,2025-12-28,2025-12,Electronics,Marketplace,1,90.76,False
107307,2025-12-29,2025-12,Home & Garden,Website,2,209.35,False
107308,2025-12-26,2025-12,Sports & Outdoors,Website,3,183.77,False
107309,2025-12-30,2025-12,Electronics,Website,1,261.68,False
107310,2025-12-02,2025-12,Apparel,Website,3,125.21,False
107311,2025-12-17,2025-12,Home & Garden,Mobile App,2,174.08,False
107312,2025-12-21,2025-12,Home & Garden,Marketplace,1,52.21,False
107313,2025-12-26,2025-12,Apparel,Mobile App,3,223.36,False
107314,2025-12-14,2025-12,Electronics,Mobile App,2,162.48,False
107315,2025-12-20,2025-12,Home & Garden,Website,3,81.13,False
107316,2025-12-28,2025-12,Beauty,Website,3,120.13,False
107317,2025-12-09,2025-12,Apparel,Mobile App,1,34.71,False
107318,2025-12-03,2025-12,Home & Garden,Mobile App,2,154.47,False
107319,2025-12-31,2025-12,Home & Garden,Website,1,59.53,False
107320,2025-12-05,2025-12,Apparel,Mobile App,1,45.9,False
107321,2025-12-21,2025-12,Beauty,Website,1,45.56,False
107322,2025-12-14,2025-12,Beauty,Website,2,88.9,False
107323,2025-12-18,2025-12,Sports & Outdoors,Mobile App,3,465.18,False
107324,2025-12-20,2025-12,Apparel,Website,3,179.22,False
107325,2025-12-09,2025-12,Beauty,Mobile App,3,121.63,False
107326,2025-12-25,2025-12,Beauty,Mobile App,2,105.41,False
107327,2025-12-27,2025-12,Sports & Outdoors,Website,3,326.19,False
107328,2025-12-30,2025-12,Home & Garden,Website,1,86.79,False
107329,2025-12-13,2025-12,Electronics,Website,2,508.95,False
107330,2025-12-31,2025-12,Sports & Outdoors,Website,2,142.06,False
107331,2025-12-21,2025-12,Sports & Outdoors,Mobile App,3,324.83,False
107332,2025-12-25,2025-12,Home & Garden,Website,2,142.74,False
107333,2025-12-22,2025-12,Apparel,Marketplace,2,103.52,False
107334,2025-12-02,2025-12,Sports & Outdoors,Website,1,57.12,False
107335,2025-12-18,2025-12,Apparel,Mobile App,1,55.05,False
107336,2025-12-15,2025-12,Apparel,Website,3,173.22,True
107337,2025-12-25,2025-12,Apparel,Marketplace,2,59.87,False
107338,2025-12-25,2025-12,Beauty,Website,3,85.68,False
107339,2025-12-24,2025-12,Beauty,Website,3,100.99,False
107340,2025-12-27,2025-12,Home & Garden,Website,2,195.0,False
107341,2025-12-06,2025-12,Apparel,Mobile App,1,52.12,False
107342,2025-12-22,2025-12,Home & Garden,Website,1,98.75,False
107343,2025-12-05,2025-12,Apparel,Website,2,130.06,True
107344,2025-12-24,2025-12,Apparel,Website,3,134.74,False
107345,2025-12-26,2025-12,Apparel,Mobile App,3,130.55,False
107346,2025-12-21,2025-12,Electronics,Website,1,151.77,False
107347,2025-12-22,2025-12,Home & Garden,Mobile App,2,95.66,False
107348,2025-12-01,2025-12,Sports & Outdoors,Website,1,106.5,False
107349,2025-12-25,2025-12,Apparel,Website,3,39.91,False
107350,2025-12-21,2025-12,Home & Garden,Website,3,295.23,False
107351,2025-12-28,2025-12,Home & Garden,Mobile App,2,123.17,True
107352,2025-12-01,2025-12,Electronics,Marketplace,3,556.01,False
107353,2025-12-21,2025-12,Electronics,Website,1,180.06,False
107354,2025-12-19,2025-12,Sports & Outdoors,Mobile App,2,108.1,False
107355,2025-12-29,2025-12,Sports & Outdoors,Mobile App,1,137.51,False
107356,2025-12-15,2025-12,Apparel,Website,1,36.21,False
107357,2025-12-03,2025-12,Apparel,Website,2,81.76,False
107358,2025-12-15,2025-12,Electronics,Website,3,444.1,False
107359,2025-12-09,2025-12,Beauty,Website,1,31.32,False
107360,2025-12-13,2025-12,Home & Garden,Mobile App,2,120.87,False
107361,2025-12-18,2025-12,Electronics,Mobile App,3,750.26,False
107362,2025-12-10,2025-12,Home & Garden,Mobile App,3,287.87,False
107363,2025-12-20,2025-12,Apparel,Website,1,39.29,False
107364,2025-12-26,2025-12,Electronics,Website,3,573.04,False
107365,2025-12-16,2025-12,Sports & Outdoors,Mobile App,2,172.89,False
107366,2025-12-22,2025-12,Electronics,Mobile App,3,648.29,False
107367,2025-12-05,2025-12,Home & Garden,Website,3,317.64,False
107368,2025-12-30,2025-12,Sports & Outdoors,Website,3,181.02,False
107369,2025-12-27,2025-12,Home & Garden,Mobile App,3,113.53,False
107370,2025-12-23,2025-12,Electronics,Mobile App,1,110.18,False
107371,2025-12-15,2025-12,Sports & Outdoors,Website,1,30.07,True
107372,2025-12-06,2025-12,Apparel,Website,1,43.5,False
107373,2025-12-01,2025-12,Beauty,Mobile App,3,154.83,True
107374,2025-12-06,2025-12,Electronics,Website,3,374.33,True
107375,2025-12-31,2025-12,Electronics,Mobile App,1,216.47,False
107376,2025-12-25,2025-12,Home & Garden,Website,1,77.81,False
107377,2025-12-15,2025-12,Apparel,Website,3,145.71,False
107378,2025-12-08,2025-12,Home & Garden,Marketplace,1,55.18,False
107379,2025-12-23,2025-12,Sports & Outdoors,Website,1,64.3,False
107380,2025-12-25,2025-12,Sports & Outdoors,Website,3,346.53,False
107381,2025-12-18,2025-12,Beauty,Marketplace,2,97.88,False
107382,2025-12-11,2025-12,Electronics,Website,2,321.18,False
107383,2025-12-02,2025-12,Apparel,Mobile App,3,177.28,False
107384,2025-12-27,2025-12,Sports & Outdoors,Mobile App,3,279.95,False
107385,2025-12-03,2025-12,Apparel,Website,3,206.42,False
107386,2025-12-11,2025-12,Electronics,Website,2,299.05,False
107387,2025-12-31,2025-12,Home & Garden,Mobile App,1,56.26,False
107388,2025-12-15,2025-12,Home & Garden,Mobile App,3,154.31,False
107389,2025-12-28,2025-12,Electronics,Mobile App,1,138.88,False
107390,2025-12-29,2025-12,Electronics,Website,1,105.93,False
107391,2025-12-02,2025-12,Home & Garden,Website,2,176.8,False
107392,2025-12-29,2025-12,Electronics,Mobile App,2,400.14,False
107393,2025-12-22,2025-12,Sports & Outdoors,Marketplace,1,119.19,False
107394,2025-12-04,2025-12,Apparel,Mobile App,1,42.52,False
107395,2025-12-12,2025-12,Sports & Outdoors,Website,2,186.56,False
107396,2025-12-25,2025-12,Sports & Outdoors,Website,1,61.12,False
107397,2025-12-19,2025-12,Electronics,Marketplace,3,518.46,False
107398,2025-12-03,2025-12,Sports & Outdoors,Website,2,168.44,False
107399,2025-12-03,2025-12,Electronics,Website,2,299.01,False
107400,2025-12-04,2025-12,Beauty,Mobile App,1,38.68,False
107401,2025-12-16,2025-12,Beauty,Website,2,81.06,False
107402,2025-12-03,2025-12,Sports & Outdoors,Mobile App,1,93.17,False
107403,2025-12-13,2025-12,Home & Garden,Website,1,64.96,False
107404,2025-12-30,2025-12,Electronics,Website,2,164.13,False
107405,2025-12-10,2025-12,Beauty,Mobile App,1,49.82,False
107406,2025-12-19,2025-12,Apparel,Website,3,112.05,False
107407,2025-12-08,2025-12,Sports & Outdoors,Mobile App,1,99.99,False
107408,2025-12-28,2025-12,Electronics,Website,2,503.85,False
107409,2025-12-28,2025-12,Home & Garden,Mobile App,3,223.59,False
107410,2025-12-29,2025-12,Home & Garden,Website,3,184.21,False
107411,2025-12-29,2025-12,Sports & Outdoors,Website,3,237.82,False
107412,2025-12-29,2025-12,Home & Garden,Website,2,130.25,False
107413,2025-12-07,2025-12,Home & Garden,Mobile App,2,82.18,False
107414,2025-12-01,2025-12,Apparel,Mobile App,2,83.85,False
107415,2025-12-07,2025-12,Apparel,Mobile App,1,38.38,False
107416,2025-12-31,2025-12,Home & Garden,Website,1,11.1,False
107417,2025-12-03,2025-12,Apparel,Website,1,31.62,False
107418,2025-12-25,2025-12,Apparel,Mobile App,1,57.09,False
107419,2025-12-21,2025-12,Apparel,Marketplace,2,108.27,False
107420,2025-12-26,2025-12,Apparel,Website,2,70.12,False
107421,2025-12-22,2025-12,Electronics,Mobile App,1,137.42,False
107422,2025-12-06,2025-12,Apparel,Mobile App,2,158.37,False
107423,2025-12-14,2025-12,Beauty,Mobile App,3,57.52,False
107424,2025-12-25,2025-12,Electronics,Marketplace,3,640.56,False
107425,2025-12-27,2025-12,Sports & Outdoors,Mobile App,1,62.55,False
107426,2025-12-07,2025-12,Home & Garden,Mobile App,3,304.91,False
107427,2025-12-20,2025-12,Home & Garden,Marketplace,2,146.34,False
107428,2025-12-18,2025-12,Beauty,Website,2,61.14,False
107429,2025-12-04,2025-12,Beauty,Mobile App,2,87.33,False
107430,2025-12-28,2025-12,Sports & Outdoors,Mobile App,2,161.44,False
107431,2025-12-23,2025-12,Electronics,Mobile App,3,615.72,False
107432,2025-12-05,2025-12,Home & Garden,Mobile App,1,104.42,False
107433,2025-12-17,2025-12,Home & Garden,Website,1,74.82,False
107434,2025-12-19,2025-12,Apparel,Website,1,67.12,False
107435,2025-12-01,2025-12,Apparel,Mobile App,2,87.91,False
107436,2025-12-02,2025-12,Sports & Outdoors,Website,3,472.82,False
107437,2025-12-20,2025-12,Beauty,Mobile App,2,83.65,False
107438,2025-12-04,2025-12,Home & Garden,Mobile App,3,71.14,False
107439,2025-12-16,2025-12,Home & Garden,Website,1,110.35,False
107440,2025-12-15,2025-12,Beauty,Website,3,79.38,False
107441,2025-12-10,2025-12,Electronics,Website,3,250.8,False
107442,2025-12-03,2025-12,Apparel,Mobile App,2,39.59,False
107443,2025-12-23,2025-12,Apparel,Mobile App,2,76.29,False
107444,2025-12-07,2025-12,Electronics,Mobile App,3,644.25,False
107445,2025-12-09,2025-12,Electronics,Website,3,464.15,False
107446,2025-12-16,2025-12,Electronics,Mobile App,2,426.07,False
107447,2025-12-04,2025-12,Home & Garden,Mobile App,1,102.9,True
107448,2025-12-06,2025-12,Electronics,Website,3,663.53,False
107449,2025-12-07,2025-12,Beauty,Website,1,20.75,False
107450,2025-12-01,2025-12,Beauty,Mobile App,1,19.07,False
107451,2025-12-20,2025-12,Home & Garden,Mobile App,2,220.68,False
107452,2025-12-21,2025-12,Electronics,Marketplace,3,366.4,True
107453,2025-12-22,2025-12,Sports & Outdoors,Mobile App,1,76.1,False
107454,2025-12-16,2025-12,Apparel,Website,1,62.79,False
107455,2025-12-07,2025-12,Apparel,Website,1,66.22,False
107456,2025-12-14,2025-12,Apparel,Website,2,104.83,False
107457,2025-12-01,2025-12,Home & Garden,Marketplace,2,156.47,False
107458,2025-12-31,2025-12,Home & Garden,Website,3,280.58,False
107459,2025-12-03,2025-12,Apparel,Website,3,184.33,False
107460,2025-12-18,2025-12,Electronics,Marketplace,1,210.61,True
107461,2025-12-21,2025-12,Electronics,Website,2,379.03,False
107462,2025-12-11,2025-12,Beauty,Website,1,10.59,False
107463,2025-12-17,2025-12,Beauty,Website,3,49.14,False
107464,2025-12-22,2025-12,Electronics,Mobile App,1,291.73,False
107465,2025-12-23,2025-12,Sports & Outdoors,Marketplace,3,212.56,False
107466,2025-12-19,2025-12,Electronics,Mobile App,2,167.98,False
107467,2025-12-04,2025-12,Apparel,Website,1,49.79,False
107468,2025-12-24,2025-12,Home & Garden,Mobile App,2,206.35,False
107469,2025-12-28,2025-12,Apparel,Website,2,65.78,False
107470,2025-12-04,2025-12,Apparel,Mobile App,3,108.16,False
107471,2025-12-14,2025-12,Home & Garden,Website,2,158.16,False
107472,2025-12-24,2025-12,Beauty,Website,1,16.51,False
107473,2025-12-22,2025-12,Home & Garden,Marketplace,1,51.28,False
107474,2025-12-31,2025-12,Home & Garden,Mobile App,1,84.19,False
107475,2025-12-29,2025-12,Apparel,Website,1,45.41,False
107476,2025-12-30,2025-12,Beauty,Website,1,12.43,False
107477,2025-12-08,2025-12,Electronics,Website,3,189.28,False
107478,2025-12-03,2025-12,Sports & Outdoors,Mobile App,2,132.26,False
107479,2025-12-12,2025-12,Apparel,Website,2,173.53,False
107480,2025-12-27,2025-12,Sports & Outdoors,Website,2,230.7,False
107481,2025-12-23,2025-12,Apparel,Website,3,153.82,False
107482,2025-12-19,2025-12,Home & Garden,Website,1,95.59,False
107483,2025-12-20,2025-12,Home & Garden,Website,3,121.35,False
107484,2025-12-31,2025-12,Apparel,Website,3,120.74,False
107485,2025-12-13,2025-12,Sports & Outdoors,Website,3,102.13,False
107486,2025-12-15,2025-12,Sports & Outdoors,Website,2,111.66,False
107487,2025-12-25,2025-12,Electronics,Website,3,366.95,False
107488,2025-12-16,2025-12,Apparel,Mobile App,1,41.48,False
107489,2025-12-15,2025-12,Apparel,Website,3,155.42,False
107490,2025-12-14,2025-12,Apparel,Website,1,48.5,False
107491,2025-12-02,2025-12,Home & Garden,Website,3,268.54,False
107492,2025-12-02,2025-12,Electronics,Website,2,310.79,False
107493,2025-12-26,2025-12,Sports & Outdoors,Website,3,386.68,False
107494,2025-12-13,2025-12,Sports & Outdoors,Website,3,309.73,False
107495,2025-12-22,2025-12,Beauty,Mobile App,1,34.92,False
107496,2025-12-21,2025-12,Apparel,Mobile App,3,222.14,False
107497,2025-12-15,2025-12,Electronics,Website,3,673.26,False
107498,2025-12-04,2025-12,Beauty,Website,3,54.51,False
107499,2025-12-31,2025-12,Beauty,Website,1,33.87,False
107500,2025-12-22,2025-12,Beauty,Website,2,68.28,False
107501,2025-12-24,2025-12,Beauty,Mobile App,2,63.99,False
107502,2025-12-05,2025-12,Beauty,Website,2,77.82,False
107503,2025-12-25,2025-12,Electronics,Website,2,402.51,False
107504,2025-12-16,2025-12,Home & Garden,Website,2,185.59,False
107505,2025-12-01,2025-12,Apparel,Marketplace,2,78.76,False
107506,2025-12-16,2025-12,Sports & Outdoors,Mobile App,1,82.04,False
107507,2025-12-18,2025-12,Home & Garden,Website,3,233.69,False
107508,2025-12-28,2025-12,Beauty,Marketplace,1,49.98,False
107509,2025-12-21,2025-12,Sports & Outdoors,Mobile App,1,101.6,True
107510,2025-12-28,2025-12,Home & Garden,Website,1,112.52,False
107511,2025-12-14,2025-12,Home & Garden,Mobile App,3,258.44,False
107512,2025-12-22,2025-12,Electronics,Mobile App,2,438.29,False
107513,2025-12-18,2025-12,Home & Garden,Mobile App,3,220.89,False
107514,2025-12-19,2025-12,Electronics,Website,2,248.47,False
107515,2025-12-14,2025-12,Beauty,Mobile App,3,110.0,False
107516,2025-12-11,2025-12,Home & Garden,Website,2,203.68,False
107517,2025-12-01,2025-12,Beauty,Mobile App,3,91.67,False
107518,2025-12-18,2025-12,Sports & Outdoors,Website,1,16.96,False
107519,2025-12-13,2025-12,Electronics,Mobile App,2,172.63,True
107520,2025-12-21,2025-12,Sports & Outdoors,Website,1,102.97,False
107521,2025-12-04,2025-12,Apparel,Mobile App,3,136.49,False
107522,2025-12-25,2025-12,Sports & Outdoors,Website,1,76.28,False
107523,2025-12-23,2025-12,Home & Garden,Website,3,225.1,False
107524,2025-12-14,2025-12,Home & Garden,Mobile App,1,86.17,False
107525,2025-12-28,2025-12,Apparel,Website,3,62.6,False
107526,2025-12-15,2025-12,Home & Garden,Marketplace,2,164.22,False
107527,2025-12-13,2025-12,Beauty,Marketplace,3,85.51,False
107528,2025-12-10,2025-12,Electronics,Mobile App,2,259.89,True
107529,2025-12-03,2025-12,Apparel,Website,3,210.28,False
107530,2025-12-07,2025-12,Sports & Outdoors,Website,2,182.94,False
107531,2025-12-09,2025-12,Electronics,Marketplace,2,338.63,False
107532,2025-12-28,2025-12,Beauty,Mobile App,3,114.05,False
107533,2025-12-05,2025-12,Apparel,Website,2,32.25,False
107534,2025-12-05,2025-12,Apparel,Mobile App,1,31.1,False
107535,2025-12-25,2025-12,Apparel,Mobile App,3,189.99,False
107536,2025-12-07,2025-12,Electronics,Website,1,135.34,False
107537,2025-12-11,2025-12,Home & Garden,Mobile App,3,243.69,False
107538,2025-12-08,2025-12,Electronics,Marketplace,2,413.67,False
107539,2025-12-19,2025-12,Apparel,Mobile App,3,87.67,False
107540,2025-12-11,2025-12,Beauty,Website,1,24.14,False
107541,2025-12-24,2025-12,Apparel,Marketplace,1,35.57,False
107542,2025-12-03,2025-12,Sports & Outdoors,Website,1,77.32,False
107543,2025-12-05,2025-12,Apparel,Website,3,156.73,False
107544,2025-12-12,2025-12,Home & Garden,Website,1,50.75,False
107545,2025-12-31,2025-12,Beauty,Website,3,187.28,False
107546,2025-12-02,2025-12,Beauty,Website,2,74.52,False
107547,2025-12-06,2025-12,Apparel,Website,1,21.91,False
107548,2025-12-18,2025-12,Apparel,Website,3,120.61,False
107549,2025-12-01,2025-12,Apparel,Marketplace,1,39.35,True
107550,2025-12-19,2025-12,Electronics,Mobile App,3,765.69,True
107551,2025-12-25,2025-12,Apparel,Website,3,142.86,False
107552,2025-12-08,2025-12,Apparel,Website,1,33.22,False
107553,2025-12-04,2025-12,Sports & Outdoors,Mobile App,1,110.58,False
107554,2025-12-13,2025-12,Home & Garden,Mobile App,1,74.39,False
107555,2025-12-23,2025-12,Electronics,Website,3,489.81,True
107556,2025-12-11,2025-12,Sports & Outdoors,Mobile App,1,152.11,False
107557,2025-12-11,2025-12,Sports & Outdoors,Mobile App,1,74.52,False
107558,2025-12-19,2025-12,Sports & Outdoors,Website,2,19.49,False
107559,2025-12-27,2025-12,Apparel,Website,2,91.43,False
107560,2025-12-12,2025-12,Electronics,Website,2,291.01,True
107561,2025-12-20,2025-12,Apparel,Marketplace,1,36.8,False
107562,2025-12-25,2025-12,Electronics,Marketplace,1,112.98,False
107563,2025-12-07,2025-12,Apparel,Website,2,113.28,False
107564,2025-12-09,2025-12,Apparel,Mobile App,1,30.88,False
107565,2025-12-02,2025-12,Beauty,Marketplace,3,103.62,False
107566,2025-12-28,2025-12,Home & Garden,Mobile App,3,233.75,False
107567,2025-12-23,2025-12,Sports & Outdoors,Website,3,393.38,False
107568,2025-12-27,2025-12,Home & Garden,Mobile App,3,303.84,False
107569,2025-12-16,2025-12,Electronics,Mobile App,1,131.18,False
107570,2025-12-14,2025-12,Beauty,Marketplace,2,68.63,False
107571,2025-12-10,2025-12,Home & Garden,Website,2,128.76,False
107572,2025-12-16,2025-12,Beauty,Website,1,25.59,False
107573,2025-12-21,2025-12,Sports & Outdoors,Marketplace,2,168.0,False
107574,2025-12-26,2025-12,Beauty,Mobile App,2,80.79,False
107575,2025-12-06,2025-12,Beauty,Mobile App,1,31.1,False
107576,2025-12-17,2025-12,Apparel,Mobile App,3,194.49,False
107577,2025-12-07,2025-12,Apparel,Mobile App,1,48.44,False
107578,2025-12-06,2025-12,Beauty,Website,3,155.46,False
107579,2025-12-23,2025-12,Electronics,Mobile App,3,441.26,False
107580,2025-12-05,2025-12,Home & Garden,Mobile App,2,191.22,False
107581,2025-12-10,2025-12,Sports & Outdoors,Mobile App,1,81.66,False
107582,2025-12-16,2025-12,Beauty,Website,3,72.83,False
107583,2025-12-25,2025-12,Beauty,Website,3,87.24,False
107584,2025-12-16,2025-12,Electronics,Mobile App,3,398.0,False
107585,2025-12-12,2025-12,Beauty,Website,3,139.24,False
107586,2025-12-08,2025-12,Sports & Outdoors,Website,1,76.29,False
107587,2025-12-04,2025-12,Electronics,Mobile App,1,255.22,False
107588,2025-12-04,2025-12,Sports & Outdoors,Mobile App,2,114.78,False
107589,2025-12-18,2025-12,Electronics,Website,2,594.99,False
107590,2025-12-13,2025-12,Apparel,Website,3,151.08,False
107591,2025-12-10,2025-12,Beauty,Mobile App,2,69.09,False
107592,2025-12-25,2025-12,Electronics,Marketplace,3,323.75,False
107593,2025-12-24,2025-12,Sports & Outdoors,Website,1,85.6,False
107594,2025-12-02,2025-12,Apparel,Website,3,85.97,False
107595,2025-12-13,2025-12,Apparel,Website,2,98.66,False
107596,2025-12-05,2025-12,Apparel,Mobile App,2,39.13,False
107597,2025-12-12,2025-12,Home & Garden,Website,1,68.12,False
107598,2025-12-13,2025-12,Beauty,Website,3,92.69,False
107599,2025-12-14,2025-12,Electronics,Mobile App,2,221.12,False
107600,2025-12-18,2025-12,Beauty,Mobile App,3,106.29,False
107601,2025-12-27,2025-12,Apparel,Mobile App,1,32.23,False
107602,2025-12-04,2025-12,Home & Garden,Website,3,120.15,False
107603,2025-12-10,2025-12,Apparel,Website,3,176.0,False
107604,2025-12-18,2025-12,Apparel,Website,1,26.9,False
107605,2025-12-30,2025-12,Sports & Outdoors,Website,1,119.34,True
107606,2025-12-17,2025-12,Home & Garden,Mobile App,3,363.64,False
107607,2025-12-16,2025-12,Sports & Outdoors,Mobile App,3,282.11,False
107608,2025-12-30,2025-12,Apparel,Website,2,91.24,False
107609,2025-12-19,2025-12,Apparel,Mobile App,3,89.34,False
107610,2025-12-15,2025-12,Apparel,Website,1,64.67,False
107611,2025-12-23,2025-12,Sports & Outdoors,Mobile App,2,174.47,False
107612,2025-12-23,2025-12,Home & Garden,Mobile App,2,268.42,False
107613,2025-12-20,2025-12,Apparel,Mobile App,2,106.94,False
107614,2025-12-09,2025-12,Home & Garden,Marketplace,1,137.0,False
107615,2025-12-12,2025-12,Beauty,Website,1,13.53,False
107616,2025-12-18,2025-12,Apparel,Website,1,34.26,False
107617,2025-12-31,2025-12,Sports & Outdoors,Website,1,51.51,False
107618,2025-12-30,2025-12,Electronics,Website,3,482.08,False
107619,2025-12-08,2025-12,Electronics,Website,2,615.52,False
107620,2025-12-31,2025-12,Apparel,Mobile App,3,158.13,False
107621,2025-12-02,2025-12,Home & Garden,Mobile App,2,132.35,False
107622,2025-12-25,2025-12,Sports & Outdoors,Website,3,245.55,False
107623,2025-12-13,2025-12,Beauty,Website,1,29.26,False
107624,2025-12-20,2025-12,Home & Garden,Website,3,223.1,False
107625,2025-12-06,2025-12,Home & Garden,Mobile App,3,161.73,False
107626,2025-12-10,2025-12,Sports & Outdoors,Mobile App,1,36.27,False
107627,2025-12-31,2025-12,Electronics,Website,1,65.88,True
107628,2025-12-25,2025-12,Home & Garden,Mobile App,3,43.59,False
107629,2025-12-15,2025-12,Electronics,Marketplace,2,275.66,False
107630,2025-12-25,2025-12,Home & Garden,Website,3,111.84,False
107631,2025-12-02,2025-12,Beauty,Mobile App,3,97.6,False
107632,2025-12-30,2025-12,Electronics,Mobile App,2,415.54,True
107633,2025-12-10,2025-12,Apparel,Mobile App,2,85.26,False
107634,2025-12-07,2025-12,Home & Garden,Mobile App,3,202.04,False
107635,2025-12-26,2025-12,Electronics,Website,2,404.24,False
107636,2025-12-20,2025-12,Home & Garden,Website,3,206.18,False
107637,2025-12-30,2025-12,Home & Garden,Website,3,377.22,False
107638,2025-12-02,2025-12,Home & Garden,Website,3,166.45,False
107639,2025-12-16,2025-12,Home & Garden,Website,1,69.77,False
107640,2025-12-20,2025-12,Home & Garden,Mobile App,1,43.97,False
107641,2025-12-17,2025-12,Apparel,Mobile App,2,97.53,False
107642,2025-12-13,2025-12,Beauty,Mobile App,1,19.17,False
107643,2025-12-18,2025-12,Sports & Outdoors,Mobile App,2,181.18,False
107644,2025-12-13,2025-12,Apparel,Website,2,68.9,False
107645,2025-12-31,2025-12,Beauty,Website,2,39.81,False
107646,2025-12-09,2025-12,Beauty,Mobile App,1,40.48,False
107647,2025-12-18,2025-12,Electronics,Website,1,204.82,False
107648,2025-12-04,2025-12,Beauty,Website,3,88.65,False
107649,2025-12-08,2025-12,Beauty,Website,3,52.51,False
107650,2025-12-05,2025-12,Home & Garden,Website,1,95.92,False
107651,2025-12-11,2025-12,Electronics,Website,1,122.32,False
107652,2025-12-31,2025-12,Apparel,Marketplace,1,60.22,False
107653,2025-12-22,2025-12,Apparel,Marketplace,2,46.05,False
107654,2025-12-19,2025-12,Home & Garden,Website,3,120.02,False
107655,2025-12-03,2025-12,Apparel,Mobile App,1,75.11,False
107656,2025-12-07,2025-12,Electronics,Website,2,598.12,False
107657,2025-12-18,2025-12,Electronics,Website,3,451.91,False
107658,2025-12-30,2025-12,Apparel,Website,1,54.33,False
107659,2025-12-26,2025-12,Home & Garden,Marketplace,1,77.52,False
107660,2025-12-23,2025-12,Apparel,Website,2,182.01,False
107661,2025-12-31,2025-12,Electronics,Website,2,523.6,False
107662,2025-12-11,2025-12,Apparel,Website,2,145.27,False
107663,2025-12-21,2025-12,Beauty,Mobile App,3,159.53,False
107664,2025-12-03,2025-12,Apparel,Mobile App,1,38.71,False
107665,2025-12-31,2025-12,Apparel,Mobile App,2,67.85,False
107666,2025-12-06,2025-12,Electronics,Website,1,274.17,False
107667,2025-12-30,2025-12,Apparel,Marketplace,3,61.59,False
107668,2025-12-15,2025-12,Beauty,Mobile App,1,27.04,False
107669,2025-12-26,2025-12,Sports & Outdoors,Mobile App,3,279.55,False
107670,2025-12-13,2025-12,Beauty,Website,2,76.5,False
107671,2025-12-12,2025-12,Beauty,Marketplace,3,85.84,False
107672,2025-12-25,2025-12,Sports & Outdoors,Website,3,151.23,False
107673,2025-12-27,2025-12,Apparel,Website,1,67.53,False
107674,2025-12-15,2025-12,Home & Garden,Website,3,182.96,False
107675,2025-12-13,2025-12,Sports & Outdoors,Mobile App,3,309.95,False
107676,2025-12-03,2025-12,Home & Garden,Mobile App,2,216.91,False
107677,2025-12-11,2025-12,Electronics,Website,1,113.58,False
107678,2025-12-08,2025-12,Electronics,Marketplace,3,584.75,False
107679,2025-12-18,2025-12,Sports & Outdoors,Mobile App,1,79.77,False
107680,2025-12-20,2025-12,Home & Garden,Website,1,26.56,False
107681,2025-12-18,2025-12,Apparel,Mobile App,2,75.18,False
107682,2025-12-07,2025-12,Beauty,Website,3,158.57,False
107683,2025-12-28,2025-12,Sports & Outdoors,Website,3,24.0,False
107684,2025-12-13,2025-12,Electronics,Website,3,626.97,False
107685,2025-12-05,2025-12,Sports & Outdoors,Website,3,296.38,False
107686,2025-12-03,2025-12,Apparel,Website,2,128.48,False
107687,2025-12-19,2025-12,Apparel,Website,3,195.06,False
107688,2025-12-01,2025-12,Apparel,Website,3,94.85,False
107689,2025-12-18,2025-12,Beauty,Website,2,45.44,False
107690,2025-12-25,2025-12,Apparel,Website,3,69.97,False
107691,2025-12-23,2025-12,Apparel,Mobile App,3,85.79,False
107692,2025-12-18,2025-12,Sports & Outdoors,Website,1,68.22,True
107693,2025-12-07,2025-12,Electronics,Website,1,126.72,False
107694,2025-12-09,2025-12,Sports & Outdoors,Mobile App,3,174.82,False
107695,2025-12-10,2025-12,Electronics,Mobile App,1,147.7,False
107696,2025-12-19,2025-12,Electronics,Website,3,725.53,False
107697,2025-12-12,2025-12,Apparel,Marketplace,3,164.09,False
107698,2025-12-10,2025-12,Apparel,Mobile App,3,117.79,False
107699,2025-12-04,2025-12,Apparel,Mobile App,2,56.91,False
107700,2025-12-31,2025-12,Sports & Outdoors,Website,3,219.66,False
107701,2025-12-24,2025-12,Sports & Outdoors,Marketplace,3,275.57,False
107702,2025-12-17,2025-12,Home & Garden,Website,1,80.61,False
107703,2025-12-28,2025-12,Home & Garden,Website,3,287.4,False
107704,2025-12-24,2025-12,Electronics,Website,1,122.46,False
107705,2025-12-05,2025-12,Electronics,Website,1,207.0,False
107706,2025-12-01,2025-12,Apparel,Website,1,64.57,False
107707,2025-12-24,2025-12,Beauty,Marketplace,3,112.41,False
107708,2025-12-12,2025-12,Electronics,Mobile App,1,74.22,False
107709,2025-12-21,2025-12,Electronics,Marketplace,3,212.72,False
107710,2025-12-01,2025-12,Electronics,Website,1,174.12,False
107711,2025-12-17,2025-12,Apparel,Mobile App,1,44.35,False
107712,2025-12-19,2025-12,Apparel,Website,1,61.77,False
107713,2025-12-24,2025-12,Electronics,Mobile App,1,125.41,False
107714,2025-12-27,2025-12,Home & Garden,Website,1,108.41,True
107715,2025-12-31,2025-12,Sports & Outdoors,Website,2,173.03,False
107716,2025-12-12,2025-12,Apparel,Mobile App,1,41.92,False
107717,2025-12-10,2025-12,Beauty,Mobile App,3,77.77,True
107718,2025-12-07,2025-12,Sports & Outdoors,Mobile App,2,172.03,False
107719,2025-12-11,2025-12,Apparel,Website,1,60.24,False
107720,2025-12-22,2025-12,Beauty,Marketplace,1,8.0,False
107721,2025-12-03,2025-12,Apparel,Website,3,64.49,False
107722,2025-12-28,2025-12,Sports & Outdoors,Marketplace,1,73.74,False
107723,2025-12-04,2025-12,Sports & Outdoors,Website,3,362.59,False
107724,2025-12-01,2025-12,Electronics,Marketplace,2,231.97,False
107725,2025-12-10,2025-12,Home & Garden,Website,2,184.42,False
107726,2025-12-16,2025-12,Sports & Outdoors,Website,3,408.41,False
107727,2025-12-30,2025-12,Beauty,Mobile App,2,64.34,False
107728,2025-12-08,2025-12,Sports & Outdoors,Website,1,118.84,False
107729,2025-12-28,2025-12,Apparel,Mobile App,2,61.53,False
107730,2025-12-17,2025-12,Apparel,Marketplace,3,24.0,False
107731,2025-12-12,2025-12,Beauty,Website,1,31.06,True
107732,2025-12-21,2025-12,Apparel,Marketplace,2,70.54,False
107733,2025-12-23,2025-12,Home & Garden,Website,2,126.18,False
107734,2025-12-14,2025-12,Electronics,Website,1,168.44,False
107735,2025-12-06,2025-12,Electronics,Website,2,208.86,False
107736,2025-12-11,2025-12,Electronics,Mobile App,3,561.04,False
107737,2025-12-05,2025-12,Apparel,Website,1,44.79,False
107738,2025-12-15,2025-12,Apparel,Marketplace,3,137.35,False
107739,2025-12-11,2025-12,Electronics,Website,1,134.21,False
107740,2025-12-06,2025-12,Sports & Outdoors,Website,1,136.56,False
107741,2025-12-09,2025-12,Apparel,Mobile App,3,126.85,False
107742,2025-12-03,2025-12,Apparel,Marketplace,1,63.39,True
107743,2025-12-21,2025-12,Sports & Outdoors,Website,3,260.89,False
107744,2025-12-04,2025-12,Electronics,Website,3,404.55,False
107745,2025-12-10,2025-12,Sports & Outdoors,Mobile App,2,223.71,False
107746,2025-12-04,2025-12,Home & Garden,Website,2,213.37,False
107747,2025-12-06,2025-12,Electronics,Website,2,195.56,False
107748,2025-12-22,2025-12,Apparel,Website,2,73.51,False
107749,2025-12-21,2025-12,Home & Garden,Website,2,202.32,False
107750,2025-12-26,2025-12,Apparel,Website,2,71.9,False
107751,2025-12-19,2025-12,Home & Garden,Mobile App,3,107.02,False
107752,2025-12-26,2025-12,Home & Garden,Website,2,201.44,False
107753,2025-12-29,2025-12,Sports & Outdoors,Mobile App,1,64.24,False
107754,2025-12-22,2025-12,Sports & Outdoors,Website,3,188.62,False
107755,2025-12-25,2025-12,Home & Garden,Website,1,55.13,False
107756,2025-12-03,2025-12,Home & Garden,Website,1,53.98,False
107757,2025-12-19,2025-12,Electronics,Website,2,248.82,False
107758,2025-12-04,2025-12,Apparel,Mobile App,1,49.54,False
107759,2025-12-30,2025-12,Home & Garden,Website,2,91.44,False
107760,2025-12-31,2025-12,Beauty,Marketplace,2,71.8,False
107761,2025-12-30,2025-12,Beauty,Website,3,219.48,False
107762,2025-12-21,2025-12,Electronics,Website,3,676.82,False
107763,2025-12-09,2025-12,Home & Garden,Marketplace,1,42.88,False
107764,2025-12-07,2025-12,Electronics,Website,1,110.15,False
107765,2025-12-15,2025-12,Home & Garden,Marketplace,3,286.35,False
107766,2025-12-18,2025-12,Beauty,Mobile App,1,25.19,False
107767,2025-12-20,2025-12,Apparel,Mobile App,2,132.35,False
